rank,appId,title,url,releaseDate,priceText,finalPriceCents,discountPercent,reviewSummary,reviewPercent,reviewCount,platforms,imageUrl,scrapedAt,currentPlayers,developer,publisher,genres,categories,recommendationsTotal,metacriticScore,shortDescription,isFree,type,demandScore,qualityScore,commercialScore,momentumScore,opportunityScore,marketPosition,opportunityType,pricingPosition,audienceSignal,monetizationSignal,competitiveSignal,intelligenceTags,riskFlags,insightSummary,recommendedAction
1,730,Counter-Strike 2,https://store.steampowered.com/app/730/CounterStrike_2/,"Aug 21, 2012",Free,1499,,Very Positive,86.0,2547500.0,"['windows', 'linux']",https://shared.fastly.steamstatic.com/store_item_assets/steam/apps/730/942c04efaa5bc87afb6f2a97dbf17ac614c8a84d/capsule_231x87.jpg?t=1780435263,2026-06-03T01:57:12.683Z,584549.0,Valve,Valve,"['Action', 'Free To Play']","['Multi-player', 'Cross-Platform Multiplayer', 'Steam Trading Cards', 'Steam Workshop', 'In-App Purchases', 'Adjustable Text Size', 'Camera Comfort', 'Color Alternatives', 'Custom Volume Controls', 'Playable without Timed Input', 'Stereo Sound', 'Surround Sound', 'Valve Anti-Cheat enabled', 'Stats', 'Remote Play on Phone', 'Remote Play on Tablet', 'Remote Play on TV', 'Steam Timeline']",5108960.0,,"For over two decades, Counter-Strike has offered an elite competitive experience, one shaped by millions of players from across the globe. And now the next chapter in the CS story is about to begin. This is Counter-Strike 2.",True,game,100,96,88,90,95,Breakout leader,Benchmark competitor,Free-to-play,Community / multiplayer audience,Base game plus in-app purchases,Strong incumbent - study positioning and retention loops,"['tier-1-opportunity', 'high-demand', 'loved-by-players', 'massive-live-audience', 'healthy-community', 'free-to-play', 'iap-monetized', 'social-retention-loop']",[],"Counter-Strike 2 is a breakout leader, opportunity score 95/100, 86% positive from 2,547,500 reviews, 584,549 current players.","Use as a benchmark for capsule, pricing, tags, update cadence, and review themes."
2,2483190,Forza Horizon 6,https://store.steampowered.com/app/2483190/Forza_Horizon_6/,"May 18, 2026",$69.99,6999,0.0,Very Positive,86.0,28514.0,['windows'],https://shared.fastly.steamstatic.com/store_item_assets/steam/apps/2483190/d0d73e4ff499d6cd6fb06f7af898414179997125/capsule_231x87.jpg?t=1779912021,2026-06-03T01:57:12.683Z,115727.0,Playground Games,Xbox Game Studios,"['Racing', 'Simulation', 'Sports']","['Single-player', 'Multi-player', 'PvP', 'Online PvP', 'Co-op', 'Online Co-op', 'Steam Achievements', 'Full controller support', 'Steam Trading Cards', 'Chat Text-to-speech', 'Color Alternatives', 'Custom Volume Controls', 'Adjustable Difficulty', 'Keyboard Only Option', 'Playable without Timed Input', 'Stereo Sound', 'Surround Sound', 'HDR available', 'Family Sharing']",59117.0,,Discover the breathtaking landscapes of Japan in over 550 real-world cars and become a racing Legend in Forza Horizon's biggest open world driving adventure yet.,False,game,99,95,48,100,88,Breakout leader,Benchmark competitor,High-ticket,Community / multiplayer audience,Paid upfront,Strong incumbent - study positioning and retention loops,"['tier-1-opportunity', 'high-demand', 'loved-by-players', 'massive-live-audience', 'healthy-community', 'social-retention-loop', 'fresh-release']",[],"Forza Horizon 6 is a breakout leader, opportunity score 88/100, 86% positive from 28,514 reviews, 115,727 current players.","Use as a benchmark for capsule, pricing, tags, update cadence, and review themes."
3,359550,Tom Clancy's Rainbow Six Siege,https://store.steampowered.com/app/359550/Tom_Clancys_Rainbow_Six_Siege/,"Dec 1, 2015",Free,999,,Very Positive,82.0,784204.0,['windows'],https://shared.fastly.steamstatic.com/store_item_assets/steam/apps/359550/132c9c4fc6ebfa76f758aaced1644f91d0e10795/capsule_231x87_alt_assets_23.jpg?t=1780434375,2026-06-03T01:57:12.683Z,113428.0,Ubisoft Montreal,Ubisoft,"['Action', 'Free To Play']","['Single-player', 'Multi-player', 'PvP', 'Online PvP', 'Co-op', 'Online Co-op', 'Full controller support', 'Steam Trading Cards', 'In-App Purchases', 'Remote Play on Phone', 'Remote Play on Tablet']",1242771.0,,"Tom Clancy's Rainbow Six Siege is an elite, tactical team-based shooter where superior planning and execution triumph.",True,game,100,92,93,90,95,Breakout leader,Benchmark competitor,Free-to-play,Community / multiplayer audience,Base game plus in-app purchases,Strong incumbent - study positioning and retention loops,"['tier-1-opportunity', 'high-demand', 'loved-by-players', 'massive-live-audience', 'free-to-play', 'iap-monetized', 'social-retention-loop']",[],"Tom Clancy's Rainbow Six Siege is a breakout leader, opportunity score 95/100, 82% positive from 784,204 reviews, 113,428 current players.","Use as a benchmark for capsule, pricing, tags, update cadence, and review themes."
4,1675200,Steam Deck,https://store.steampowered.com/app/1675200/Steam_Deck/,"Jan 17, 2025",$789.00,39900,0.0,,,,"['windows', 'mac', 'linux']",https://shared.fastly.steamstatic.com/store_item_assets/steam/apps/1675200/capsule_231x87.jpg?t=1763066602,2026-06-03T01:57:12.683Z,0.0,,,[],[],,,"Your games, everywhere Powerful, portable PC gaming, designed for comfort and a console-like user experience",False,hardware,45,35,40,70,47,Non-game / accessory listing,Catalog monitoring,High-ticket,General Steam audience,Paid upfront,Comparable baseline,['non-game-hardware'],"['review-data-missing-or-not-yet-established', 'not-a-standard-game']","Steam Deck is a non-game / accessory listing, opportunity score 47/100.","Keep for catalog awareness, but exclude from game competitor benchmarks."
5,2694490,Path of Exile 2,https://store.steampowered.com/app/2694490/Path_of_Exile_2/,"Dec 6, 2024",$14.99,1499,50.0,Mostly Positive,76.0,91422.0,['windows'],https://shared.fastly.steamstatic.com/store_item_assets/steam/apps/2694490/bae62b5ac9eeb900458e3f6c089bf5df3eb923c9/capsule_231x87.jpg?t=1780348251,2026-06-03T01:57:12.683Z,205197.0,Grinding Gear Games,Grinding Gear Games,"['Action', 'Adventure', 'Massively Multiplayer', 'RPG', 'Early Access']","['Single-player', 'Multi-player', 'MMO', 'Co-op', 'Online Co-op', 'Full controller support', 'HDR available']",156733.0,,"Path of Exile 2 is a next generation Action RPG from Grinding Gear Games, featuring co-op for up to six players. Set years after the original Path of Exile, you will return to the dark world of Wraeclast and seek to end the corruption that is spreading.",False,game,100,86,83,90,91,Breakout leader,Benchmark competitor,Promotional discount,Community / multiplayer audience,Discount-driven sales,Strong incumbent - study positioning and retention loops,"['tier-1-opportunity', 'high-demand', 'loved-by-players', 'aggressive-discounting', 'massive-live-audience', 'social-retention-loop']",[],"Path of Exile 2 is a breakout leader, opportunity score 91/100, 76% positive from 91,422 reviews, 205,197 current players, 50% discount.","Use as a benchmark for capsule, pricing, tags, update cadence, and review themes."
6,3768760,007 First Light,https://store.steampowered.com/app/3768760/007_First_Light/,"May 26, 2026",$69.99,6999,0.0,Very Positive,91.0,9301.0,['windows'],https://shared.fastly.steamstatic.com/store_item_assets/steam/apps/3768760/244e00f17e6d0b5d1e88320dfbb5a12b483be700/capsule_231x87.jpg?t=1780344100,2026-06-03T01:57:12.683Z,25302.0,IO Interactive A/S,IO Interactive A/S,"['Action', 'Adventure']","['Single-player', 'Steam Achievements', 'Full controller support', 'Camera Comfort', 'Custom Volume Controls', 'Adjustable Difficulty', 'Subtitle Options', 'Steam Cloud', 'Family Sharing']",16408.0,86.0,"Earn the Number. 007 First Light is a thrilling espionage action-adventure game from IO Interactive. Follow James Bond as a young, resourceful and sometimes reckless recruit in MI6's training programme, and discover an origin story of the world’s most famous spy.",False,game,93,98,40,92,83,Standard competitor,Baseline market data,High-ticket,Solo / narrative audience,Paid upfront,Strong incumbent - study positioning and retention loops,"['high-demand', 'loved-by-players', 'healthy-community', 'fresh-release']",[],"007 First Light is a standard competitor, opportunity score 83/100, 91% positive from 9,301 reviews, 25,302 current players.",Use as baseline competitor data; enrich with reviews for deeper sentiment intelligence.
7,1118520,Paralives,https://store.steampowered.com/app/1118520/Paralives/,"May 25, 2026",$39.99,3999,0.0,Very Positive,91.0,8889.0,"['windows', 'mac']",https://shared.fastly.steamstatic.com/store_item_assets/steam/apps/1118520/13d15d732cf142a4546bf749ef587e5e6e6acd64/capsule_231x87.jpg?t=1779721278,2026-06-03T01:57:12.683Z,20910.0,Alex Massé and team,Paralives Studio,"['Simulation', 'Early Access']","['Single-player', 'Steam Workshop', 'Adjustable Text Size', 'Camera Comfort', 'Custom Volume Controls', 'Adjustable Difficulty', 'Mouse Only Option', 'Playable without Timed Input', 'Save Anytime', 'Stereo Sound', 'Family Sharing']",12413.0,,"Paralives is a life simulation game about building homes, lives and bonds. Through both hardship and success, where will your story take you?",False,game,92,99,50,92,85,Breakout leader,Benchmark competitor,Premium,Solo / narrative audience,Paid upfront,Strong incumbent - study positioning and retention loops,"['tier-1-opportunity', 'high-demand', 'loved-by-players', 'healthy-community', 'fresh-release']",[],"Paralives is a breakout leader, opportunity score 85/100, 91% positive from 8,889 reviews, 20,910 current players.","Use as a benchmark for capsule, pricing, tags, update cadence, and review themes."
8,1172470,Apex Legends™,https://store.steampowered.com/app/1172470/Apex_Legends/,"Nov 4, 2020",Free,0,,Mostly Positive,76.0,443328.0,['windows'],https://shared.fastly.steamstatic.com/store_item_assets/steam/apps/1172470/b622efa206400324df2ab812786578dda4cc3537/capsule_231x87.jpg?t=1778502442,2026-06-03T01:57:12.683Z,77410.0,Respawn,Electronic Arts,"['Action', 'Adventure', 'Free To Play']","['Multi-player', 'PvP', 'Online PvP', 'Co-op', 'Online Co-op', 'Steam Achievements', 'Full controller support', 'Steam Trading Cards', 'In-App Purchases', 'Chat Speech-to-text', 'Playable without Timed Input']",1578.0,88.0,"Apex Legends is the award-winning, free-to-play Hero Shooter from Respawn Entertainment. Master an ever-growing roster of legendary characters with powerful abilities, and experience strategic squad play and innovative gameplay in the next evolution of Hero Shooter and Battle Royale.",True,game,94,89,78,82,87,Breakout leader,Benchmark competitor,Free-to-play,Community / multiplayer audience,Base game plus in-app purchases,Strong incumbent - study positioning and retention loops,"['tier-1-opportunity', 'high-demand', 'loved-by-players', 'free-to-play', 'iap-monetized', 'social-retention-loop']",[],"Apex Legends™ is a breakout leader, opportunity score 87/100, 76% positive from 443,328 reviews, 77,410 current players.","Use as a benchmark for capsule, pricing, tags, update cadence, and review themes."
9,2186990,Fatekeeper,https://store.steampowered.com/app/2186990/Fatekeeper/,"Jun 2, 2026",$7.99,799,20.0,Very Positive,80.0,1051.0,['windows'],https://shared.fastly.steamstatic.com/store_item_assets/steam/apps/2186990/ac1ab693d0187ec29cf7b132b7b820f2f51901a4/capsule_231x87_alt_assets_0.jpg?t=1780424266,2026-06-03T01:57:12.683Z,3598.0,Paraglacial,THQ Nordic,"['Action', 'RPG', 'Early Access']","['Single-player', 'Steam Cloud', 'Family Sharing']",1051.0,,"Venture into a handcrafted world where ruins whisper of past cataclysms. Master the art of sword and sorcery and forge your path with relics, spells and choices that shape who you become in this first-person RPG.",False,game,81,86,65,80,79,Standard competitor,Baseline market data,Budget,Solo / narrative audience,Paid upfront,Strong incumbent - study positioning and retention loops,"['high-demand', 'loved-by-players', 'fresh-release']",[],"Fatekeeper is a standard competitor, opportunity score 79/100, 80% positive from 1,051 reviews, 3,598 current players, 20% discount.",Use as baseline competitor data; enrich with reviews for deeper sentiment intelligence.
10,2288340,ACE COMBAT 8: WINGS OF THEVE,https://store.steampowered.com/app/2288340/ACE_COMBAT_8_WINGS_OF_THEVE/,"Oct 1, 2026",$69.99,6999,0.0,,,,['windows'],https://shared.fastly.steamstatic.com/store_item_assets/steam/apps/2288340/f72b0d0ef7d7beed96998f1ac0bdfb788a01845f/capsule_231x87.jpg?t=1780444630,2026-06-03T01:57:12.684Z,,Bandai Namco Aces Inc.,Bandai Namco Entertainment Inc.,['Action'],"['Single-player', 'Multi-player', 'PvP', 'Online PvP', 'Co-op', 'Online Co-op', 'Cross-Platform Multiplayer', 'Steam Achievements', 'In-App Purchases', 'Partial Controller Support', 'Steam Cloud', 'HDR available', 'Family Sharing']",,,"Soar through the skies and rise above every challenge to earn your place among the elite. Engage in intense aerial combat to dominate the battlefield with powerful weapons. Experience a breathtaking campaign filled with high-stakes missions, hard choices, and deep squad connections.",False,game,45,35,56,70,50,Early momentum signal,Watchlist candidate,High-ticket,Community / multiplayer audience,Base game plus in-app purchases,Comparable baseline,"['iap-monetized', 'social-retention-loop']",['review-data-missing-or-not-yet-established'],"ACE COMBAT 8: WINGS OF THEVE is a early momentum signal, opportunity score 50/100.",Monitor daily; early movement can reveal emerging genre demand before the market gets crowded.
11,3065800,Marathon,https://store.steampowered.com/app/3065800/Marathon/,"Mar 5, 2026",$27.99,2799,30.0,Very Positive,86.0,32705.0,['windows'],https://shared.fastly.steamstatic.com/store_item_assets/steam/apps/3065800/9d48fde3699ddad29c58612dc53eb7e85731cff9/capsule_231x87.jpg?t=1780429141,2026-06-03T01:57:12.684Z,5156.0,Bungie,Bungie,['Action'],"['Multi-player', 'PvP', 'Online PvP', 'Cross-Platform Multiplayer', 'Steam Achievements', 'Adjustable Text Size', 'Camera Comfort', 'Color Alternatives', 'Custom Volume Controls', 'Keyboard Only Option', 'Mouse Only Option', 'Playable without Timed Input', 'Stereo Sound', 'Subtitle Options', 'Surround Sound', 'Touch Only Option', 'Partial Controller Support', 'Family Sharing']",40440.0,,Scavenge the lost colony of Tau Ceti IV as a bio-cybernetic Runner in a PvPvE survival extraction FPS from the creators of Halo and Destiny.,False,game,94,95,68,60,82,Standard competitor,Baseline market data,Promotional discount,Community / multiplayer audience,Paid upfront,Strong incumbent - study positioning and retention loops,"['high-demand', 'loved-by-players', 'social-retention-loop']",[],"Marathon is a standard competitor, opportunity score 82/100, 86% positive from 32,705 reviews, 5,156 current players, 30% discount.",Use as baseline competitor data; enrich with reviews for deeper sentiment intelligence.
12,1962700,Subnautica 2,https://store.steampowered.com/app/1962700/Subnautica_2/,"May 14, 2026",$29.99,2999,0.0,Very Positive,93.0,62096.0,['windows'],https://shared.fastly.steamstatic.com/store_item_assets/steam/apps/1962700/a5668b4e7176e657e2f1c70667df989ba27f64b5/capsule_231x87.jpg?t=1780372044,2026-06-03T01:57:12.684Z,28797.0,Unknown Worlds Entertainment,Unknown Worlds Entertainment,"['Action', 'Adventure', 'Early Access']","['Single-player', 'Multi-player', 'Co-op', 'Online Co-op', 'Cross-Platform Multiplayer', 'Full controller support', 'Adjustable Text Size', 'Camera Comfort', 'Color Alternatives', 'Custom Volume Controls', 'Adjustable Difficulty', 'Playable without Timed Input', 'Save Anytime', 'Stereo Sound', 'Subtitle Options', 'Steam Cloud', 'Family Sharing']",100784.0,,"Subnautica 2 is an underwater survival adventure set on an all-new alien world, developed by Unknown Worlds. Play alone or with friends in 4-player co-op. Adapt to survive by building custom bases and crafting tools. Explore the unknown to uncover the mysteries hidden within the depths.",False,game,98,100,68,82,89,Breakout leader,Benchmark competitor,Mid-market,Community / multiplayer audience,Paid upfront,Strong incumbent - study positioning and retention loops,"['tier-1-opportunity', 'high-demand', 'loved-by-players', 'healthy-community', 'social-retention-loop', 'fresh-release']",[],"Subnautica 2 is a breakout leader, opportunity score 89/100, 93% positive from 62,096 reviews, 28,797 current players.","Use as a benchmark for capsule, pricing, tags, update cadence, and review themes."
13,230410,Warframe,https://store.steampowered.com/app/230410/Warframe/,"Mar 25, 2013",Free,0,,Very Positive,91.0,294203.0,['windows'],https://shared.fastly.steamstatic.com/store_item_assets/steam/apps/230410/80dd2d83df77e9037b14b0076713d2e63666192d/capsule_231x87.jpg?t=1778595605,2026-06-03T01:57:12.684Z,48677.0,Digital Extremes,Digital Extremes,"['Action', 'RPG', 'Free To Play']","['Single-player', 'Multi-player', 'Co-op', 'Online Co-op', 'Cross-Platform Multiplayer', 'Steam Achievements', 'Full controller support', 'Steam Trading Cards', 'Steam Workshop', 'In-App Purchases', 'Camera Comfort', 'Color Alternatives', 'Custom Volume Controls', 'Playable without Timed Input', 'Stereo Sound', 'Surround Sound', 'Remote Play on Phone', 'Remote Play on Tablet', 'Remote Play on TV', 'HDR available']",2882.0,69.0,Awaken as an unstoppable warrior and battle alongside your friends in this story-driven free-to-play online action game,True,game,95,96,78,72,87,Breakout leader,Benchmark competitor,Free-to-play,Community / multiplayer audience,Base game plus in-app purchases,Strong incumbent - study positioning and retention loops,"['tier-1-opportunity', 'high-demand', 'loved-by-players', 'healthy-community', 'free-to-play', 'iap-monetized', 'social-retention-loop']",[],"Warframe is a breakout leader, opportunity score 87/100, 91% positive from 294,203 reviews, 48,677 current players.","Use as a benchmark for capsule, pricing, tags, update cadence, and review themes."
14,2215200,LEGO® Batman™: Legacy of the Dark Knight,https://store.steampowered.com/app/2215200/LEGO_Batman_Legacy_of_the_Dark_Knight/,"May 22, 2026",$69.99,6999,0.0,Overwhelmingly Positive,96.0,4640.0,['windows'],https://shared.fastly.steamstatic.com/store_item_assets/steam/apps/2215200/4933722fc48c284f30ea2d0f9eb932c0ab3de1b5/capsule_231x87.jpg?t=1779824566,2026-06-03T01:57:12.684Z,9381.0,TT Games,Warner Bros. Games,"['Action', 'Adventure']","['Single-player', 'Multi-player', 'Co-op', 'Shared/Split Screen Co-op', 'Shared/Split Screen', 'Steam Achievements', 'Full controller support', 'Steam Trading Cards', 'Steam Cloud', 'Remote Play on TV', 'Remote Play Together', 'HDR available', 'Family Sharing']",6047.0,,"Rise as the Dark Knight and experience the essential Batman story in a bold, action-packed adventure with hard-hitting combat, an open-world Gotham City, and the signature LEGO charm that fans know and love.",False,game,88,100,48,70,79,Standard competitor,Baseline market data,High-ticket,Community / multiplayer audience,Paid upfront,Strong incumbent - study positioning and retention loops,"['high-demand', 'loved-by-players', 'social-retention-loop', 'fresh-release']",[],"LEGO® Batman™: Legacy of the Dark Knight is a standard competitor, opportunity score 79/100, 96% positive from 4,640 reviews, 9,381 current players.",Use as baseline competitor data; enrich with reviews for deeper sentiment intelligence.
15,2767030,Marvel Rivals,https://store.steampowered.com/app/2767030/Marvel_Rivals/,"Dec 5, 2024",Free,0,,Mostly Positive,77.0,282806.0,['windows'],https://shared.fastly.steamstatic.com/store_item_assets/steam/apps/2767030/f77a7018444fbf8bd96dd79de42b4f5d6603d236/capsule_231x87.jpg?t=1778835753,2026-06-03T01:57:12.684Z,86748.0,NetEase Games,NetEase Games,"['Action', 'Free To Play']","['Multi-player', 'PvP', 'Online PvP', 'Co-op', 'Online Co-op', 'Cross-Platform Multiplayer', 'Steam Achievements', 'Full controller support', 'In-App Purchases']",,,"Marvel Rivals is a Super Hero Team-Based PVP Shooter! Assemble an all-star Marvel squad, devise countless strategies by combining powers to form unique Team-Up skills and fight in destructible, ever-changing battlefields across the continually evolving Marvel universe!",True,game,84,87,78,72,81,Commercially aggressive,Pricing/monetization benchmark,Free-to-play,Community / multiplayer audience,Base game plus in-app purchases,Strong incumbent - study positioning and retention loops,"['high-demand', 'loved-by-players', 'free-to-play', 'iap-monetized', 'social-retention-loop']",[],"Marvel Rivals is a commercially aggressive, opportunity score 81/100, 77% positive from 282,806 reviews, 86,748 current players.","Compare discount depth, price tier, and monetization model against similar titles."
16,1943950,Escape the Backrooms,https://store.steampowered.com/app/1943950/Escape_the_Backrooms/,"Oct 23, 2025",$7.99,799,20.0,Very Positive,89.0,37731.0,['windows'],https://shared.fastly.steamstatic.com/store_item_assets/steam/apps/1943950/28626087167f428b92a79d4c319e19707fe22dae/capsule_231x87.jpg?t=1780394865,2026-06-03T01:57:12.684Z,9821.0,Fancy Games,Secret Mode,"['Action', 'Indie']","['Single-player', 'Multi-player', 'Co-op', 'Online Co-op', 'Steam Achievements', 'Camera Comfort', 'Custom Volume Controls', 'Adjustable Difficulty', 'Playable without Timed Input', 'Stereo Sound', 'Partial Controller Support', 'Steam Cloud', 'HDR available', 'Family Sharing']",116554.0,,Escape the Backrooms is a 1-4 player co-op horror exploration game. Traverse 30+ eerie backrooms levels while avoiding entities and other dangers. Try to escape but be warned: survival isn't guaranteed.,False,game,96,98,73,60,85,Breakout leader,Benchmark competitor,Budget,Community / multiplayer audience,Paid upfront,Strong incumbent - study positioning and retention loops,"['tier-1-opportunity', 'high-demand', 'loved-by-players', 'social-retention-loop']",[],"Escape the Backrooms is a breakout leader, opportunity score 85/100, 89% positive from 37,731 reviews, 9,821 current players, 20% discount.","Use as a benchmark for capsule, pricing, tags, update cadence, and review themes."
17,3892270,Gamble With Your Friends,https://store.steampowered.com/app/3892270/Gamble_With_Your_Friends/,"May 1, 2026",$7.99,799,0.0,Very Positive,88.0,5975.0,['windows'],https://shared.fastly.steamstatic.com/store_item_assets/steam/apps/3892270/162b293e92bf8be850967a85c9916daa6f68591c/capsule_231x87.jpg?t=1778274309,2026-06-03T01:57:12.684Z,11228.0,TEAM GWYF,TENSTACK,"['Adventure', 'Indie', 'Simulation']","['Single-player', 'Multi-player', 'Co-op', 'Online Co-op', 'Steam Achievements', 'Camera Comfort', 'Custom Volume Controls', 'Playable without Timed Input', 'Stereo Sound', 'Steam Cloud', 'Family Sharing']",8592.0,,"An online 1-6 player co-op ""casino crawler"" where you and your friends share one bank account and one massive debt. Gamble, buy sketchy items, make terrible decisions, and climb an ominous casino tower to hit your loan shark’s daily quota in 5 minutes - or face the consequences.",False,game,89,96,73,82,86,Breakout leader,Benchmark competitor,Budget,Community / multiplayer audience,Paid upfront,Strong incumbent - study positioning and retention loops,"['tier-1-opportunity', 'high-demand', 'loved-by-players', 'healthy-community', 'social-retention-loop', 'fresh-release']",[],"Gamble With Your Friends is a breakout leader, opportunity score 86/100, 88% positive from 5,975 reviews, 11,228 current players.","Use as a benchmark for capsule, pricing, tags, update cadence, and review themes."
18,381210,Dead by Daylight,https://store.steampowered.com/app/381210/Dead_by_Daylight/,"Jun 14, 2016",$19.99,1999,0.0,Mostly Positive,79.0,255985.0,['windows'],https://shared.fastly.steamstatic.com/store_item_assets/steam/apps/381210/2c90430e51332137ca52f85da8cfc83e40755d7e/capsule_231x87_alt_assets_6.jpg?t=1778880603,2026-06-03T01:57:12.684Z,54038.0,Behaviour Interactive Inc.,Behaviour Interactive Inc.,['Action'],"['Multi-player', 'PvP', 'Online PvP', 'Co-op', 'Online Co-op', 'Cross-Platform Multiplayer', 'Steam Achievements', 'Full controller support', 'Steam Trading Cards', 'Color Alternatives', 'Custom Volume Controls', 'Stereo Sound', 'Subtitle Options', 'Surround Sound', 'Steam Cloud', 'Remote Play on Phone', 'Remote Play on Tablet', 'Remote Play on TV', 'Family Sharing']",660093.0,,"10 years of horror. 10 years of jump scares and close calls. 10 years of brutal sacrifices and thrilling escapes. Trapped forever in a realm of eldritch evil where even death is not an escape, four determined Survivors face a bloodthirsty Killer in a vicious game of nerve and wits.",False,game,98,89,68,72,85,Breakout leader,Benchmark competitor,Mid-market,Community / multiplayer audience,Paid upfront,Strong incumbent - study positioning and retention loops,"['tier-1-opportunity', 'high-demand', 'loved-by-players', 'social-retention-loop']",[],"Dead by Daylight is a breakout leader, opportunity score 85/100, 79% positive from 255,985 reviews, 54,038 current players.","Use as a benchmark for capsule, pricing, tags, update cadence, and review themes."
19,1144200,Ready or Not,https://store.steampowered.com/app/1144200/Ready_or_Not/,"Dec 13, 2023",$24.99,2499,50.0,Mostly Positive,76.0,146324.0,['windows'],https://shared.fastly.steamstatic.com/store_item_assets/steam/apps/1144200/capsule_231x87.jpg?t=1779907126,2026-06-03T01:57:12.684Z,9697.0,VOID Interactive,VOID Interactive,"['Action', 'Adventure', 'Indie']","['Single-player', 'Multi-player', 'Co-op', 'Online Co-op', 'Steam Achievements', 'Full controller support', 'Steam Cloud']",254203.0,,"Ready or Not is an intense, tactical, first-person shooter that depicts a modern-day world in which SWAT police units are called to defuse hostile and confronting situations.",False,game,96,86,83,60,84,Commercially aggressive,Pricing/monetization benchmark,Promotional discount,Community / multiplayer audience,Discount-driven sales,Strong incumbent - study positioning and retention loops,"['high-demand', 'loved-by-players', 'aggressive-discounting', 'social-retention-loop']",[],"Ready or Not is a commercially aggressive, opportunity score 84/100, 76% positive from 146,324 reviews, 9,697 current players, 50% discount.","Compare discount depth, price tier, and monetization model against similar titles."
20,1875580,Mina the Hollower,https://store.steampowered.com/app/1875580/Mina_the_Hollower/,"May 28, 2026",$19.99,1999,0.0,Very Positive,88.0,2098.0,"['windows', 'mac', 'linux']",https://shared.fastly.steamstatic.com/store_item_assets/steam/apps/1875580/5f701d40d2fdba63cec85579f481b5abad2c92a9/capsule_231x87.jpg?t=1780266529,2026-06-03T01:57:12.684Z,9627.0,Yacht Club Games,Yacht Club Games,"['Action', 'Adventure']","['Single-player', 'Steam Achievements', 'Full controller support', 'Custom Volume Controls', 'Keyboard Only Option', 'Steam Cloud', 'Remote Play on Phone', 'Remote Play on Tablet', 'Remote Play on TV', 'Family Sharing']",2735.0,,"Take control of Mina, a renowned Hollower hurtled into a desperate mission to rescue a cursed island. Whip foes, burrow through the ground, and explore a pixel-perfect world in Mina the Hollower, a brand new game from the developers who brought you Shovel Knight!",False,game,85,95,60,70,80,Standard competitor,Baseline market data,Mid-market,Solo / narrative audience,Paid upfront,Strong incumbent - study positioning and retention loops,"['high-demand', 'loved-by-players', 'fresh-release']",[],"Mina the Hollower is a standard competitor, opportunity score 80/100, 88% positive from 2,098 reviews, 9,627 current players.",Use as baseline competitor data; enrich with reviews for deeper sentiment intelligence.
21,1085660,Destiny 2,https://store.steampowered.com/app/1085660/Destiny_2/,"Oct 1, 2019",Free,0,,Mostly Positive,78.0,380557.0,['windows'],https://shared.fastly.steamstatic.com/store_item_assets/steam/apps/1085660/capsule_231x87.jpg?t=1765904462,2026-06-03T01:57:12.684Z,27825.0,Bungie,Bungie,"['Action', 'Adventure', 'Free To Play']","['Single-player', 'Multi-player', 'PvP', 'Online PvP', 'Co-op', 'Online Co-op', 'Steam Achievements', 'In-App Purchases', 'Color Alternatives', 'Custom Volume Controls', 'Subtitle Options', 'Partial Controller Support']",135704.0,83.0,"Destiny 2 is an action MMO with a single evolving world that you and your friends can join anytime, anywhere, absolutely free.",True,game,97,89,78,72,86,Breakout leader,Benchmark competitor,Free-to-play,Community / multiplayer audience,Base game plus in-app purchases,Strong incumbent - study positioning and retention loops,"['tier-1-opportunity', 'high-demand', 'loved-by-players', 'free-to-play', 'iap-monetized', 'social-retention-loop']",[],"Destiny 2 is a breakout leader, opportunity score 86/100, 78% positive from 380,557 reviews, 27,825 current players.","Use as a benchmark for capsule, pricing, tags, update cadence, and review themes."
22,2183900,"Warhammer 40,000: Space Marine 2",https://store.steampowered.com/app/2183900/Warhammer_40000_Space_Marine_2/,"Sep 9, 2024",$17.99,1799,70.0,Very Positive,86.0,91944.0,['windows'],https://shared.fastly.steamstatic.com/store_item_assets/steam/apps/2183900/7839e72c1803cadbcd21dc8df4760bc7bcf70354/capsule_231x87_alt_assets_12.jpg?t=1780329761,2026-06-03T01:57:12.684Z,17202.0,Saber Interactive,Focus Entertainment,"['Action', 'Adventure', 'RPG']","['Single-player', 'Multi-player', 'PvP', 'Online PvP', 'Co-op', 'Online Co-op', 'Cross-Platform Multiplayer', 'Steam Achievements', 'Full controller support', 'Steam Trading Cards', 'Adjustable Text Size', 'Camera Comfort', 'Color Alternatives', 'Custom Volume Controls', 'Adjustable Difficulty', 'Stereo Sound', 'Subtitle Options', 'Surround Sound', 'Steam Cloud', 'Family Sharing']",157700.0,82.0,Embody the superhuman skill and brutality of a Space Marine. Unleash deadly abilities and devastating weaponry to obliterate the relentless Tyranid swarms. Defend the Imperium in spectacular third-person action in solo or multiplayer modes.,False,game,97,95,93,72,91,Breakout leader,Benchmark competitor,Deep discount,Community / multiplayer audience,Discount-driven sales,Strong incumbent - study positioning and retention loops,"['tier-1-opportunity', 'high-demand', 'loved-by-players', 'aggressive-discounting', 'healthy-community', 'social-retention-loop']",[],"Warhammer 40,000: Space Marine 2 is a breakout leader, opportunity score 91/100, 86% positive from 91,944 reviews, 17,202 current players, 70% discount.","Use as a benchmark for capsule, pricing, tags, update cadence, and review themes."
23,1151340,Fallout 76,https://store.steampowered.com/app/1151340/Fallout_76/,"Apr 14, 2020",$39.99,3999,0.0,Mostly Positive,75.0,45803.0,['windows'],https://shared.fastly.steamstatic.com/store_item_assets/steam/apps/1151340/af7712a8b6fa295c9314f1295bf75028d20a2e25/capsule_231x87.jpg?t=1780434025,2026-06-03T01:57:12.684Z,9406.0,Bethesda Game Studios,Bethesda Softworks,['RPG'],"['Multi-player', 'MMO', 'PvP', 'Online PvP', 'Co-op', 'Online Co-op', 'Steam Achievements', 'In-App Purchases', 'Chat Speech-to-text', 'Playable without Timed Input', 'Stereo Sound', 'Surround Sound', 'Partial Controller Support', 'Remote Play on Tablet']",76940.0,,"Bethesda Game Studios welcome you to Fallout 76. Twenty-five years after the bombs fall, you and your fellow Vault Dwellers emerge into post-nuclear America. Explore a vast wasteland in this open-world multiplayer addition to the Fallout story.",False,game,96,84,66,60,80,Standard competitor,Baseline market data,Premium,Community / multiplayer audience,Base game plus in-app purchases,Comparable baseline,"['high-demand', 'iap-monetized', 'social-retention-loop']",[],"Fallout 76 is a standard competitor, opportunity score 80/100, 75% positive from 45,803 reviews, 9,406 current players.",Use as baseline competitor data; enrich with reviews for deeper sentiment intelligence.
24,2141730,Backrooms: Escape Together,https://store.steampowered.com/app/2141730/Backrooms_Escape_Together/,"Oct 18, 2022",$6.99,699,30.0,Very Positive,89.0,11921.0,['windows'],https://shared.fastly.steamstatic.com/store_item_assets/steam/apps/2141730/dcc2e9cc8d5c08bae8b72bc266592434ecd24425/capsule_231x87.jpg?t=1780282746,2026-06-03T01:57:12.684Z,7469.0,Triiodide Studios,Triiodide Studios,"['Action', 'Adventure', 'Casual', 'Indie', 'Early Access']","['Single-player', 'Multi-player', 'Co-op', 'Online Co-op', 'Steam Achievements', 'Full controller support', 'Camera Comfort', 'Color Alternatives', 'Custom Volume Controls', 'Playable without Timed Input', 'Stereo Sound', 'Surround Sound', 'Steam Cloud', 'Family Sharing']",32217.0,,"A visually lifelike co-op horror game for 1-6 people. Journey through 11 procedurally generated levels, using what's available to survive and progress deeper into the Backrooms.",False,game,92,97,73,60,83,Standard competitor,Baseline market data,Promotional discount,Community / multiplayer audience,Paid upfront,Strong incumbent - study positioning and retention loops,"['high-demand', 'loved-by-players', 'social-retention-loop']",[],"Backrooms: Escape Together is a standard competitor, opportunity score 83/100, 89% positive from 11,921 reviews, 7,469 current players, 30% discount.",Use as baseline competitor data; enrich with reviews for deeper sentiment intelligence.
25,2070270,Cloudheim,https://store.steampowered.com/app/2070270/Cloudheim/,"Dec 4, 2025",$19.79,1979,34.0,Very Positive,82.0,1401.0,['windows'],https://shared.fastly.steamstatic.com/store_item_assets/steam/apps/2070270/e8cde176ba6e806740243324172d556f4b206cc2/capsule_231x87_alt_assets_6.jpg?t=1780366676,2026-06-03T01:57:12.684Z,958.0,Noodle Cat Games,Noodle Cat Games,"['Action', 'Adventure', 'RPG', 'Early Access']","['Single-player', 'Multi-player', 'Co-op', 'Online Co-op', 'Cross-Platform Multiplayer', 'Full controller support', 'Steam Cloud', 'Family Sharing']",1401.0,,"Master chaotic physics-based combat inspired by Zelda and Devil May Cry. Explore islands and dungeons, smash monsters, loot and craft powerful gear, and grow your home in the sky. Play solo or online co-op with up to 4 players.",False,game,80,88,68,60,76,Standard competitor,Baseline market data,Promotional discount,Community / multiplayer audience,Paid upfront,Strong incumbent - study positioning and retention loops,"['high-demand', 'loved-by-players', 'social-retention-loop']",[],"Cloudheim is a standard competitor, opportunity score 76/100, 82% positive from 1,401 reviews, 958 current players, 34% discount.",Use as baseline competitor data; enrich with reviews for deeper sentiment intelligence.
26,2357570,Overwatch®,https://store.steampowered.com/app/2357570/Overwatch/,"Aug 10, 2023",Free,0,,Mostly Negative,39.0,158182.0,['windows'],https://shared.fastly.steamstatic.com/store_item_assets/steam/apps/2357570/f40730cf4defbd8f90d0f0662d7b263dd2915fe1/capsule_231x87_alt_assets_20.jpg?t=1778610036,2026-06-03T01:57:12.685Z,66193.0,"Blizzard Entertainment, Inc.","Blizzard Entertainment, Inc.","['Action', 'Free To Play']","['Multi-player', 'PvP', 'Online PvP', 'Co-op', 'Online Co-op', 'Cross-Platform Multiplayer', 'Steam Achievements', 'Full controller support', 'In-App Purchases', 'Adjustable Text Size', 'Camera Comfort', 'Chat Speech-to-text', 'Chat Text-to-speech', 'Color Alternatives', 'Custom Volume Controls', 'Playable without Timed Input', 'Stereo Sound', 'Subtitle Options', 'Surround Sound']",268.0,,"Overwatch®, A FUTURE WORTH FIGHTING FOR! Overwatch® is an always-on and ever-evolving free-to-play, team-based action game set in an optimistic future, where every match is the ultimate 5v5 or 6v6 battlefield brawl.",True,game,91,49,78,72,74,"High demand, vulnerable sentiment",Displacement opportunity,Free-to-play,Community / multiplayer audience,Base game plus in-app purchases,Weak incumbent - demand exists but players are dissatisfied,"['high-demand', 'demand-quality-gap', 'free-to-play', 'iap-monetized', 'social-retention-loop']",['weak-player-sentiment'],"Overwatch® is a high demand, vulnerable sentiment, opportunity score 74/100, 39% positive from 158,182 reviews, 66,193 current players.",Analyze negative reviews first: this is where a better-positioned competitor can steal demand.
27,2707930,Palia,https://store.steampowered.com/app/2707930/Palia/,"Mar 25, 2024",Free,0,,Very Positive,88.0,25678.0,['windows'],https://shared.fastly.steamstatic.com/store_item_assets/steam/apps/2707930/031e3a2dd724debaa59977d6dc77319aec99b5b1/capsule_231x87.jpg?t=1778603601,2026-06-03T01:57:12.685Z,12108.0,Singularity 6 Corporation,Singularity 6 Corporation,"['Adventure', 'Casual', 'Indie', 'RPG', 'Simulation', 'Free To Play']","['Single-player', 'Multi-player', 'Co-op', 'Online Co-op', 'Cross-Platform Multiplayer', 'Steam Achievements', 'In-App Purchases', 'Partial Controller Support']",,,"Discover a welcoming world in Palia, a free-to-play fantasy life sim adventure where you can craft, explore, and create the life and home of your dreams. With nearly endless ways to make Palia your home, you’ll find relaxation and joy in every corner of this vibrant, heartwarming world.",True,game,79,97,78,72,82,Commercially aggressive,Pricing/monetization benchmark,Free-to-play,Community / multiplayer audience,Base game plus in-app purchases,Comparable baseline,"['loved-by-players', 'healthy-community', 'free-to-play', 'iap-monetized', 'social-retention-loop']",[],"Palia is a commercially aggressive, opportunity score 82/100, 88% positive from 25,678 reviews, 12,108 current players.","Compare discount depth, price tier, and monetization model against similar titles."
28,2868840,Slay the Spire 2,https://store.steampowered.com/app/2868840/Slay_the_Spire_2/,"Mar 5, 2026",$24.99,2499,0.0,Very Positive,94.0,53350.0,"['windows', 'mac', 'linux']",https://shared.fastly.steamstatic.com/store_item_assets/steam/apps/2868840/fb0ad136e9eaa4297a1ab3440d88ecb7209f44a2/capsule_231x87.jpg?t=1776735385,2026-06-03T01:57:12.685Z,80067.0,Mega Crit,Mega Crit,"['Indie', 'Strategy', 'Early Access']","['Single-player', 'Multi-player', 'Co-op', 'Online Co-op', 'Full controller support', 'Custom Volume Controls', 'Mouse Only Option', 'Playable without Timed Input', 'Save Anytime', 'Steam Cloud', 'Stats', 'Steam Leaderboards', 'Family Sharing']",188962.0,,"The iconic roguelike deckbuilder returns. Craft a unique deck, encounter bizarre creatures, and discover relics of immense power in Slay the Spire 2!",False,game,98,100,68,72,87,Breakout leader,Benchmark competitor,Mid-market,Community / multiplayer audience,Paid upfront,Strong incumbent - study positioning and retention loops,"['tier-1-opportunity', 'high-demand', 'loved-by-players', 'healthy-community', 'social-retention-loop']",[],"Slay the Spire 2 is a breakout leader, opportunity score 87/100, 94% positive from 53,350 reviews, 80,067 current players.","Use as a benchmark for capsule, pricing, tags, update cadence, and review themes."
29,438100,VRChat,https://store.steampowered.com/app/438100/VRChat/,"Feb 1, 2017",Free,0,,Mostly Positive,71.0,174074.0,"['windows', 'vr']",https://shared.fastly.steamstatic.com/store_item_assets/steam/apps/438100/capsule_231x87.jpg?t=1762366454,2026-06-03T01:57:12.685Z,41585.0,VRChat Inc.,VRChat Inc.,"['Adventure', 'Casual', 'Massively Multiplayer', 'Simulation', 'Sports', 'Free To Play', 'Early Access']","['Multi-player', 'MMO', 'PvP', 'Online PvP', 'Co-op', 'Online Co-op', 'Cross-Platform Multiplayer', 'Full controller support', 'Tracked Controller Support', 'VR Supported', 'In-App Purchases']",147.0,,"Join our growing community as you explore, play, and help craft the future of social VR. Create worlds and custom avatars. Welcome to VRChat.",True,game,89,81,78,72,81,Commercially aggressive,Pricing/monetization benchmark,Free-to-play,Community / multiplayer audience,Base game plus in-app purchases,Comparable baseline,"['high-demand', 'free-to-play', 'iap-monetized', 'social-retention-loop']",[],"VRChat is a commercially aggressive, opportunity score 81/100, 71% positive from 174,074 reviews, 41,585 current players.","Compare discount depth, price tier, and monetization model against similar titles."
30,1371980,No Rest for the Wicked,https://store.steampowered.com/app/1371980/No_Rest_for_the_Wicked/,"Apr 18, 2024",$27.99,2799,30.0,Very Positive,86.0,25872.0,['windows'],https://shared.fastly.steamstatic.com/store_item_assets/steam/apps/1371980/9d2efe7754b0843dddbf7c495fe55ccc69e99b6c/capsule_231x87.jpg?t=1780442295,2026-06-03T01:57:12.685Z,1323.0,Moon Studios GmbH,Moon Studios GmbH,"['Action', 'Adventure', 'RPG', 'Early Access']","['Single-player', 'Multi-player', 'Co-op', 'Online Co-op', 'Partial Controller Support', 'Steam Cloud', 'HDR available', 'Family Sharing']",62165.0,,"From Moon Studios, the award-winning creators of Ori and the Blind Forest and Ori and the Will of the Wisps, comes No Rest for the Wicked, a unique, visceral Action RPG set in a hand-crafted world with Souls-like combat. Featuring co-op for up to four players.",False,game,91,95,68,60,81,Standard competitor,Baseline market data,Promotional discount,Community / multiplayer audience,Paid upfront,Strong incumbent - study positioning and retention loops,"['high-demand', 'loved-by-players', 'social-retention-loop']",[],"No Rest for the Wicked is a standard competitor, opportunity score 81/100, 86% positive from 25,872 reviews, 1,323 current players, 30% discount.",Use as baseline competitor data; enrich with reviews for deeper sentiment intelligence.
31,3472040,NBA 2K26,https://store.steampowered.com/app/3472040/NBA_2K26/,"Sep 4, 2025",$69.99,6999,0.0,Mostly Positive,73.0,10758.0,['windows'],https://shared.fastly.steamstatic.com/store_item_assets/steam/apps/3472040/8496e0023f3b24c9bf87e1459cb9651f5a7a6732/capsule_231x87_alt_assets_5.jpg?t=1778857348,2026-06-03T01:57:12.685Z,20640.0,Visual Concepts,2K,['Sports'],"['Single-player', 'Multi-player', 'PvP', 'Online PvP', 'Shared/Split Screen PvP', 'Co-op', 'Online Co-op', 'Shared/Split Screen Co-op', 'Shared/Split Screen', 'Steam Achievements', 'In-App Purchases', 'Camera Comfort', 'Custom Volume Controls', 'Adjustable Difficulty', 'Keyboard Only Option', 'Stereo Sound', 'Surround Sound', 'Partial Controller Support', 'Steam Cloud', 'Remote Play Together', 'Family Sharing']",19630.0,,"Bragging rights are on the line in MyCAREER, MyTEAM, MyNBA, The W, and Play Now. Showcase your bag of moves with hyper realism, Powered by ProPLAY™, and challenge your friends, or rivals, in NBA 2K26’s competitive modes—and leave no doubt that you wear the crown.",False,game,92,81,56,72,78,Standard competitor,Baseline market data,High-ticket,Community / multiplayer audience,Base game plus in-app purchases,Comparable baseline,"['high-demand', 'iap-monetized', 'social-retention-loop']",[],"NBA 2K26 is a standard competitor, opportunity score 78/100, 73% positive from 10,758 reviews, 20,640 current players.",Use as baseline competitor data; enrich with reviews for deeper sentiment intelligence.
32,3669870,CONTROL Resonant,https://store.steampowered.com/app/3669870/CONTROL_Resonant/,"Sep 24, 2026",$59.99,5999,0.0,,,,['windows'],https://shared.fastly.steamstatic.com/store_item_assets/steam/apps/3669870/867a73afa5f21c28aaa14e9b0a4d895c540d4a0c/capsule_231x87.jpg?t=1780436782,2026-06-03T01:57:12.685Z,,Remedy Entertainment,Remedy Entertainment,"['Action', 'Adventure', 'RPG']","['Single-player', 'Full controller support', 'Family Sharing']",,,Explore a warped Manhattan on the brink of paranatural annihilation in this thrilling action-adventure RPG. Unleash the extraordinary powers of Dylan Faden as he fights for his humanity and our survival against a reality-bending cosmic threat.,False,game,44,35,50,60,46,Standard competitor,Baseline market data,Premium,Solo / narrative audience,Paid upfront,Comparable baseline,[],['review-data-missing-or-not-yet-established'],"CONTROL Resonant is a standard competitor, opportunity score 46/100.",Use as baseline competitor data; enrich with reviews for deeper sentiment intelligence.
33,39210,FINAL FANTASY XIV Online,https://store.steampowered.com/app/39210/FINAL_FANTASY_XIV_Online/,"Feb 18, 2014",$19.99,1999,0.0,Very Positive,86.0,60291.0,['windows'],https://shared.fastly.steamstatic.com/store_item_assets/steam/apps/39210/2e45b2f419d0beed57ba1ff1d80a13d31f947d54/capsule_231x87.jpg?t=1777372469,2026-06-03T01:57:12.685Z,32453.0,Square Enix,Square Enix,"['Massively Multiplayer', 'RPG']","['Single-player', 'Multi-player', 'MMO', 'PvP', 'Online PvP', 'Co-op', 'Online Co-op', 'Cross-Platform Multiplayer', 'Adjustable Text Size', 'Custom Volume Controls', 'Keyboard Only Option', 'Save Anytime', 'Stereo Sound', 'Surround Sound', 'Partial Controller Support', 'Remote Play on Tablet', 'Family Sharing']",77593.0,83.0,"Join over 30 million adventurers worldwide and take part in an epic and ever-changing FINAL FANTASY. Experience an unforgettable story, exhilarating battles, and a myriad of captivating environments to explore.",False,game,97,95,68,72,86,Breakout leader,Benchmark competitor,Mid-market,Community / multiplayer audience,Paid upfront,Strong incumbent - study positioning and retention loops,"['tier-1-opportunity', 'high-demand', 'loved-by-players', 'healthy-community', 'social-retention-loop']",[],"FINAL FANTASY XIV Online is a breakout leader, opportunity score 86/100, 86% positive from 60,291 reviews, 32,453 current players.","Use as a benchmark for capsule, pricing, tags, update cadence, and review themes."
34,3564740,Where Winds Meet,https://store.steampowered.com/app/3564740/Where_Winds_Meet/,"Nov 14, 2025",Free,0,,Very Positive,86.0,61508.0,['windows'],https://shared.fastly.steamstatic.com/store_item_assets/steam/apps/3564740/d2ab9c945dd83f6382620d66a91f126bcbe26f65/capsule_231x87_alt_assets_5.jpg?t=1779872892,2026-06-03T01:57:12.685Z,11574.0,Everstone Studio,NetEase Games,"['Action', 'Adventure', 'RPG', 'Free To Play']","['Single-player', 'Multi-player', 'PvP', 'Online PvP', 'Co-op', 'Online Co-op', 'Cross-Platform Multiplayer', 'Steam Achievements', 'Full controller support', 'In-App Purchases']",,,Step into an open-world action-adventure RPG set in ancient China. Uncover the secrets of your own identity as you rise from a humble village wanderer to the sword master of the imperial capital. Learn martial arts and build your reputation as a hero or a bringer of chaos in this free wuxia world.,True,game,81,96,78,72,82,Commercially aggressive,Pricing/monetization benchmark,Free-to-play,Community / multiplayer audience,Base game plus in-app purchases,Strong incumbent - study positioning and retention loops,"['high-demand', 'loved-by-players', 'healthy-community', 'free-to-play', 'iap-monetized', 'social-retention-loop']",[],"Where Winds Meet is a commercially aggressive, opportunity score 82/100, 86% positive from 61,508 reviews, 11,574 current players.","Compare discount depth, price tier, and monetization model against similar titles."
35,236390,War Thunder,https://store.steampowered.com/app/236390/War_Thunder/,"Aug 15, 2013",Free,0,,Mostly Positive,74.0,312081.0,"['windows', 'mac', 'linux', 'vr']",https://shared.fastly.steamstatic.com/store_item_assets/steam/apps/236390/104c3c519fdb3ba92fbe2348ebfadcebf2a7ee8f/capsule_231x87.jpg?t=1779186880,2026-06-03T01:57:12.685Z,29238.0,Gaijin Entertainment,Gaijin Network Ltd,"['Action', 'Massively Multiplayer', 'Simulation', 'Free To Play']","['Single-player', 'Multi-player', 'MMO', 'PvP', 'Online PvP', 'Co-op', 'Online Co-op', 'Cross-Platform Multiplayer', 'Steam Achievements', 'Full controller support', 'VR Supported', 'Steam Trading Cards', 'In-App Purchases', 'Adjustable Text Size', 'Camera Comfort', 'Color Alternatives', 'Custom Volume Controls', 'Playable without Timed Input', 'Stereo Sound', 'Surround Sound', 'Remote Play on Phone', 'Remote Play on Tablet']",1970.0,81.0,"War Thunder is the most comprehensive free-to-play, cross-platform, MMO military game dedicated to aviation, armoured vehicles, and naval craft, from the early 20th century to the most advanced modern combat units. Join now and take part in major battles on land, in the air, and at sea.",True,game,93,86,78,72,84,Commercially aggressive,Pricing/monetization benchmark,Free-to-play,Community / multiplayer audience,Base game plus in-app purchases,Strong incumbent - study positioning and retention loops,"['high-demand', 'loved-by-players', 'free-to-play', 'iap-monetized', 'social-retention-loop']",[],"War Thunder is a commercially aggressive, opportunity score 84/100, 74% positive from 312,081 reviews, 29,238 current players.","Compare discount depth, price tier, and monetization model against similar titles."
36,3321460,Crimson Desert,https://store.steampowered.com/app/3321460/Crimson_Desert/,"Mar 19, 2026",$69.99,6999,0.0,Very Positive,86.0,57054.0,"['windows', 'mac']",https://shared.fastly.steamstatic.com/store_item_assets/steam/apps/3321460/f4b3cbf1c0759e0f18cbc0bf13cdefa02451c95b/capsule_231x87.jpg?t=1777016399,2026-06-03T01:57:12.685Z,23868.0,Pearl Abyss,Pearl Abyss,"['Action', 'Adventure']","['Single-player', 'Steam Achievements', 'Full controller support', 'Custom Volume Controls', 'Save Anytime', 'Stereo Sound', 'Subtitle Options', 'Surround Sound', 'Steam Cloud', 'HDR available', 'Family Sharing']",105014.0,,"Crimson Desert is an open-world action-adventure set on the continent of Pywel. Join Kliff on his journey to rebuild the Greymane faction and to save the land from a looming threat. From vast wilderness and cities to ruins and the mysterious Abyss, forge your path through battles and discovery.",False,game,97,96,40,82,82,Standard competitor,Baseline market data,High-ticket,Solo / narrative audience,Paid upfront,Strong incumbent - study positioning and retention loops,"['high-demand', 'loved-by-players', 'healthy-community', 'fresh-release']",[],"Crimson Desert is a standard competitor, opportunity score 82/100, 86% positive from 57,054 reviews, 23,868 current players.",Use as baseline competitor data; enrich with reviews for deeper sentiment intelligence.
37,526870,Satisfactory,https://store.steampowered.com/app/526870/Satisfactory/,"Sep 10, 2024",$27.99,2799,30.0,Overwhelmingly Positive,97.0,133396.0,['windows'],https://shared.fastly.steamstatic.com/store_item_assets/steam/apps/526870/fe7cbb345c177f83f829a61f0e0ab951b42c7ab1/capsule_231x87.jpg?t=1780413533,2026-06-03T01:57:12.685Z,16819.0,Coffee Stain Studios,Coffee Stain Publishing,"['Adventure', 'Indie', 'Simulation', 'Strategy']","['Single-player', 'Multi-player', 'Co-op', 'Online Co-op', 'Cross-Platform Multiplayer', 'Steam Achievements', 'Adjustable Text Size', 'Camera Comfort', 'Color Alternatives', 'Custom Volume Controls', 'Adjustable Difficulty', 'Playable without Timed Input', 'Save Anytime', 'Stereo Sound', 'Surround Sound', 'Partial Controller Support', 'Steam Cloud', 'Remote Play on Tablet', 'Family Sharing']",228159.0,91.0,"Satisfactory is a first-person open-world factory building game with a dash of exploration and combat. Play alone or with friends, explore an alien planet, create multi-story factories, and enter conveyor belt heaven!",False,game,96,100,68,72,87,Breakout leader,Benchmark competitor,Promotional discount,Community / multiplayer audience,Paid upfront,Strong incumbent - study positioning and retention loops,"['tier-1-opportunity', 'high-demand', 'loved-by-players', 'healthy-community', 'social-retention-loop']",[],"Satisfactory is a breakout leader, opportunity score 87/100, 97% positive from 133,396 reviews, 16,819 current players, 30% discount.","Use as a benchmark for capsule, pricing, tags, update cadence, and review themes."
38,2141910,Magic: The Gathering Arena,https://store.steampowered.com/app/2141910/Magic_The_Gathering_Arena/,"May 23, 2023",Free,0,,Mixed,58.0,20800.0,"['windows', 'mac']",https://shared.fastly.steamstatic.com/store_item_assets/steam/apps/2141910/b15710d69590d3e90ca54cf7f9790cb979e1828f/capsule_231x87.jpg?t=1779401659,2026-06-03T01:57:12.685Z,8913.0,Wizards of the Coast,Wizards of the Coast,"['Strategy', 'Free To Play']","['Multi-player', 'PvP', 'Online PvP', 'Cross-Platform Multiplayer', 'In-App Purchases']",,,"Magic: The Gathering Arena empowers you to discover your strategy, meet the planeswalkers, explore the multiverse, and battle friends around the world. Start playing for free, challenge your friends, unlock cards, and feel the magic of the original fantasy CCG!",True,game,78,67,78,60,72,"High demand, vulnerable sentiment",Displacement opportunity,Free-to-play,Community / multiplayer audience,Base game plus in-app purchases,Weak incumbent - demand exists but players are dissatisfied,"['demand-quality-gap', 'free-to-play', 'iap-monetized', 'social-retention-loop']",['weak-player-sentiment'],"Magic: The Gathering Arena is a high demand, vulnerable sentiment, opportunity score 72/100, 58% positive from 20,800 reviews, 8,913 current players.",Analyze negative reviews first: this is where a better-positioned competitor can steal demand.
39,3240220,Grand Theft Auto V Enhanced,https://store.steampowered.com/app/3240220/Grand_Theft_Auto_V_Enhanced/,"Mar 4, 2025",$14.99,1499,50.0,Very Positive,80.0,62297.0,['windows'],https://shared.fastly.steamstatic.com/store_item_assets/steam/apps/3240220/a318bd9affe8eee32984b18794b273c256e9b2d6/capsule_231x87.jpg?t=1765479644,2026-06-03T01:57:12.685Z,31147.0,Rockstar North,Rockstar Games,"['Action', 'Adventure', 'Racing']","['Single-player', 'Multi-player', 'PvP', 'Online PvP', 'Co-op', 'Online Co-op', 'Steam Achievements', 'In-App Purchases', 'Partial Controller Support', 'Remote Play on Phone', 'Remote Play on Tablet']",173861.0,,"Experience entertainment blockbusters Grand Theft Auto V and Grand Theft Auto Online — now upgraded for a new generation with stunning visuals, faster loading, 3D audio, and more, plus exclusive content for GTA Online players.",False,game,97,90,91,72,89,Breakout leader,Benchmark competitor,Promotional discount,Community / multiplayer audience,Base game plus in-app purchases,Strong incumbent - study positioning and retention loops,"['tier-1-opportunity', 'high-demand', 'loved-by-players', 'aggressive-discounting', 'iap-monetized', 'social-retention-loop']",[],"Grand Theft Auto V Enhanced is a breakout leader, opportunity score 89/100, 80% positive from 62,297 reviews, 31,147 current players, 50% discount.","Use as a benchmark for capsule, pricing, tags, update cadence, and review themes."
40,4197610,Librarian: Tidy Up the Arcane Library!,https://store.steampowered.com/app/4197610/Librarian_Tidy_Up_the_Arcane_Library/,"Apr 30, 2026",$5.99,599,0.0,Very Positive,94.0,7483.0,['windows'],https://shared.fastly.steamstatic.com/store_item_assets/steam/apps/4197610/f0d3c0ed4a31473df3d912d95b63a1fcc7feef97/capsule_231x87.jpg?t=1777553917,2026-06-03T01:57:12.685Z,13500.0,ArtRising,ArtRising,"['Casual', 'Indie', 'Simulation']","['Single-player', 'Steam Achievements', 'Full controller support', 'Custom Volume Controls', 'Playable without Timed Input', 'Save Anytime', 'Stereo Sound', 'Surround Sound', 'Steam Cloud', 'Family Sharing']",11012.0,,"Librarian: Tidy Up the Arcane Library! is a single-player simulation. You need return scattered books to proper places in an Arcane Library. As completed rows of bookshelves, you can learn ability to improve your efficiency. Use your skills and strategies to shelve 3,072 books as quick as you can.",False,game,89,100,65,82,86,Breakout leader,Benchmark competitor,Budget,Solo / narrative audience,Paid upfront,Strong incumbent - study positioning and retention loops,"['tier-1-opportunity', 'high-demand', 'loved-by-players', 'healthy-community', 'fresh-release']",[],"Librarian: Tidy Up the Arcane Library! is a breakout leader, opportunity score 86/100, 94% positive from 7,483 reviews, 13,500 current players.","Use as a benchmark for capsule, pricing, tags, update cadence, and review themes."
41,3513350,Wuthering Waves,https://store.steampowered.com/app/3513350/Wuthering_Waves/,"Apr 28, 2025",Free,0,,Very Positive,89.0,24894.0,['windows'],https://shared.fastly.steamstatic.com/store_item_assets/steam/apps/3513350/57675f918025082f880eb6434e47dbdbf6cf2999/capsule_231x87.jpg?t=1777505458,2026-06-03T01:57:12.685Z,10632.0,KURO GAMES,KURO GAMES,"['Action', 'Adventure', 'RPG', 'Free To Play']","['Single-player', 'In-App Purchases', 'Partial Controller Support']",,,"Wuthering Waves is a story-rich open-world action RPG with a high degree of freedom. You wake from your slumber as Rover, joined by a vibrant cast of Resonators on a journey to reclaim your lost memories and change the world.",True,game,79,98,70,72,81,Standard competitor,Baseline market data,Free-to-play,Solo / narrative audience,Base game plus in-app purchases,Comparable baseline,"['loved-by-players', 'healthy-community', 'free-to-play', 'iap-monetized']",[],"Wuthering Waves is a standard competitor, opportunity score 81/100, 89% positive from 24,894 reviews, 10,632 current players.",Use as baseline competitor data; enrich with reviews for deeper sentiment intelligence.
42,1808500,ARC Raiders,https://store.steampowered.com/app/1808500/ARC_Raiders/,"Oct 30, 2025",$39.99,3999,0.0,Very Positive,83.0,192370.0,['windows'],https://shared.fastly.steamstatic.com/store_item_assets/steam/apps/1808500/542a243d39bd7ed791359be9e96c82f419b81475/capsule_231x87.jpg?t=1776865359,2026-06-03T01:57:12.685Z,49124.0,Embark Studios,Embark Studios,['Action'],"['Multi-player', 'PvP', 'Online PvP', 'Co-op', 'Online Co-op', 'Cross-Platform Multiplayer', 'Steam Achievements', 'Full controller support', 'In-App Purchases', 'Stats', 'Family Sharing']",287905.0,,"ARC Raiders is a multiplayer extraction adventure, set in a lethal future earth, ravaged by a mysterious mechanized threat known as ARC.",False,game,97,93,66,72,85,Breakout leader,Benchmark competitor,Premium,Community / multiplayer audience,Base game plus in-app purchases,Strong incumbent - study positioning and retention loops,"['tier-1-opportunity', 'high-demand', 'loved-by-players', 'iap-monetized', 'social-retention-loop']",[],"ARC Raiders is a breakout leader, opportunity score 85/100, 83% positive from 192,370 reviews, 49,124 current players.","Use as a benchmark for capsule, pricing, tags, update cadence, and review themes."
43,275850,No Man's Sky,https://store.steampowered.com/app/275850/No_Mans_Sky/,"Aug 12, 2016",$23.99,2399,60.0,Very Positive,81.0,181033.0,"['windows', 'mac', 'vr']",https://shared.fastly.steamstatic.com/store_item_assets/steam/apps/275850/511f1fe1e14059ee0d5cb96166066d9ecd1efe79/capsule_231x87_alt_assets_25.jpg?t=1779908213,2026-06-03T01:57:12.685Z,17000.0,Hello Games,Hello Games,"['Action', 'Adventure']","['Single-player', 'Multi-player', 'PvP', 'Online PvP', 'Co-op', 'Online Co-op', 'Cross-Platform Multiplayer', 'Steam Achievements', 'Full controller support', 'Tracked Controller Support', 'VR Supported', 'Steam Trading Cards', 'Adjustable Text Size', 'Camera Comfort', 'Chat Speech-to-text', 'Color Alternatives', 'Custom Volume Controls', 'Adjustable Difficulty', 'Playable without Timed Input', 'Save Anytime', 'Stereo Sound', 'Subtitle Options', 'Surround Sound', 'Steam Cloud', 'Remote Play on Tablet', 'Remote Play on TV', 'HDR available', 'Family Sharing']",307216.0,61.0,No Man's Sky is a game about exploration and survival in an infinite procedurally generated universe.,False,game,96,86,83,72,86,Breakout leader,Benchmark competitor,Promotional discount,Community / multiplayer audience,Discount-driven sales,Strong incumbent - study positioning and retention loops,"['tier-1-opportunity', 'high-demand', 'loved-by-players', 'aggressive-discounting', 'social-retention-loop']",[],"No Man's Sky is a breakout leader, opportunity score 86/100, 81% positive from 181,033 reviews, 17,000 current players, 60% discount.","Use as a benchmark for capsule, pricing, tags, update cadence, and review themes."
44,1659040,HITMAN World of Assassination,https://store.steampowered.com/app/1659040/HITMAN_World_of_Assassination/,"Jan 20, 2022",$27.99,2799,60.0,Very Positive,87.0,28514.0,"['windows', 'mac']",https://shared.fastly.steamstatic.com/store_item_assets/steam/apps/1659040/capsule_231x87.jpg?t=1780060872,2026-06-03T01:57:12.685Z,3330.0,IO Interactive A/S,IO Interactive A/S,"['Action', 'Adventure']","['Single-player', 'Steam Achievements', 'Full controller support', 'Tracked Controller Support', 'VR Support', 'Custom Volume Controls', 'Playable without Timed Input', 'Stereo Sound', 'Subtitle Options', 'Surround Sound', 'Steam Cloud', 'Family Sharing']",54022.0,87.0,"Enter the world of the ultimate assassin. HITMAN World of Assassination delivers the definitive stealth action experience, putting you in the shoes of Agent 47, a master assassin. Explore immersive locations, uncover hidden secrets, and eliminate targets with complete freedom of approach.",False,game,92,96,75,60,83,Commercially aggressive,Pricing/monetization benchmark,Promotional discount,Solo / narrative audience,Discount-driven sales,Strong incumbent - study positioning and retention loops,"['high-demand', 'loved-by-players', 'aggressive-discounting']",[],"HITMAN World of Assassination is a commercially aggressive, opportunity score 83/100, 87% positive from 28,514 reviews, 3,330 current players, 60% discount.","Compare discount depth, price tier, and monetization model against similar titles."
45,252490,Rust,https://store.steampowered.com/app/252490/Rust/,"Feb 8, 2018",$39.99,3999,0.0,Very Positive,86.0,522351.0,"['windows', 'mac']",https://shared.fastly.steamstatic.com/store_item_assets/steam/apps/252490/21aac0b6e20e1ba12f635e7deb730e32a51afbd5/capsule_231x87.jpg?t=1778597738,2026-06-03T01:57:12.685Z,57623.0,Facepunch Studios,Facepunch Studios,"['Action', 'Adventure', 'Indie', 'Massively Multiplayer', 'RPG']","['Multi-player', 'MMO', 'PvP', 'Online PvP', 'Co-op', 'Online Co-op', 'Cross-Platform Multiplayer', 'Steam Achievements', 'Steam Trading Cards', 'Steam Workshop', 'In-App Purchases', 'Adjustable Text Size', 'Camera Comfort', 'Color Alternatives', 'Custom Volume Controls', 'Adjustable Difficulty', 'Stereo Sound', 'Subtitle Options', 'Surround Sound', 'Valve Anti-Cheat enabled', 'Stats', 'Remote Play on Tablet']",1139434.0,69.0,"The only aim in Rust is to survive. Everything wants you to die - the island’s wildlife, other inhabitants, the environment, and other survivors. Do whatever it takes to last another night.",False,game,97,92,66,72,85,Breakout leader,Benchmark competitor,Premium,Community / multiplayer audience,Base game plus in-app purchases,Strong incumbent - study positioning and retention loops,"['tier-1-opportunity', 'high-demand', 'loved-by-players', 'healthy-community', 'iap-monetized', 'social-retention-loop']",[],"Rust is a breakout leader, opportunity score 85/100, 86% positive from 522,351 reviews, 57,623 current players.","Use as a benchmark for capsule, pricing, tags, update cadence, and review themes."
46,1086940,Baldur's Gate 3,https://store.steampowered.com/app/1086940/Baldurs_Gate_3/,"Aug 3, 2023",$59.99,5999,0.0,Overwhelmingly Positive,96.0,441968.0,"['windows', 'mac']",https://shared.fastly.steamstatic.com/store_item_assets/steam/apps/1086940/3dd81008e9c385caf68152450c22353f6a8abec9/capsule_231x87.jpg?t=1777363040,2026-06-03T01:57:12.686Z,44501.0,Larian Studios,Larian Studios,"['Adventure', 'RPG', 'Strategy']","['Single-player', 'Multi-player', 'Co-op', 'Online Co-op', 'LAN Co-op', 'Cross-Platform Multiplayer', 'Steam Achievements', 'Full controller support', 'Steam Trading Cards', 'Adjustable Text Size', 'Camera Comfort', 'Color Alternatives', 'Custom Volume Controls', 'Adjustable Difficulty', 'Playable without Timed Input', 'Save Anytime', 'Stereo Sound', 'Subtitle Options', 'Surround Sound', 'Steam Cloud', 'Remote Play on TV', 'Remote Play Together', 'Family Sharing']",740666.0,96.0,"Baldur’s Gate 3 is a story-rich, party-based RPG set in the universe of Dungeons & Dragons, where your choices shape a tale of fellowship and betrayal, survival and sacrifice, and the lure of absolute power.",False,game,97,100,58,72,85,Breakout leader,Benchmark competitor,Premium,Community / multiplayer audience,Paid upfront,Strong incumbent - study positioning and retention loops,"['tier-1-opportunity', 'high-demand', 'loved-by-players', 'healthy-community', 'social-retention-loop']",[],"Baldur's Gate 3 is a breakout leader, opportunity score 85/100, 96% positive from 441,968 reviews, 44,501 current players.","Use as a benchmark for capsule, pricing, tags, update cadence, and review themes."
47,489830,The Elder Scrolls V: Skyrim Special Edition,https://store.steampowered.com/app/489830/The_Elder_Scrolls_V_Skyrim_Special_Edition/,"Oct 27, 2016",$9.99,999,75.0,Very Positive,94.0,126857.0,['windows'],https://shared.fastly.steamstatic.com/store_item_assets/steam/apps/489830/capsule_231x87.jpg?t=1753715778,2026-06-03T01:57:12.686Z,26885.0,Bethesda Game Studios,Bethesda Softworks,['RPG'],"['Single-player', 'Steam Achievements', 'Playable without Timed Input', 'Save Anytime', 'Stereo Sound', 'Surround Sound', 'Partial Controller Support', 'Steam Cloud', 'Remote Play on Phone', 'Remote Play on Tablet', 'Family Sharing']",211566.0,74.0,"Winner of more than 200 Game of the Year Awards, The Elder Scrolls V: Skyrim Special Edition brings the epic fantasy to life in stunning detail. The Special Edition includes the critically acclaimed game and add-ons with all-new features.",False,game,96,99,90,72,91,Breakout leader,Benchmark competitor,Deep discount,Solo / narrative audience,Discount-driven sales,Strong incumbent - study positioning and retention loops,"['tier-1-opportunity', 'high-demand', 'loved-by-players', 'aggressive-discounting', 'healthy-community']",[],"The Elder Scrolls V: Skyrim Special Edition is a breakout leader, opportunity score 91/100, 94% positive from 126,857 reviews, 26,885 current players, 75% discount.","Use as a benchmark for capsule, pricing, tags, update cadence, and review themes."
48,1245620,ELDEN RING,https://store.steampowered.com/app/1245620/ELDEN_RING/,"Feb 24, 2022",$59.99,5999,0.0,Very Positive,94.0,428611.0,['windows'],https://shared.fastly.steamstatic.com/store_item_assets/steam/apps/1245620/capsule_231x87.jpg?t=1767883716,2026-06-03T01:57:12.686Z,27272.0,"FromSoftware, Inc.","FromSoftware, Inc.","['Action', 'RPG']","['Single-player', 'Multi-player', 'PvP', 'Online PvP', 'Co-op', 'Online Co-op', 'Steam Achievements', 'Full controller support', 'Steam Trading Cards', 'Camera Comfort', 'Custom Volume Controls', 'Playable without Timed Input', 'Save Anytime', 'Stereo Sound', 'Surround Sound', 'Steam Cloud', 'Family Sharing']",818674.0,94.0,"THE CRITICALLY ACCLAIMED FANTASY ACTION RPG. Rise, Tarnished, and be guided by grace to brandish the power of the Elden Ring and become an Elden Lord in the Lands Between.",False,game,96,100,58,72,85,Breakout leader,Benchmark competitor,Premium,Community / multiplayer audience,Paid upfront,Strong incumbent - study positioning and retention loops,"['tier-1-opportunity', 'high-demand', 'loved-by-players', 'healthy-community', 'social-retention-loop']",[],"ELDEN RING is a breakout leader, opportunity score 85/100, 94% positive from 428,611 reviews, 27,272 current players.","Use as a benchmark for capsule, pricing, tags, update cadence, and review themes."
49,1361210,"Warhammer 40,000: Darktide",https://store.steampowered.com/app/1361210/Warhammer_40000_Darktide/,"Nov 30, 2022",$9.99,999,75.0,Mostly Positive,75.0,71850.0,['windows'],https://shared.fastly.steamstatic.com/store_item_assets/steam/apps/1361210/5ae0af3f9d4f6b3f560e3003ce0c5c5e6561e1ea/capsule_231x87_alt_assets_19.jpg?t=1779439171,2026-06-03T01:57:12.686Z,8566.0,Fatshark,Fatshark,"['Action', 'Adventure', 'RPG']","['Multi-player', 'Co-op', 'Online Co-op', 'Cross-Platform Multiplayer', 'Steam Achievements', 'Captions available', 'In-App Purchases', 'Partial Controller Support', 'Family Sharing']",104044.0,,"Take back the city of Tertium from hordes of bloodthirsty foes in this intense and brutal action shooter. Warhammer 40,000: Darktide is the new co-op focused experience from the award-winning team behind the Vermintide series. As Tertium falls, Rejects Will Rise.",False,game,95,85,100,60,87,Breakout leader,Benchmark competitor,Deep discount,Community / multiplayer audience,Base game plus in-app purchases,Strong incumbent - study positioning and retention loops,"['tier-1-opportunity', 'high-demand', 'loved-by-players', 'aggressive-discounting', 'iap-monetized', 'social-retention-loop']",[],"Warhammer 40,000: Darktide is a breakout leader, opportunity score 87/100, 75% positive from 71,850 reviews, 8,566 current players, 75% discount.","Use as a benchmark for capsule, pricing, tags, update cadence, and review themes."
50,1938090,Call of Duty®,https://store.steampowered.com/app/1938090/Call_of_Duty/,"Oct 27, 2022",,0,,Mixed,57.0,232352.0,['windows'],https://shared.fastly.steamstatic.com/store_item_assets/steam/apps/1938090/0ac3cc02398b9db61c8db4fef2e3e1b4b8b66e4b/capsule_231x87.jpg?t=1780348193,2026-06-03T01:57:12.686Z,34770.0,Treyarch,Activision,['Action'],"['Single-player', 'Multi-player', 'PvP', 'Online PvP', 'Co-op', 'Online Co-op', 'Cross-Platform Multiplayer', 'Steam Achievements', 'Captions available', 'In-App Purchases', 'Adjustable Text Size', 'Camera Comfort', 'Color Alternatives', 'Custom Volume Controls', 'Playable without Timed Input', 'Stereo Sound', 'Subtitle Options', 'Surround Sound', 'Partial Controller Support', 'HDR available']",408799.0,,"The Call of Duty® experience supports Modern Warfare® 4, Black Ops 7, Black Ops 6 and Call of Duty®: Warzone™.",False,game,96,67,66,72,78,"High demand, vulnerable sentiment",Displacement opportunity,Unknown price,Community / multiplayer audience,Base game plus in-app purchases,Weak incumbent - demand exists but players are dissatisfied,"['high-demand', 'demand-quality-gap', 'iap-monetized', 'social-retention-loop']","['price-not-visible', 'weak-player-sentiment']","Call of Duty® is a high demand, vulnerable sentiment, opportunity score 78/100, 57% positive from 232,352 reviews, 34,770 current players.",Analyze negative reviews first: this is where a better-positioned competitor can steal demand.
51,2344520,Diablo® IV,https://store.steampowered.com/app/2344520/Diablo_IV/,"Apr 27, 2026",$49.99,4999,0.0,Mostly Positive,74.0,19661.0,['windows'],https://shared.fastly.steamstatic.com/store_item_assets/steam/apps/2344520/7086c858ce766d047bf357515805eda229d966b0/capsule_231x87.jpg?t=1780334052,2026-06-03T01:57:12.686Z,15246.0,"Blizzard Entertainment, Inc.","Blizzard Entertainment, Inc.","['Action', 'Adventure', 'Casual', 'Massively Multiplayer', 'RPG']","['Single-player', 'Multi-player', 'PvP', 'Online PvP', 'Co-op', 'Online Co-op', 'Cross-Platform Multiplayer', 'Steam Achievements', 'Full controller support', 'In-App Purchases', 'Adjustable Text Size', 'Camera Comfort', 'Color Alternatives', 'Adjustable Difficulty', 'Keyboard Only Option', 'Mouse Only Option', 'Narrated Game Menus', 'Playable without Timed Input', 'Save Anytime', 'Stereo Sound', 'Subtitle Options']",54829.0,,"Join the fight for Sanctuary in Diablo® IV, the ultimate action RPG adventure. Experience the critically acclaimed campaign and new seasonal content.",False,game,93,83,66,75,82,Standard competitor,Baseline market data,Premium,Community / multiplayer audience,Base game plus in-app purchases,Comparable baseline,"['high-demand', 'iap-monetized', 'social-retention-loop', 'fresh-release']",[],"Diablo® IV is a standard competitor, opportunity score 82/100, 74% positive from 19,661 reviews, 15,246 current players.",Use as baseline competitor data; enrich with reviews for deeper sentiment intelligence.
52,553850,HELLDIVERS™ 2,https://store.steampowered.com/app/553850/HELLDIVERS_2/,"Feb 8, 2024",$39.99,3999,0.0,Very Positive,80.0,626822.0,['windows'],https://shared.fastly.steamstatic.com/store_item_assets/steam/apps/553850/8463c7dc0ff0c0e3eef6de1688ea25f081761c99/capsule_231x87.jpg?t=1779899567,2026-06-03T01:57:12.686Z,25068.0,Arrowhead Game Studios,PlayStation Publishing LLC,['Action'],"['Multi-player', 'Co-op', 'Online Co-op', 'Steam Achievements', 'In-App Purchases', 'Adjustable Text Size', 'Camera Comfort', 'Chat Speech-to-text', 'Chat Text-to-speech', 'Color Alternatives', 'Custom Volume Controls', 'Adjustable Difficulty', 'Narrated Game Menus', 'Playable without Timed Input', 'Stereo Sound', 'Subtitle Options', 'Surround Sound', 'Partial Controller Support', 'Family Sharing']",827175.0,,"The Galaxy’s Last Line of Offence. Enlist in the Helldivers and join the fight for freedom across a hostile galaxy in a fast, frantic, and ferocious third-person shooter.",False,game,96,90,66,65,82,Standard competitor,Baseline market data,Premium,Community / multiplayer audience,Base game plus in-app purchases,Strong incumbent - study positioning and retention loops,"['high-demand', 'loved-by-players', 'iap-monetized', 'social-retention-loop']",[],"HELLDIVERS™ 2 is a standard competitor, opportunity score 82/100, 80% positive from 626,822 reviews, 25,068 current players.",Use as baseline competitor data; enrich with reviews for deeper sentiment intelligence.
53,1778820,TEKKEN 8,https://store.steampowered.com/app/1778820/TEKKEN_8/,"Jan 25, 2024",$23.99,2399,40.0,Mixed,57.0,26379.0,['windows'],https://shared.fastly.steamstatic.com/store_item_assets/steam/apps/1778820/capsule_231x87.jpg?t=1779923026,2026-06-03T01:57:12.686Z,7467.0,Bandai Namco Studios Inc.,Bandai Namco Entertainment,['Action'],"['Single-player', 'Multi-player', 'PvP', 'Online PvP', 'Shared/Split Screen PvP', 'Shared/Split Screen', 'Steam Achievements', 'Steam Trading Cards', 'Partial Controller Support', 'Steam Cloud', 'Family Sharing']",45802.0,91.0,"TEKKEN 8 is the latest addition to the TEKKEN series, the pinnacle of 3D fighting games. Join the fight with over 32 characters and bear witness to the next installment in this epic saga. Get ready for the biggest and best TEKKEN game ever made!",False,game,93,75,83,53,79,Commercially aggressive,Pricing/monetization benchmark,Promotional discount,Community / multiplayer audience,Paid upfront,Comparable baseline,"['high-demand', 'demand-quality-gap', 'social-retention-loop']",['weak-player-sentiment'],"TEKKEN 8 is a commercially aggressive, opportunity score 79/100, 57% positive from 26,379 reviews, 7,467 current players, 40% discount.","Compare discount depth, price tier, and monetization model against similar titles."
54,4731620,Fortune Mill,https://store.steampowered.com/app/4731620/Fortune_Mill/,"Jun 2, 2026",$5.99,599,25.0,Mostly Positive,77.0,181.0,['windows'],https://shared.fastly.steamstatic.com/store_item_assets/steam/apps/4731620/f194228f139db672f35cfed959bc2f05acb58eb9/capsule_231x87.jpg?t=1780416011,2026-06-03T01:57:12.686Z,4685.0,Lavaflame2,Lavaflame2,"['Casual', 'Indie', 'Simulation']","['Single-player', 'Steam Achievements', 'Steam Cloud', 'Family Sharing']",181.0,,"In this incremental game, you must make $1,000,000 in each room to escape. Throw darts, play scratch-off tickets, unlock automation, and choose upgrades carefully as each room affects all the others!",False,game,73,82,65,63,72,Standard competitor,Baseline market data,Budget,Solo / narrative audience,Paid upfront,Comparable baseline,['fresh-release'],[],"Fortune Mill is a standard competitor, opportunity score 72/100, 77% positive from 181 reviews, 4,685 current players, 25% discount.",Use as baseline competitor data; enrich with reviews for deeper sentiment intelligence.
55,2073620,Arena Breakout: Infinite,https://store.steampowered.com/app/2073620/Arena_Breakout_Infinite/,"Sep 15, 2025",Free,0,,Mostly Positive,76.0,25521.0,['windows'],https://shared.fastly.steamstatic.com/store_item_assets/steam/apps/2073620/c9d30727343934f46df54ed976b24dc6f9b558ef/capsule_231x87.jpg?t=1779265675,2026-06-03T01:57:12.686Z,13206.0,Morefun Studios,Morefun Studios,"['Action', 'Adventure', 'Massively Multiplayer', 'RPG', 'Strategy', 'Free To Play']","['Multi-player', 'MMO', 'PvP', 'Online PvP', 'Co-op', 'Online Co-op', 'Steam Achievements', 'Steam Trading Cards', 'In-App Purchases']",,,"Arena Breakout: Infinite is a high-stakes tactical extraction shooter where every decision matters. Fight, loot, and extract—or lose it all. With stunningly realistic visuals, lifelike sound, and unforgiving PvPvE combat, every raid is a gamble between glory and ruin.",True,game,79,85,78,65,78,Commercially aggressive,Pricing/monetization benchmark,Free-to-play,Community / multiplayer audience,Base game plus in-app purchases,Comparable baseline,"['loved-by-players', 'free-to-play', 'iap-monetized', 'social-retention-loop']",[],"Arena Breakout: Infinite is a commercially aggressive, opportunity score 78/100, 76% positive from 25,521 reviews, 13,206 current players.","Compare discount depth, price tier, and monetization model against similar titles."
56,440,Team Fortress 2,https://store.steampowered.com/app/440/Team_Fortress_2/,"Oct 10, 2007",Free,0,,Very Positive,89.0,734435.0,"['windows', 'linux']",https://shared.fastly.steamstatic.com/store_item_assets/steam/apps/440/capsule_231x87.jpg?t=1757348372,2026-06-03T01:57:12.686Z,46883.0,Valve,Valve,"['Action', 'Free To Play']","['Multi-player', 'Cross-Platform Multiplayer', 'Steam Achievements', 'Steam Trading Cards', 'Captions available', 'Steam Workshop', 'In-App Purchases', 'Camera Comfort', 'Color Alternatives', 'Custom Volume Controls', 'Stereo Sound', 'Surround Sound', 'Partial Controller Support', 'Valve Anti-Cheat enabled', 'Stats', 'Includes level editor', 'Commentary available', 'Remote Play on Phone', 'Remote Play on Tablet']",47074.0,92.0,"Nine distinct classes provide a broad range of tactical abilities and personalities. Constantly updated with new game modes, maps, equipment and, most importantly, hats!",True,game,97,100,78,65,88,Breakout leader,Benchmark competitor,Free-to-play,Community / multiplayer audience,Base game plus in-app purchases,Strong incumbent - study positioning and retention loops,"['tier-1-opportunity', 'high-demand', 'loved-by-players', 'healthy-community', 'free-to-play', 'iap-monetized', 'social-retention-loop']",[],"Team Fortress 2 is a breakout leader, opportunity score 88/100, 89% positive from 734,435 reviews, 46,883 current players.","Use as a benchmark for capsule, pricing, tags, update cadence, and review themes."
57,632360,Risk of Rain 2,https://store.steampowered.com/app/632360/Risk_of_Rain_2/,"Aug 11, 2020",$8.24,824,67.0,Overwhelmingly Positive,95.0,161091.0,['windows'],https://shared.fastly.steamstatic.com/store_item_assets/steam/apps/632360/capsule_231x87.jpg?t=1775753930,2026-06-03T01:57:12.686Z,9583.0,Hopoo Games,Gearbox Publishing,"['Action', 'Indie']","['Single-player', 'Multi-player', 'PvP', 'Online PvP', 'Co-op', 'Online Co-op', 'Full controller support', 'Steam Trading Cards', 'Adjustable Text Size', 'Camera Comfort', 'Custom Volume Controls', 'Adjustable Difficulty', 'Stereo Sound', 'Surround Sound', 'Steam Cloud', 'Steam Leaderboards', 'Remote Play on Phone', 'Remote Play on Tablet', 'Remote Play on TV', 'Family Sharing']",236562.0,85.0,"Escape a chaotic alien planet by fighting through hordes of frenzied monsters – with your friends, or on your own. Combine loot in surprising ways and master each character until you become the havoc you feared upon your first crash landing.",False,game,94,100,88,53,86,Breakout leader,Benchmark competitor,Promotional discount,Community / multiplayer audience,Discount-driven sales,Strong incumbent - study positioning and retention loops,"['tier-1-opportunity', 'high-demand', 'loved-by-players', 'aggressive-discounting', 'social-retention-loop']",[],"Risk of Rain 2 is a breakout leader, opportunity score 86/100, 95% positive from 161,091 reviews, 9,583 current players, 67% discount.","Use as a benchmark for capsule, pricing, tags, update cadence, and review themes."
58,3354750,skate.,https://store.steampowered.com/app/3354750/skate/,"Sep 16, 2025",Free,0,,Mixed,63.0,59299.0,['windows'],https://shared.fastly.steamstatic.com/store_item_assets/steam/apps/3354750/29e9d8f346701c260386e70fb0b17f222ad1bd5c/capsule_231x87.jpg?t=1780420745,2026-06-03T01:57:12.686Z,3171.0,Full Circle,Electronic Arts,"['Action', 'Sports', 'Free To Play', 'Early Access']","['Multi-player', 'MMO', 'PvP', 'Online PvP', 'Co-op', 'Online Co-op', 'Cross-Platform Multiplayer', 'Steam Achievements', 'Full controller support', 'In-App Purchases', 'Camera Comfort', 'Custom Volume Controls', 'Stereo Sound', 'HDR available']",280.0,,"Experience improved Flick-It controls, the rich physics based skateboarding gameplay that provides those “only in skate.™“ moments and off-board exploration for full freedom in the online multiplayer world of San Vansterdam.",True,game,86,73,78,53,75,"High demand, vulnerable sentiment",Displacement opportunity,Free-to-play,Community / multiplayer audience,Base game plus in-app purchases,Weak incumbent - demand exists but players are dissatisfied,"['high-demand', 'demand-quality-gap', 'free-to-play', 'iap-monetized', 'social-retention-loop']",['weak-player-sentiment'],"skate. is a high demand, vulnerable sentiment, opportunity score 75/100, 63% positive from 59,299 reviews, 3,171 current players.",Analyze negative reviews first: this is where a better-positioned competitor can steal demand.
59,3079210,Hell Let Loose: Vietnam,https://store.steampowered.com/app/3079210/Hell_Let_Loose_Vietnam/,"Aug 13, 2026",$35.99,3599,10.0,,,,['windows'],https://shared.fastly.steamstatic.com/store_item_assets/steam/apps/3079210/fafbea801ff2a4945f59cd1fc045cbf3a9f43cd4/capsule_231x87.jpg?t=1780418913,2026-06-03T01:57:12.686Z,,Expression Games,Team17,"['Action', 'Massively Multiplayer', 'Simulation', 'Strategy']","['Multi-player', 'PvP', 'Online PvP', 'Cross-Platform Multiplayer', 'Steam Achievements', 'Partial Controller Support', 'Family Sharing']",,,"Step into the explosive fury of war with Hell Let Loose: Vietnam. Play a decisive role in one of the most iconic conflicts in history with expansive 50v50 player battles, where teamwork, tactics and an arsenal of destructive weapons combine to shape the battlefield in your favour.",False,game,42,35,58,63,48,Standard competitor,Baseline market data,Premium,Community / multiplayer audience,Paid upfront,Comparable baseline,"['social-retention-loop', 'fresh-release']",['review-data-missing-or-not-yet-established'],"Hell Let Loose: Vietnam is a standard competitor, opportunity score 48/100, 10% discount.",Use as baseline competitor data; enrich with reviews for deeper sentiment intelligence.
60,4623170,Marathon Seasonal LUX Fun//Police Bundle,https://store.steampowered.com/app/4623170/Marathon_Seasonal_LUX_FunPolice_Bundle/,"Jun 2, 2026",$9.99,999,0.0,Positive,100.0,20.0,['windows'],https://shared.fastly.steamstatic.com/store_item_assets/steam/apps/4623170/8d1116063970b54bb02a2f9628f1e521187b0ff7/capsule_231x87.jpg?t=1780419635,2026-06-03T01:57:12.686Z,0.0,Bungie,Bungie,['Action'],"['Multi-player', 'PvP', 'Online PvP', 'Cross-Platform Multiplayer', 'Downloadable Content', 'Steam Achievements', 'Adjustable Text Size', 'Camera Comfort', 'Color Alternatives', 'Custom Volume Controls', 'Keyboard Only Option', 'Mouse Only Option', 'Playable without Timed Input', 'Stereo Sound', 'Subtitle Options', 'Surround Sound', 'Touch Only Option', 'Partial Controller Support']",,,"The Seasonal LUX Fun//Police Bundle is built around stolen UESC enforcement tech, repurposed for your own use in the field. Tools designed to control engagements are now in your hands.",False,dlc,49,100,73,63,69,Non-game / accessory listing,Catalog monitoring,Budget,Community / multiplayer audience,Paid upfront,Niche love - small but passionate audience,"['loved-by-players', 'social-retention-loop', 'fresh-release', 'non-game-dlc']","['low-review-confidence', 'not-a-standard-game']","Marathon Seasonal LUX Fun//Police Bundle is a non-game / accessory listing, opportunity score 69/100, 100% positive from 20 reviews.","Keep for catalog awareness, but exclude from game competitor benchmarks."
61,3124540,Far Far West,https://store.steampowered.com/app/3124540/Far_Far_West/,"Apr 28, 2026",$19.99,1999,0.0,Overwhelmingly Positive,97.0,17409.0,['windows'],https://shared.fastly.steamstatic.com/store_item_assets/steam/apps/3124540/396b26f278210ddfbb9e944d8b20da2e8bd17ded/capsule_231x87.jpg?t=1779807563,2026-06-03T01:57:12.686Z,5272.0,Evil Raptor,Fireshine Games,"['Action', 'Adventure', 'Indie', 'Early Access']","['Single-player', 'Multi-player', 'Co-op', 'Online Co-op', 'Camera Comfort', 'Custom Volume Controls', 'Adjustable Difficulty', 'Playable without Timed Input', 'Stereo Sound', 'Surround Sound', 'Partial Controller Support', 'Steam Cloud', 'Family Sharing']",27110.0,,"Yee-haw, Cowboys! Team up in this chaotic 1-4 player co-op shooter. Journey to the Far Far West to blast monsters, sling spells, complete missions, and collect bounties. Work as a team to get in, get paid and get out (mostly) alive.",False,game,90,100,68,63,83,Standard competitor,Baseline market data,Mid-market,Community / multiplayer audience,Paid upfront,Strong incumbent - study positioning and retention loops,"['high-demand', 'loved-by-players', 'social-retention-loop', 'fresh-release']",[],"Far Far West is a standard competitor, opportunity score 83/100, 97% positive from 17,409 reviews, 5,272 current players.",Use as baseline competitor data; enrich with reviews for deeper sentiment intelligence.
62,3041230,Windrose,https://store.steampowered.com/app/3041230/Windrose/,"Apr 14, 2026",$29.99,2999,0.0,Very Positive,88.0,25112.0,['windows'],https://shared.fastly.steamstatic.com/store_item_assets/steam/apps/3041230/6e112d27d66e13071f329e5ff68758dc18bd9a84/capsule_231x87.jpg?t=1777529081,2026-06-03T01:57:12.686Z,15962.0,Kraken Express,Kraken Express,"['Action', 'Adventure', 'RPG', 'Early Access']","['Single-player', 'Multi-player', 'Co-op', 'Online Co-op', 'Full controller support', 'Custom Volume Controls', 'Adjustable Difficulty', 'Playable without Timed Input', 'Stereo Sound', 'Steam Cloud', 'Family Sharing']",42071.0,,"Embark on a PvE survival adventure in the Age of Piracy. Fight on land and sea, solo or with friends. Build, craft and explore vast open world filled with dark secrets. Master soulslite combat and take on challenging bosses, command your ship and plunder unspoken treasures!",False,game,93,97,68,75,85,Breakout leader,Benchmark competitor,Mid-market,Community / multiplayer audience,Paid upfront,Strong incumbent - study positioning and retention loops,"['tier-1-opportunity', 'high-demand', 'loved-by-players', 'healthy-community', 'social-retention-loop', 'fresh-release']",[],"Windrose is a breakout leader, opportunity score 85/100, 88% positive from 25,112 reviews, 15,962 current players.","Use as a benchmark for capsule, pricing, tags, update cadence, and review themes."
63,306130,The Elder Scrolls® Online,https://store.steampowered.com/app/306130/The_Elder_Scrolls_Online/,"May 22, 2017",$4.99,499,75.0,Very Positive,81.0,73857.0,"['windows', 'mac']",https://shared.fastly.steamstatic.com/store_item_assets/steam/apps/306130/709104c8f18e2ec1948745345d7bfcb52611362c/capsule_231x87.jpg?t=1779374516,2026-06-03T01:57:12.686Z,9708.0,ZeniMax Online Studios,Bethesda Softworks,"['Action', 'Adventure', 'Massively Multiplayer', 'RPG']","['Multi-player', 'MMO', 'PvP', 'Online PvP', 'Co-op', 'Online Co-op', 'Steam Trading Cards', 'Captions available', 'In-App Purchases', 'Camera Comfort', 'Chat Text-to-speech', 'Custom Volume Controls', 'Playable without Timed Input', 'Stereo Sound', 'Surround Sound', 'Partial Controller Support', 'HDR available', 'Family Sharing']",133123.0,80.0,"Every legend starts somewhere and in The Elder Scrolls Online, it starts with you. Join millions of players in an online, fantasy RPG set in a vast living Elder Scrolls world.",False,game,94,91,100,53,86,Breakout leader,Benchmark competitor,Deep discount,Community / multiplayer audience,Base game plus in-app purchases,Strong incumbent - study positioning and retention loops,"['tier-1-opportunity', 'high-demand', 'loved-by-players', 'aggressive-discounting', 'iap-monetized', 'social-retention-loop']",[],"The Elder Scrolls® Online is a breakout leader, opportunity score 86/100, 81% positive from 73,857 reviews, 9,708 current players, 75% discount.","Use as a benchmark for capsule, pricing, tags, update cadence, and review themes."
64,3932890,Escape from Tarkov,https://store.steampowered.com/app/3932890/Escape_from_Tarkov/,"Nov 15, 2025",$49.99,4999,0.0,Mixed,60.0,10664.0,['windows'],https://shared.fastly.steamstatic.com/store_item_assets/steam/apps/3932890/9510e3cfb1ac72bebab4a9b6996835dd517da6f0/capsule_231x87_alt_assets_0.jpg?t=1779703783,2026-06-03T01:57:12.686Z,10864.0,Battlestate Games,Battlestate Games,"['Action', 'Massively Multiplayer', 'RPG', 'Simulation']","['Multi-player', 'MMO', 'PvP', 'Online PvP', 'Co-op', 'Online Co-op', 'Steam Achievements', 'Steam Trading Cards', 'In-App Purchases', 'Camera Comfort', 'Color Alternatives', 'Custom Volume Controls', 'Playable without Timed Input', 'Stereo Sound', 'Surround Sound']",46852.0,,"Escape from Tarkov is the original extraction FPS where every raid is a gamble with death. Prep your raid, bleed, endure and fight through ruthless PMC players and Scavs, gain tactical advantage and cling to your loot — only extraction decides if you live or lose it all.",False,game,91,68,66,65,75,"High demand, vulnerable sentiment",Displacement opportunity,Premium,Community / multiplayer audience,Base game plus in-app purchases,Weak incumbent - demand exists but players are dissatisfied,"['high-demand', 'demand-quality-gap', 'iap-monetized', 'social-retention-loop']",['weak-player-sentiment'],"Escape from Tarkov is a high demand, vulnerable sentiment, opportunity score 75/100, 60% positive from 10,664 reviews, 10,864 current players.",Analyze negative reviews first: this is where a better-positioned competitor can steal demand.
65,1190970,House Flipper 2,https://store.steampowered.com/app/1190970/House_Flipper_2/,"Dec 14, 2023",$25.48,2599,50.0,Very Positive,86.0,8985.0,['windows'],https://shared.fastly.steamstatic.com/store_item_assets/steam/apps/1190970/7fdfb8e286b041ea3fe3daf732d9821ad55eca41/capsule_231x87_alt_assets_11.jpg?t=1779979060,2026-06-03T01:57:12.686Z,4147.0,Frozen District,Frozen District,"['Action', 'Adventure', 'Casual', 'Indie', 'Massively Multiplayer', 'Simulation']","['Single-player', 'Multi-player', 'Co-op', 'Online Co-op', 'LAN Co-op', 'Cross-Platform Multiplayer', 'Steam Achievements', 'Full controller support', 'Steam Trading Cards', 'Custom Volume Controls', 'Playable without Timed Input', 'Save Anytime', 'Stereo Sound', 'Steam Cloud', 'Includes level editor', 'Family Sharing']",15513.0,79.0,"Clean your worries away with this relaxing renovation simulator! Buy, fix, sell, and become a local legend. Or grab your power tools and build anything from scratch! With the online 2-4 players co-op mode, you can play both in sandbox and story mode together.",False,game,87,92,83,53,81,Commercially aggressive,Pricing/monetization benchmark,Promotional discount,Community / multiplayer audience,Discount-driven sales,Strong incumbent - study positioning and retention loops,"['high-demand', 'loved-by-players', 'aggressive-discounting', 'social-retention-loop']",[],"House Flipper 2 is a commercially aggressive, opportunity score 81/100, 86% positive from 8,985 reviews, 4,147 current players, 50% discount.","Compare discount depth, price tier, and monetization model against similar titles."
66,1286830,STAR WARS™: The Old Republic™,https://store.steampowered.com/app/1286830/STAR_WARS_The_Old_Republic/,"Jul 21, 2020",Free,0,,Very Positive,90.0,51817.0,['windows'],https://shared.fastly.steamstatic.com/store_item_assets/steam/apps/1286830/capsule_231x87.jpg?t=1779987630,2026-06-03T01:57:12.686Z,7336.0,Broadsword,Electronic Arts,"['Massively Multiplayer', 'RPG', 'Free To Play']","['Multi-player', 'MMO', 'PvP', 'Co-op', 'Steam Achievements', 'Steam Trading Cards', 'In-App Purchases']",459.0,85.0,"STAR WARS™: The Old Republic™ is a free-to-play MMORPG that puts you at the center of your own story-driven saga. Play as a Jedi, Sith, Bounty Hunter, or one of many other iconic STAR WARS roles in the galaxy far, far away over three thousand years before the classic films.",True,game,87,98,78,53,81,Commercially aggressive,Pricing/monetization benchmark,Free-to-play,Community / multiplayer audience,Base game plus in-app purchases,Strong incumbent - study positioning and retention loops,"['high-demand', 'loved-by-players', 'free-to-play', 'iap-monetized', 'social-retention-loop']",[],"STAR WARS™: The Old Republic™ is a commercially aggressive, opportunity score 81/100, 90% positive from 51,817 reviews, 7,336 current players.","Compare discount depth, price tier, and monetization model against similar titles."
67,2399830,ARK: Survival Ascended,https://store.steampowered.com/app/2399830/ARK_Survival_Ascended/,"Oct 25, 2023",$44.99,4499,0.0,Mixed,60.0,54641.0,['windows'],https://shared.fastly.steamstatic.com/store_item_assets/steam/apps/2399830/dce348bb9faef2c1973d04aa8a87bff18e29699b/capsule_231x87.jpg?t=1779293241,2026-06-03T01:57:12.687Z,25536.0,Studio Wildcard,Studio Wildcard,"['Action', 'Adventure', 'Indie', 'Massively Multiplayer', 'RPG', 'Early Access']","['Single-player', 'Multi-player', 'MMO', 'PvP', 'Online PvP', 'LAN PvP', 'Co-op', 'Online Co-op', 'LAN Co-op', 'Shared/Split Screen Co-op', 'Shared/Split Screen', 'Cross-Platform Multiplayer', 'Steam Achievements', 'Full controller support', 'Includes level editor', 'Remote Play Together', 'Family Sharing']",96781.0,,"ARK is reimagined from the ground-up into the next-generation of video game technology with Unreal Engine 5! Form a tribe, tame & breed hundreds of unique dinosaurs and primeval creatures, explore, craft, build, and fight your way to the top of the food-chain. Your new world awaits!",False,game,95,69,58,65,75,"High demand, vulnerable sentiment",Displacement opportunity,Premium,Community / multiplayer audience,Paid upfront,Weak incumbent - demand exists but players are dissatisfied,"['high-demand', 'demand-quality-gap', 'social-retention-loop']",['weak-player-sentiment'],"ARK: Survival Ascended is a high demand, vulnerable sentiment, opportunity score 75/100, 60% positive from 54,641 reviews, 25,536 current players.",Analyze negative reviews first: this is where a better-positioned competitor can steal demand.
68,216150,MapleStory,https://store.steampowered.com/app/216150/MapleStory/,"Aug 9, 2012",Free,0,,Mixed,61.0,12934.0,"['windows', 'mac']",https://shared.fastly.steamstatic.com/store_item_assets/steam/apps/216150/22ad6d057b07641945237dbc6dbab05bb4be615a/capsule_231x87.jpg?t=1779398764,2026-06-03T01:57:12.687Z,9998.0,NEXON Korea Corporation,Nexon America Inc.,"['Action', 'Adventure', 'Casual', 'Massively Multiplayer', 'RPG', 'Free To Play']","['Single-player', 'Multi-player', 'MMO', 'Co-op', 'Steam Trading Cards']",,,"Join over 260 million players worldwide in MapleStory, the world’s biggest 2D MMORPG adventure! Play now for free.",True,game,76,69,70,53,68,"High demand, vulnerable sentiment",Displacement opportunity,Free-to-play,Community / multiplayer audience,Free acquisition funnel,Weak incumbent - demand exists but players are dissatisfied,"['demand-quality-gap', 'free-to-play', 'social-retention-loop']",['weak-player-sentiment'],"MapleStory is a high demand, vulnerable sentiment, opportunity score 68/100, 61% positive from 12,934 reviews, 9,998 current players.",Analyze negative reviews first: this is where a better-positioned competitor can steal demand.
69,1297900,Gothic 1 Remake,https://store.steampowered.com/app/1297900/Gothic_1_Remake/,"Jun 5, 2026",$49.99,4999,0.0,,,,['windows'],https://shared.fastly.steamstatic.com/store_item_assets/steam/apps/1297900/5b39b98ba1be9c4c028e8ab13893b5d512685bb2/capsule_231x87_alt_assets_1.jpg?t=1780412919,2026-06-03T01:57:12.687Z,,Alkimia Interactive,THQ Nordic,"['Action', 'RPG']","['Single-player', 'Steam Achievements', 'Full controller support', 'Steam Trading Cards', 'Camera Comfort', 'Custom Volume Controls', 'Adjustable Difficulty', 'Playable without Timed Input', 'Save Anytime', 'Stereo Sound', 'Subtitle Options', 'Surround Sound', 'Steam Cloud', 'Family Sharing']",,,"The Legend is Back - Return to the Valley of the Mines in this faithful remake of the genre-defining classic RPG. Explore a hand-crafted, organic open world that reacts dynamically to your actions in a gritty, unrestricted experience like no other.",False,game,42,35,50,63,46,Standard competitor,Baseline market data,Premium,Solo / narrative audience,Paid upfront,Comparable baseline,['fresh-release'],['review-data-missing-or-not-yet-established'],"Gothic 1 Remake is a standard competitor, opportunity score 46/100.",Use as baseline competitor data; enrich with reviews for deeper sentiment intelligence.
70,1222670,The Sims™ 4,https://store.steampowered.com/app/1222670/The_Sims_4/,"Jun 18, 2020",Free,0,,Very Positive,87.0,104201.0,['windows'],https://shared.fastly.steamstatic.com/store_item_assets/steam/apps/1222670/capsule_231x87.jpg?t=1778778231,2026-06-03T01:57:12.687Z,22456.0,Maxis,Electronic Arts,"['Adventure', 'Casual', 'Simulation', 'Free To Play']","['Single-player', 'Steam Trading Cards', 'In-App Purchases', 'Mouse Only Option', 'Playable without Timed Input', 'Save Anytime', 'Stereo Sound', 'Surround Sound', 'Remote Play on Tablet']",83054.0,,Play with life and discover the possibilities. Unleash your imagination and create a world of Sims that’s wholly unique. Explore and customize every detail from Sims to homes–and much more.,True,game,95,97,70,65,85,Breakout leader,Benchmark competitor,Free-to-play,Solo / narrative audience,Base game plus in-app purchases,Strong incumbent - study positioning and retention loops,"['tier-1-opportunity', 'high-demand', 'loved-by-players', 'healthy-community', 'free-to-play', 'iap-monetized']",[],"The Sims™ 4 is a breakout leader, opportunity score 85/100, 87% positive from 104,201 reviews, 22,456 current players.","Use as a benchmark for capsule, pricing, tags, update cadence, and review themes."
71,1771300,Kingdom Come: Deliverance II,https://store.steampowered.com/app/1771300/Kingdom_Come_Deliverance_II/,"Feb 4, 2025",$29.99,2999,50.0,Very Positive,92.0,64087.0,['windows'],https://shared.fastly.steamstatic.com/store_item_assets/steam/apps/1771300/93e28946c46f09d761bbfab1e17e8c1c4a8323a0/capsule_231x87.jpg?t=1777975568,2026-06-03T01:57:12.687Z,8098.0,Warhorse Studios,Deep Silver,"['Action', 'Adventure', 'RPG']","['Single-player', 'Steam Achievements', 'Full controller support', 'Steam Trading Cards', 'Custom Volume Controls', 'Playable without Timed Input', 'Stereo Sound', 'Surround Sound', 'Steam Cloud', 'Family Sharing']",135067.0,89.0,"A thrilling story-driven action RPG, with a rich open world, set in 15th century Medieval Europe. Experience the ultimate medieval adventure - through the eyes of young Henry - as you embark on a journey of epic proportions.",False,game,94,100,75,53,84,Commercially aggressive,Pricing/monetization benchmark,Promotional discount,Solo / narrative audience,Discount-driven sales,Strong incumbent - study positioning and retention loops,"['high-demand', 'loved-by-players', 'aggressive-discounting']",[],"Kingdom Come: Deliverance II is a commercially aggressive, opportunity score 84/100, 92% positive from 64,087 reviews, 8,098 current players, 50% discount.","Compare discount depth, price tier, and monetization model against similar titles."
72,285900,Gang Beasts,https://store.steampowered.com/app/285900/Gang_Beasts/,"Dec 12, 2017",$4.99,499,75.0,Very Positive,85.0,24966.0,"['windows', 'mac', 'linux']",https://shared.fastly.steamstatic.com/store_item_assets/steam/apps/285900/capsule_231x87.jpg?t=1780410654,2026-06-03T01:57:12.687Z,1959.0,Boneloaf,Boneloaf,"['Action', 'Adventure', 'Casual', 'Indie', 'Simulation']","['Multi-player', 'PvP', 'Online PvP', 'Shared/Split Screen PvP', 'Shared/Split Screen', 'Steam Achievements', 'Full controller support', 'Remote Play on Phone', 'Remote Play on Tablet', 'Remote Play on TV', 'Remote Play Together', 'Family Sharing']",52839.0,,"Gang Beasts is a silly multiplayer party game with surly gelatinous characters, brutal slapstick fight sequences, and absurd hazardous environments, set in the mean streets of Beef City.",False,game,90,94,98,53,85,Breakout leader,Benchmark competitor,Deep discount,Community / multiplayer audience,Discount-driven sales,Strong incumbent - study positioning and retention loops,"['tier-1-opportunity', 'high-demand', 'loved-by-players', 'aggressive-discounting', 'social-retention-loop']",[],"Gang Beasts is a breakout leader, opportunity score 85/100, 85% positive from 24,966 reviews, 1,959 current players, 75% discount.","Use as a benchmark for capsule, pricing, tags, update cadence, and review themes."
73,3241660,R.E.P.O.,https://store.steampowered.com/app/3241660/REPO/,"Feb 26, 2025",$9.99,999,0.0,Overwhelmingly Positive,96.0,130697.0,['windows'],https://shared.fastly.steamstatic.com/store_item_assets/steam/apps/3241660/e29789d09be972ea786975695bdde1cc047a76e1/capsule_231x87_alt_assets_2.jpg?t=1778158882,2026-06-03T01:57:12.687Z,37646.0,semiwork,semiwork,"['Action', 'Early Access']","['Single-player', 'Multi-player', 'Co-op', 'Online Co-op', 'Camera Comfort', 'Custom Volume Controls', 'Playable without Timed Input', 'Stereo Sound', 'Steam Cloud', 'Family Sharing']",318324.0,,"An online co-op horror game with up to 6 players. Locate valuable, fully physics-based objects and handle them with care as you retrieve and extract to satisfy your creator's desires.",False,game,96,100,73,65,86,Breakout leader,Benchmark competitor,Budget,Community / multiplayer audience,Paid upfront,Strong incumbent - study positioning and retention loops,"['tier-1-opportunity', 'high-demand', 'loved-by-players', 'healthy-community', 'social-retention-loop']",[],"R.E.P.O. is a breakout leader, opportunity score 86/100, 96% positive from 130,697 reviews, 37,646 current players.","Use as a benchmark for capsule, pricing, tags, update cadence, and review themes."
74,3164500,Schedule I,https://store.steampowered.com/app/3164500/Schedule_I/,"Mar 24, 2025",$19.99,1999,0.0,Overwhelmingly Positive,97.0,191758.0,['windows'],https://shared.fastly.steamstatic.com/store_item_assets/steam/apps/3164500/986ee9a7a25cb0e61d1530cc3cd7e3e06aa68733/capsule_231x87.jpg?t=1773974661,2026-06-03T01:57:12.687Z,11463.0,TVGS,TVGS,"['Action', 'Indie', 'Simulation', 'Strategy', 'Early Access']","['Single-player', 'Multi-player', 'Co-op', 'Online Co-op', 'Steam Achievements', 'Adjustable Text Size', 'Camera Comfort', 'Custom Volume Controls', 'Playable without Timed Input', 'Save Anytime', 'Stereo Sound', 'Steam Cloud', 'Family Sharing']",275087.0,,"From small-time dope pusher to kingpin - manufacture and distribute a range of drugs throughout the grungy city of Hyland Point. Expand your empire with properties, businesses, employees and more.",False,game,94,100,68,65,85,Breakout leader,Benchmark competitor,Mid-market,Community / multiplayer audience,Paid upfront,Strong incumbent - study positioning and retention loops,"['tier-1-opportunity', 'high-demand', 'loved-by-players', 'healthy-community', 'social-retention-loop']",[],"Schedule I is a breakout leader, opportunity score 85/100, 97% positive from 191,758 reviews, 11,463 current players.","Use as a benchmark for capsule, pricing, tags, update cadence, and review themes."
75,4656700,Papa's Mocharia Deluxe,https://store.steampowered.com/app/4656700/Papas_Mocharia_Deluxe/,"Jun 2, 2026",$4.97,497,17.0,Very Positive,100.0,84.0,['windows'],https://shared.fastly.steamstatic.com/store_item_assets/steam/apps/4656700/dd933adeaefd2917302b5552f1420feae773c5da/capsule_231x87.jpg?t=1780412413,2026-06-03T01:57:12.687Z,1001.0,Flipline Studios,Flipline Studios,"['Action', 'Casual', 'Indie', 'Simulation', 'Strategy']","['Single-player', 'Steam Achievements', 'Steam Cloud', 'Family Sharing']",,,"Create delicious coffee drinks and cannoli in Papa's Mocharia Deluxe! Create stylish layered lattes in the coffeehouse for Papa Louie's loyal customers while earning tips, points, and Special Recipes. Take a trip in the Food Truck to design and serve your own eye-catching creations!",False,game,61,100,65,63,72,Standard competitor,Baseline market data,Budget,Solo / narrative audience,Paid upfront,Comparable baseline,"['loved-by-players', 'fresh-release']",['low-review-confidence'],"Papa's Mocharia Deluxe is a standard competitor, opportunity score 72/100, 100% positive from 84 reviews, 1,001 current players, 17% discount.",Use as baseline competitor data; enrich with reviews for deeper sentiment intelligence.
76,2807960,Battlefield™ 6,https://store.steampowered.com/app/2807960/Battlefield_6/,"Oct 10, 2025",$69.99,6999,0.0,Mixed,67.0,144415.0,['windows'],https://shared.fastly.steamstatic.com/store_item_assets/steam/apps/2807960/d7ae078e0a543a97ff5a5d72165999535b0b1cdc/capsule_231x87.jpg?t=1778612637,2026-06-03T01:57:12.687Z,35018.0,Battlefield Studios,Electronic Arts,['Action'],"['Single-player', 'Multi-player', 'PvP', 'Online PvP', 'Cross-Platform Multiplayer', 'Steam Achievements', 'Full controller support', 'In-App Purchases', 'Camera Comfort', 'Chat Speech-to-text', 'Chat Text-to-speech', 'Color Alternatives', 'Custom Volume Controls', 'Adjustable Difficulty', 'Keyboard Only Option', 'Playable without Timed Input', 'Stereo Sound', 'Subtitle Options', 'Surround Sound', 'Steam Cloud', 'HDR available']",275641.0,82.0,"The ultimate all-out warfare experience. In a war of tanks, fighter jets, and massive combat arsenals, your squad is the deadliest weapon.",False,game,96,81,56,65,78,Standard competitor,Baseline market data,High-ticket,Community / multiplayer audience,Base game plus in-app purchases,Comparable baseline,"['high-demand', 'demand-quality-gap', 'iap-monetized', 'social-retention-loop']",['weak-player-sentiment'],"Battlefield™ 6 is a standard competitor, opportunity score 78/100, 67% positive from 144,415 reviews, 35,018 current players.",Use as baseline competitor data; enrich with reviews for deeper sentiment intelligence.
77,4712160,Fallout 76 - Deathclaw Pet Bundle,https://store.steampowered.com/app/4712160/Fallout_76__Deathclaw_Pet_Bundle/,"Jun 2, 2026",$29.99,2999,0.0,,,,['windows'],https://shared.fastly.steamstatic.com/store_item_assets/steam/apps/4712160/6919d42f4f991da6803673e98bdfa0f3e3262c40/capsule_231x87.jpg?t=1780433664,2026-06-03T01:57:12.687Z,0.0,Bethesda Game Studios,Bethesda Softworks,['RPG'],"['Multi-player', 'MMO', 'PvP', 'Online PvP', 'Co-op', 'Online Co-op', 'Downloadable Content', 'Steam Achievements', 'In-App Purchases', 'Playable without Timed Input', 'Stereo Sound', 'Surround Sound', 'Partial Controller Support', 'Remote Play on Tablet']",,,"Receive your very own cuddly, carnivous companion with Fallout 76: Deathclaw Pet Bundle! Fallout 76 base game required, sold separately.",False,dlc,41,35,76,63,51,Non-game / accessory listing,Catalog monitoring,Mid-market,Community / multiplayer audience,Base game plus in-app purchases,Comparable baseline,"['iap-monetized', 'social-retention-loop', 'fresh-release', 'non-game-dlc']","['review-data-missing-or-not-yet-established', 'not-a-standard-game']","Fallout 76 - Deathclaw Pet Bundle is a non-game / accessory listing, opportunity score 51/100.","Keep for catalog awareness, but exclude from game competitor benchmarks."
78,2073850,THE FINALS,https://store.steampowered.com/app/2073850/THE_FINALS/,"Dec 7, 2023",Free,3999,,Very Positive,80.0,152552.0,['windows'],https://shared.fastly.steamstatic.com/store_item_assets/steam/apps/2073850/dc50f757c463cc1f7cadbd61a4e63e3ba8d566fa/capsule_231x87.jpg?t=1779963001,2026-06-03T01:57:12.687Z,13081.0,Embark Studios,Embark Studios,"['Action', 'Free To Play']","['Multi-player', 'PvP', 'Online PvP', 'Co-op', 'Online Co-op', 'Cross-Platform Multiplayer', 'Steam Achievements', 'Full controller support', 'In-App Purchases']",,,"THE FINALS is the world’s first Dynamism Shooter, a free-to-play, fast-paced, physics-driven, first-person shooter set on the stage of the biggest Gameshow of the future! Fight for Fans and fortune in fully-destructible, virtual Arenas that guarantee no two rounds will ever play the same!",True,game,79,90,78,65,79,Commercially aggressive,Pricing/monetization benchmark,Free-to-play,Community / multiplayer audience,Base game plus in-app purchases,Comparable baseline,"['loved-by-players', 'free-to-play', 'iap-monetized', 'social-retention-loop']",[],"THE FINALS is a commercially aggressive, opportunity score 79/100, 80% positive from 152,552 reviews, 13,081 current players.","Compare discount depth, price tier, and monetization model against similar titles."
79,582660,Black Desert,https://store.steampowered.com/app/582660/Black_Desert/,"May 24, 2017",$9.99,999,0.0,Mostly Positive,72.0,35601.0,['windows'],https://shared.fastly.steamstatic.com/store_item_assets/steam/apps/582660/8bc9b1c77608e30042d876da0cfb9f838ac535c9/capsule_231x87_alt_assets_27.jpg?t=1773974827,2026-06-03T01:57:12.687Z,16422.0,Pearl Abyss,Pearl Abyss,"['Action', 'Adventure', 'Massively Multiplayer', 'RPG', 'Strategy']","['Multi-player', 'MMO', 'PvP', 'Online PvP', 'Co-op', 'Online Co-op', 'Steam Trading Cards', 'In-App Purchases', 'Partial Controller Support']",62174.0,80.0,"Played by over 20 million Adventurers - Black Desert Online is an open-world, action MMORPG. Experience intense, action-packed combat, battle massive world bosses, fight alongside friends to siege and conquer castles, and train in professions such as fishing, trading, crafting, cooking, and more!",False,game,93,83,81,65,83,Commercially aggressive,Pricing/monetization benchmark,Budget,Community / multiplayer audience,Base game plus in-app purchases,Comparable baseline,"['high-demand', 'iap-monetized', 'social-retention-loop']",[],"Black Desert is a commercially aggressive, opportunity score 83/100, 72% positive from 35,601 reviews, 16,422 current players.","Compare discount depth, price tier, and monetization model against similar titles."
80,3404260,Dead as Disco,https://store.steampowered.com/app/3404260/Dead_as_Disco/,"May 5, 2026",$24.99,2499,0.0,Overwhelmingly Positive,97.0,5156.0,['windows'],https://shared.fastly.steamstatic.com/store_item_assets/steam/apps/3404260/c047bcb51618b08b5764cc3a5c15f1b50511e4ee/capsule_231x87.jpg?t=1778694984,2026-06-03T01:57:12.687Z,1460.0,"Brain Jar Games, Inc.","Brain Jar Games, Inc.","['Action', 'Indie', 'Early Access']","['Single-player', 'Full controller support', 'Steam Cloud', 'Family Sharing']",7813.0,,"Martial arts meets music video in Dead as Disco, a neon-drenched Beat ‘Em Up where every punch, kick, and combo syncs to the music. Join Charlie Disco on a quest to confront the villainous Idols and reunite the band.",False,game,83,100,60,63,79,Standard competitor,Baseline market data,Mid-market,Solo / narrative audience,Paid upfront,Strong incumbent - study positioning and retention loops,"['high-demand', 'loved-by-players', 'fresh-release']",[],"Dead as Disco is a standard competitor, opportunity score 79/100, 97% positive from 5,156 reviews, 1,460 current players.",Use as baseline competitor data; enrich with reviews for deeper sentiment intelligence.
81,3764200,Resident Evil Requiem,https://store.steampowered.com/app/3764200/Resident_Evil_Requiem/,"Feb 26, 2026",$69.99,6999,0.0,Overwhelmingly Positive,96.0,50132.0,['windows'],https://shared.fastly.steamstatic.com/store_item_assets/steam/apps/3764200/64f506b9b6210df6055136e7017f2082957e5b22/capsule_231x87.jpg?t=1779840172,2026-06-03T01:57:12.687Z,4205.0,"CAPCOM Co., Ltd.","CAPCOM Co., Ltd.","['Action', 'Adventure']","['Single-player', 'Steam Achievements', 'Full controller support', 'Steam Trading Cards', 'Captions available', 'Steam Cloud', 'HDR available', 'Family Sharing']",99596.0,92.0,Requiem for the dead. Nightmare for the living. Prepare to escape death in a heart-stopping experience that will chill you to your core.,False,game,92,100,40,53,76,Standard competitor,Baseline market data,High-ticket,Solo / narrative audience,Paid upfront,Strong incumbent - study positioning and retention loops,"['high-demand', 'loved-by-players']",[],"Resident Evil Requiem is a standard competitor, opportunity score 76/100, 96% positive from 50,132 reviews, 4,205 current players.",Use as baseline competitor data; enrich with reviews for deeper sentiment intelligence.
82,4084710,Rayman Legends Retold,https://store.steampowered.com/app/4084710/Rayman_Legends_Retold/,Coming soon,$39.99,3999,0.0,,,,['windows'],https://shared.fastly.steamstatic.com/store_item_assets/steam/apps/4084710/4e959416504e6b658554bd8f7614282442879627/capsule_231x87.jpg?t=1780440018,2026-06-03T01:57:12.687Z,,Ubisoft,Ubisoft,"['Action', 'Adventure', 'Casual']","['Single-player', 'Multi-player', 'PvP', 'Shared/Split Screen PvP', 'Co-op', 'Shared/Split Screen Co-op', 'Shared/Split Screen', 'Cross-Platform Multiplayer', 'Steam Achievements', 'Full controller support', 'Playable without Timed Input', 'Save Anytime', 'Subtitle Options', 'Remote Play Together']",,,"Embark on a bold reimagining of the beloved platformer, with new visuals and a retold story. Play solo or up to 4‑player couch co‑op, explore a mysterious new realm, jam through new musical stages, and more!",False,game,41,35,58,53,45,Standard competitor,Baseline market data,Premium,Community / multiplayer audience,Paid upfront,Comparable baseline,['social-retention-loop'],['review-data-missing-or-not-yet-established'],"Rayman Legends Retold is a standard competitor, opportunity score 45/100.",Use as baseline competitor data; enrich with reviews for deeper sentiment intelligence.
83,3558670,Tomb Raider: Legacy of Atlantis,https://store.steampowered.com/app/3558670/Tomb_Raider_Legacy_of_Atlantis/,"Feb 12, 2027",$59.99,5999,0.0,,,,['windows'],https://shared.fastly.steamstatic.com/store_item_assets/steam/apps/3558670/560eb591bb96d39b4d9c2349854ce728e3208ea4/capsule_231x87.jpg?t=1780440913,2026-06-03T01:57:12.687Z,,Crystal Dynamics,Amazon Game Studios,"['Action', 'Adventure']","['Single-player', 'Steam Achievements', 'Full controller support', 'HDR available', 'Family Sharing']",,,"Experience a stunning reimagining of Lara Croft’s debut adventure to discover the lost secrets of Atlantis with jaw-dropping visuals, modern gameplay, and new surprises that honor the spirit of the original.",False,game,41,35,50,53,44,Standard competitor,Baseline market data,Premium,Solo / narrative audience,Paid upfront,Comparable baseline,[],['review-data-missing-or-not-yet-established'],"Tomb Raider: Legacy of Atlantis is a standard competitor, opportunity score 44/100.",Use as baseline competitor data; enrich with reviews for deeper sentiment intelligence.
84,739630,Phasmophobia,https://store.steampowered.com/app/739630/Phasmophobia/,"Sep 18, 2020",$19.99,1999,0.0,Very Positive,94.0,355727.0,"['windows', 'vr']",https://shared.fastly.steamstatic.com/store_item_assets/steam/apps/739630/0268c77668d5643d3f2c19e67e92e252fdfe6c7f/capsule_231x87.jpg?t=1780397989,2026-06-03T01:57:12.687Z,9374.0,Kinetic Games,Kinetic Games,"['Action', 'Indie', 'Early Access']","['Single-player', 'Multi-player', 'Co-op', 'Online Co-op', 'Steam Achievements', 'Full controller support', 'Tracked Controller Support', 'VR Supported', 'Steam Trading Cards', 'Camera Comfort', 'Adjustable Difficulty', 'Playable without Timed Input', 'Stereo Sound', 'Surround Sound', 'Steam Cloud', 'Remote Play on Phone', 'Remote Play on Tablet', 'Family Sharing']",676607.0,,Phasmophobia is a 4 player online co-op psychological horror. Paranormal activity is on the rise and it’s up to you and your team to use all the ghost-hunting equipment at your disposal in order to gather as much evidence as you can.,False,game,93,100,68,53,82,Standard competitor,Baseline market data,Mid-market,Community / multiplayer audience,Paid upfront,Strong incumbent - study positioning and retention loops,"['high-demand', 'loved-by-players', 'social-retention-loop']",[],"Phasmophobia is a standard competitor, opportunity score 82/100, 94% positive from 355,727 reviews, 9,374 current players.",Use as baseline competitor data; enrich with reviews for deeper sentiment intelligence.
85,3405690,EA SPORTS FC™ 26,https://store.steampowered.com/app/3405690/EA_SPORTS_FC_26/,"Sep 25, 2025",$40.00,6999,0.0,Mixed,47.0,18745.0,['windows'],https://shared.fastly.steamstatic.com/store_item_assets/steam/apps/3405690/abca0fd9695521a046d407327d82f808162315f7/capsule_231x87.jpg?t=1777414590,2026-06-03T01:57:12.687Z,37477.0,EA Canada,Electronic Arts,"['Simulation', 'Sports']","['Single-player', 'Multi-player', 'PvP', 'Online PvP', 'Shared/Split Screen PvP', 'Co-op', 'Online Co-op', 'Shared/Split Screen Co-op', 'Shared/Split Screen', 'Cross-Platform Multiplayer', 'Steam Achievements', 'Full controller support', 'In-App Purchases', 'Chat Speech-to-text', 'Adjustable Difficulty', 'Keyboard Only Option', 'Stereo Sound', 'Subtitle Options', 'HDR available']",62817.0,,"The Club is Yours in EA SPORTS FC™ 26. Play your way with an overhauled gameplay experience powered by community feedback, Manager Live Challenges that bring fresh storylines to the new season, and Archetypes inspired by greats of the game.",False,game,93,56,56,65,71,"High demand, vulnerable sentiment",Displacement opportunity,High-ticket,Community / multiplayer audience,Base game plus in-app purchases,Weak incumbent - demand exists but players are dissatisfied,"['high-demand', 'demand-quality-gap', 'iap-monetized', 'social-retention-loop']",['weak-player-sentiment'],"EA SPORTS FC™ 26 is a high demand, vulnerable sentiment, opportunity score 71/100, 47% positive from 18,745 reviews, 37,477 current players.",Analyze negative reviews first: this is where a better-positioned competitor can steal demand.
86,270880,American Truck Simulator,https://store.steampowered.com/app/270880/American_Truck_Simulator/,"Feb 2, 2016",$19.99,1999,0.0,Overwhelmingly Positive,97.0,92568.0,"['windows', 'mac', 'linux']",https://shared.fastly.steamstatic.com/store_item_assets/steam/apps/270880/8809b200b3ebdd7fbcdbfdbe6c8f91b2c0ce93df/capsule_231x87.jpg?t=1778774561,2026-06-03T01:57:12.687Z,8581.0,SCS Software,SCS Software,"['Indie', 'Simulation']","['Single-player', 'Multi-player', 'Co-op', 'Online Co-op', 'Steam Achievements', 'Steam Trading Cards', 'Steam Workshop', 'Camera Comfort', 'Custom Volume Controls', 'Adjustable Difficulty', 'Keyboard Only Option', 'Playable without Timed Input', 'Save Anytime', 'Stereo Sound', 'Surround Sound', 'Partial Controller Support', 'Steam Cloud', 'Includes level editor', 'Remote Play Together', 'Family Sharing']",163576.0,76.0,"Experience legendary American trucks and deliver various cargoes across sunny California, sandy Nevada, and the Grand Canyon State of Arizona. American Truck Simulator takes you on a journey through the breathtaking landscapes and widely recognized landmarks around the States.",False,game,93,100,68,53,82,Standard competitor,Baseline market data,Mid-market,Community / multiplayer audience,Paid upfront,Strong incumbent - study positioning and retention loops,"['high-demand', 'loved-by-players', 'social-retention-loop']",[],"American Truck Simulator is a standard competitor, opportunity score 82/100, 97% positive from 92,568 reviews, 8,581 current players.",Use as baseline competitor data; enrich with reviews for deeper sentiment intelligence.
87,2747330,Species: Unknown,https://store.steampowered.com/app/2747330/Species_Unknown/,"Oct 23, 2025",$7.99,799,20.0,Very Positive,94.0,4642.0,['windows'],https://shared.fastly.steamstatic.com/store_item_assets/steam/apps/2747330/4e2dbad7d99699d34d51a10f1563b95171d038d7/capsule_231x87_alt_assets_2.jpg?t=1779723004,2026-06-03T01:57:12.687Z,2471.0,WanadevStudio,WanadevStudio,"['Action', 'Indie', 'Early Access']","['Single-player', 'Multi-player', 'Co-op', 'Online Co-op', 'Full controller support', 'Family Sharing']",7177.0,,Species: Unknown is a 1 to 4 players co-op survival horror. Complete high-risk missions aboard an abandoned ship while being hunted by an unknown creature. Survive and upgrade your gear to face each new threat that lurks in the dark.,False,game,83,100,73,53,79,Standard competitor,Baseline market data,Budget,Community / multiplayer audience,Paid upfront,Strong incumbent - study positioning and retention loops,"['high-demand', 'loved-by-players', 'social-retention-loop']",[],"Species: Unknown is a standard competitor, opportunity score 79/100, 94% positive from 4,642 reviews, 2,471 current players, 20% discount.",Use as baseline competitor data; enrich with reviews for deeper sentiment intelligence.
88,3583210,Crashout Crew,https://store.steampowered.com/app/3583210/Crashout_Crew/,"May 28, 2026",$4.95,495,38.0,Very Positive,94.0,480.0,['windows'],https://shared.fastly.steamstatic.com/store_item_assets/steam/apps/3583210/8c72003fa9b495893d862479f99c361ab647ded6/capsule_231x87.jpg?t=1779978529,2026-06-03T01:57:12.687Z,1704.0,Aggro Crab,Aggro Crab,"['Casual', 'Indie']","['Single-player', 'Multi-player', 'Co-op', 'Online Co-op', 'Steam Achievements', 'Full controller support', 'Custom Volume Controls', 'Keyboard Only Option', 'Playable without Timed Input', 'Stereo Sound', 'Surround Sound', 'Steam Cloud', 'Family Sharing']",480.0,,"Time to clock in at DE NILE SHIPPING, the world’s “most efficient” warehouse! Work together in online co-op with up to 4 players to fulfill orders of increasingly chaotic, physics-based boxes. Time is money, and safety is no concern… just try not to crash out!",False,game,74,99,73,63,78,Standard competitor,Baseline market data,Promotional discount,Community / multiplayer audience,Paid upfront,Comparable baseline,"['loved-by-players', 'social-retention-loop', 'fresh-release']",[],"Crashout Crew is a standard competitor, opportunity score 78/100, 94% positive from 480 reviews, 1,704 current players, 38% discount.",Use as baseline competitor data; enrich with reviews for deeper sentiment intelligence.
89,440900,Conan Exiles Enhanced,https://store.steampowered.com/app/440900/Conan_Exiles_Enhanced/,"May 8, 2018",$39.99,3999,0.0,Mostly Positive,79.0,38829.0,['windows'],https://shared.fastly.steamstatic.com/store_item_assets/steam/apps/440900/e306c9c1b85d6cbca8f1a132f0888b7163d9b3b1/capsule_231x87_alt_assets_7.jpg?t=1778144715,2026-06-03T01:57:12.687Z,15141.0,Funcom,Funcom,"['Action', 'Adventure', 'Massively Multiplayer', 'RPG', 'Simulation', 'Strategy']","['Single-player', 'Multi-player', 'PvP', 'Online PvP', 'Co-op', 'Online Co-op', 'Steam Achievements', 'Full controller support', 'Steam Trading Cards', 'Steam Workshop', 'Remote Play on Tablet', 'Remote Play on TV', 'Family Sharing']",78220.0,,"Conan Exiles Enhanced is an open world survival game set in the mythical lands of Hyboria, now fully upgraded to Unreal Engine 5 with stunning visuals and improved performance. SURVIVE, BUILD, and DOMINATE alone or with friends in a world brimming with adventure!",False,game,93,88,58,65,79,Standard competitor,Baseline market data,Premium,Community / multiplayer audience,Paid upfront,Strong incumbent - study positioning and retention loops,"['high-demand', 'loved-by-players', 'social-retention-loop']",[],"Conan Exiles Enhanced is a standard competitor, opportunity score 79/100, 79% positive from 38,829 reviews, 15,141 current players.",Use as baseline competitor data; enrich with reviews for deeper sentiment intelligence.
90,2878450,Master of Command,https://store.steampowered.com/app/2878450/Master_of_Command/,"Oct 27, 2025",$23.99,2399,20.0,Very Positive,92.0,2190.0,['windows'],https://shared.fastly.steamstatic.com/store_item_assets/steam/apps/2878450/cdfcfc892332f80b6be9a6d3d7b2526622abb989/capsule_231x87.jpg?t=1780334624,2026-06-03T01:57:12.688Z,710.0,Armchair Interactive,Armchair Interactive,['Strategy'],"['Single-player', 'Steam Achievements', 'Steam Trading Cards', 'Steam Workshop', 'Steam Cloud', 'Includes level editor', 'Family Sharing']",3286.0,,"Take command in Europe's greatest 18th-century war. Equip & customize regiments, manage supplies, and engage in brutal real-time battles across procedural campaigns. Resources and replacements are scarce, and keeping your best men alive may matter more than any single victory.",False,game,79,99,60,53,75,Standard competitor,Baseline market data,Mid-market,Solo / narrative audience,Paid upfront,Comparable baseline,['loved-by-players'],[],"Master of Command is a standard competitor, opportunity score 75/100, 92% positive from 2,190 reviews, 710 current players, 20% discount.",Use as baseline competitor data; enrich with reviews for deeper sentiment intelligence.
91,294100,RimWorld,https://store.steampowered.com/app/294100/RimWorld/,"Oct 17, 2018",$34.99,3499,0.0,Overwhelmingly Positive,97.0,116940.0,"['windows', 'mac', 'linux']",https://shared.fastly.steamstatic.com/store_item_assets/steam/apps/294100/a805ac5e3ceb54a2d7d3e1c1049907f1ef8bbb89/capsule_231x87.jpg?t=1780420333,2026-06-03T01:57:12.688Z,23354.0,Ludeon Studios,Ludeon Studios,"['Indie', 'Simulation', 'Strategy']","['Single-player', 'Steam Workshop', 'Adjustable Text Size', 'Camera Comfort', 'Custom Volume Controls', 'Adjustable Difficulty', 'Mouse Only Option', 'Playable without Timed Input', 'Save Anytime', 'Partial Controller Support', 'Steam Cloud', 'Remote Play on Tablet', 'Family Sharing']",203459.0,87.0,"A sci-fi colony sim driven by an intelligent AI storyteller. Generates stories by simulating psychology, ecology, gunplay, melee combat, climate, biomes, diplomacy, interpersonal relationships, art, medicine, trade, and more.",False,game,94,100,50,65,81,Standard competitor,Baseline market data,Premium,Solo / narrative audience,Paid upfront,Strong incumbent - study positioning and retention loops,"['high-demand', 'loved-by-players', 'healthy-community']",[],"RimWorld is a standard competitor, opportunity score 81/100, 97% positive from 116,940 reviews, 23,354 current players.",Use as baseline competitor data; enrich with reviews for deeper sentiment intelligence.
92,2605790,Deep Rock Galactic: Rogue Core,https://store.steampowered.com/app/2605790/Deep_Rock_Galactic_Rogue_Core/,"May 20, 2026",$29.99,2999,0.0,Mixed,69.0,5850.0,['windows'],https://shared.fastly.steamstatic.com/store_item_assets/steam/apps/2605790/cf83f3c2010f64ecd2ba0799cfeee2efdd7abe17/capsule_231x87.jpg?t=1779480566,2026-06-03T01:57:12.688Z,4122.0,Ghost Ship Games,Ghost Ship Publishing,"['Action', 'Early Access']","['Single-player', 'Multi-player', 'Co-op', 'Online Co-op', 'Steam Achievements', 'Full controller support', 'Captions available', 'Camera Comfort', 'Color Alternatives', 'Custom Volume Controls', 'Playable without Timed Input', 'Stereo Sound', 'Subtitle Options', 'Steam Cloud', 'Family Sharing']",11284.0,,"DEEP ROCK GALACTIC: ROGUE CORE is a 1-4 player co-op FPS action roguelite featuring sci-fi dwarves, alien horrors and procedurally-generated caves. Join the elite dwarven Reclaimers and fight through perilous mining facilities infested with deadly Corespawn. For Rock and Stone!",False,game,85,77,68,63,75,Standard competitor,Baseline market data,Mid-market,Community / multiplayer audience,Paid upfront,Comparable baseline,"['high-demand', 'demand-quality-gap', 'social-retention-loop', 'fresh-release']",['weak-player-sentiment'],"Deep Rock Galactic: Rogue Core is a standard competitor, opportunity score 75/100, 69% positive from 5,850 reviews, 4,122 current players.",Use as baseline competitor data; enrich with reviews for deeper sentiment intelligence.
93,2437170,SMITE 2,https://store.steampowered.com/app/2437170/SMITE_2/,"Aug 27, 2024",Free,2999,,Mixed,54.0,14228.0,['windows'],https://shared.fastly.steamstatic.com/store_item_assets/steam/apps/2437170/a46e536f288d4243fd679d865f19e9205a2f1cca/capsule_231x87_alt_assets_20.jpg?t=1780344707,2026-06-03T01:57:12.688Z,7890.0,Titan Forge Games,Hi-Rez Studios,"['Action', 'Adventure', 'Casual', 'Massively Multiplayer', 'RPG', 'Strategy', 'Free To Play', 'Early Access']","['Multi-player', 'PvP', 'Online PvP', 'Co-op', 'Online Co-op', 'Cross-Platform Multiplayer', 'Steam Achievements', 'Full controller support', 'In-App Purchases']",8130.0,,"Become a god and wage war in SMITE 2, the free-to-play Unreal Engine 5-powered sequel to the legendary third-person action MOBA. If you love challenging competition, intense action, ability-driven combat, rewarding teamwork, or godly mythology, you’ll see why 40+ million players love SMITE.",True,game,87,62,88,53,74,"High demand, vulnerable sentiment",Displacement opportunity,Free-to-play,Community / multiplayer audience,Base game plus in-app purchases,Weak incumbent - demand exists but players are dissatisfied,"['high-demand', 'demand-quality-gap', 'free-to-play', 'iap-monetized', 'social-retention-loop']",['weak-player-sentiment'],"SMITE 2 is a high demand, vulnerable sentiment, opportunity score 74/100, 54% positive from 14,228 reviews, 7,890 current players.",Analyze negative reviews first: this is where a better-positioned competitor can steal demand.
94,311210,Call of Duty®: Black Ops III,https://store.steampowered.com/app/311210/Call_of_Duty_Black_Ops_III/,"Nov 5, 2015",$59.99,5999,0.0,Very Positive,90.0,116918.0,"['windows', 'mac']",https://shared.fastly.steamstatic.com/store_item_assets/steam/apps/311210/capsule_231x87.jpg?t=1748022663,2026-06-03T01:57:12.688Z,6724.0,Treyarch,Activision,"['Action', 'Adventure']","['Single-player', 'Multi-player', 'Co-op', 'Shared/Split Screen', 'Steam Achievements', 'Full controller support', 'Steam Trading Cards', 'Steam Workshop', 'Valve Anti-Cheat enabled', 'Steam Leaderboards', 'Remote Play on Phone', 'Remote Play on Tablet', 'Remote Play on TV', 'Remote Play Together', 'Family Sharing']",153656.0,73.0,Call of Duty®: Black Ops III Zombies Chronicles Edition includes the full base game plus the Zombies Chronicles content expansion.,False,game,93,96,58,53,79,Standard competitor,Baseline market data,Premium,Community / multiplayer audience,Paid upfront,Strong incumbent - study positioning and retention loops,"['high-demand', 'loved-by-players', 'social-retention-loop']",[],"Call of Duty®: Black Ops III is a standard competitor, opportunity score 79/100, 90% positive from 116,918 reviews, 6,724 current players.",Use as baseline competitor data; enrich with reviews for deeper sentiment intelligence.
95,1364780,Street Fighter™ 6,https://store.steampowered.com/app/1364780/Street_Fighter_6/,"Jun 1, 2023",$39.99,3999,0.0,Very Positive,85.0,19822.0,['windows'],https://shared.fastly.steamstatic.com/store_item_assets/steam/apps/1364780/f7f38ca38076c9bdf010672bb7b071d66625d401/capsule_231x87_alt_assets_19.jpg?t=1779953790,2026-06-03T01:57:12.688Z,14720.0,"CAPCOM Co., Ltd.","CAPCOM Co., Ltd.","['Action', 'Adventure']","['Single-player', 'Multi-player', 'PvP', 'Online PvP', 'Shared/Split Screen PvP', 'Shared/Split Screen', 'Cross-Platform Multiplayer', 'Steam Achievements', 'Steam Trading Cards', 'In-App Purchases', 'Camera Comfort', 'Custom Volume Controls', 'Adjustable Difficulty', 'Keyboard Only Option', 'Save Anytime', 'Stereo Sound', 'Surround Sound', 'Partial Controller Support', 'Steam Cloud', 'Family Sharing']",46736.0,92.0,"Here comes Capcom’s newest challenger! Street Fighter™ 6 launches worldwide on June 2nd, 2023 and represents the next evolution of the Street Fighter™ series! Street Fighter 6 spans three distinct game modes, including World Tour, Fighting Ground and Battle Hub.",False,game,91,96,66,65,82,Standard competitor,Baseline market data,Premium,Community / multiplayer audience,Base game plus in-app purchases,Strong incumbent - study positioning and retention loops,"['high-demand', 'loved-by-players', 'healthy-community', 'iap-monetized', 'social-retention-loop']",[],"Street Fighter™ 6 is a standard competitor, opportunity score 82/100, 85% positive from 19,822 reviews, 14,720 current players.",Use as baseline competitor data; enrich with reviews for deeper sentiment intelligence.
96,281990,Stellaris,https://store.steampowered.com/app/281990/Stellaris/,"May 9, 2016",$49.99,4999,0.0,Very Positive,86.0,75646.0,"['windows', 'mac', 'linux']",https://shared.fastly.steamstatic.com/store_item_assets/steam/apps/281990/32c71374d9617534661fbfac0ac9fa6849f62215/capsule_231x87.jpg?t=1779090735,2026-06-03T01:57:12.688Z,11005.0,Paradox Development Studio,Paradox Interactive,"['Simulation', 'Strategy']","['Single-player', 'Multi-player', 'Cross-Platform Multiplayer', 'Steam Achievements', 'Steam Trading Cards', 'Steam Workshop', 'Steam Cloud', 'Family Sharing']",140784.0,78.0,"Explore a galaxy full of wonders in this sci-fi grand strategy game from Paradox Development Studios. Interact with diverse alien races, discover strange new worlds with unexpected events and expand the reach of your empire. Each new adventure holds almost limitless possibilities.",False,game,93,94,58,65,81,Standard competitor,Baseline market data,Premium,Community / multiplayer audience,Paid upfront,Strong incumbent - study positioning and retention loops,"['high-demand', 'loved-by-players', 'healthy-community', 'social-retention-loop']",[],"Stellaris is a standard competitor, opportunity score 81/100, 86% positive from 75,646 reviews, 11,005 current players.",Use as baseline competitor data; enrich with reviews for deeper sentiment intelligence.
97,960090,Bloons TD 6,https://store.steampowered.com/app/960090/Bloons_TD_6/,"Dec 17, 2018",$13.99,1399,0.0,Overwhelmingly Positive,97.0,226026.0,"['windows', 'mac']",https://shared.fastly.steamstatic.com/store_item_assets/steam/apps/960090/capsule_231x87.jpg?t=1769161752,2026-06-03T01:57:12.688Z,8281.0,Ninja Kiwi,Ninja Kiwi,['Strategy'],"['Single-player', 'Multi-player', 'Co-op', 'Online Co-op', 'Steam Achievements', 'In-App Purchases', 'Remote Play on Phone', 'Remote Play on Tablet', 'Family Sharing']",342846.0,,The Bloons are back and better than ever! Get ready for a massive 3D tower defense game designed to give you hours and hours of the best strategy gaming available.,False,game,92,100,76,53,83,Commercially aggressive,Pricing/monetization benchmark,Mid-market,Community / multiplayer audience,Base game plus in-app purchases,Strong incumbent - study positioning and retention loops,"['high-demand', 'loved-by-players', 'iap-monetized', 'social-retention-loop']",[],"Bloons TD 6 is a commercially aggressive, opportunity score 83/100, 97% positive from 226,026 reviews, 8,281 current players.","Compare discount depth, price tier, and monetization model against similar titles."
98,3069050,Serpent's Gaze,https://store.steampowered.com/app/3069050/Serpents_Gaze/,"May 25, 2026",$13.49,1349,10.0,Very Positive,90.0,175.0,['windows'],https://shared.fastly.steamstatic.com/store_item_assets/steam/apps/3069050/14b2a7e79e5f220804f5517178864a348b2aabe4/capsule_231x87.jpg?t=1779874538,2026-06-03T01:57:12.688Z,724.0,Feeble Minds,Feeble Minds,"['Action', 'Indie', 'RPG', 'Early Access']","['Single-player', 'Multi-player', 'Co-op', 'Online Co-op', 'Full controller support', 'Camera Comfort', 'Custom Volume Controls', 'Adjustable Difficulty', 'Playable without Timed Input', 'Stereo Sound', 'Surround Sound', 'Steam Cloud', 'Family Sharing']",175.0,,"Serpent’s Gaze is a punishing 1-4 player co-op third-person action game where you fight tough enemies and relentless bosses, all while uncovering the secrets of an ancient desert.",False,game,68,94,68,63,74,Standard competitor,Baseline market data,Mid-market,Community / multiplayer audience,Paid upfront,Comparable baseline,"['loved-by-players', 'social-retention-loop', 'fresh-release']",[],"Serpent's Gaze is a standard competitor, opportunity score 74/100, 90% positive from 175 reviews, 724 current players, 10% discount.",Use as baseline competitor data; enrich with reviews for deeper sentiment intelligence.
99,2683150,Ale & Tale Tavern,https://store.steampowered.com/app/2683150/Ale__Tale_Tavern/,"Sep 5, 2024",$6.74,674,55.0,Very Positive,87.0,3856.0,['windows'],https://shared.fastly.steamstatic.com/store_item_assets/steam/apps/2683150/4378aa8235c4b33db969231c151e4238e25adb9c/capsule_231x87_alt_assets_1.jpg?t=1780388452,2026-06-03T01:57:12.688Z,1399.0,Scienart Games,GrabTheGames,"['Action', 'Adventure', 'Casual', 'Indie', 'Simulation']","['Single-player', 'Multi-player', 'Co-op', 'Online Co-op', 'Steam Achievements', 'Full controller support', 'Steam Trading Cards', 'Steam Cloud', 'Family Sharing']",8132.0,,"Get ready for a thrilling mix of genres: a cooperative, first-person, open-world fantasy tavern simulator, action, fishing, hunting, exploration, and completing fun and diverse quests. And, of course, COOKING! Play with friends, feed and quench the thirst of the entire world!",False,game,81,94,88,53,80,Commercially aggressive,Pricing/monetization benchmark,Promotional discount,Community / multiplayer audience,Discount-driven sales,Strong incumbent - study positioning and retention loops,"['high-demand', 'loved-by-players', 'aggressive-discounting', 'social-retention-loop']",[],"Ale & Tale Tavern is a commercially aggressive, opportunity score 80/100, 87% positive from 3,856 reviews, 1,399 current players, 55% discount.","Compare discount depth, price tier, and monetization model against similar titles."
100,990080,Hogwarts Legacy,https://store.steampowered.com/app/990080/Hogwarts_Legacy/,"Feb 10, 2023",$8.99,899,85.0,Very Positive,91.0,141286.0,['windows'],https://shared.fastly.steamstatic.com/store_item_assets/steam/apps/990080/1b2e4eeed79dd06971492825a461bc5130bf7c28/capsule_231x87.jpg?t=1778797474,2026-06-03T01:57:12.688Z,4998.0,Avalanche Software,Warner Bros. Games,"['Action', 'Adventure', 'RPG']","['Single-player', 'Steam Achievements', 'Full controller support', 'In-App Purchases', 'Adjustable Text Size', 'Camera Comfort', 'Custom Volume Controls', 'Narrated Game Menus', 'Save Anytime', 'Stereo Sound', 'Surround Sound', 'Steam Cloud', 'HDR available', 'Family Sharing']",269425.0,83.0,"Hogwarts Legacy is an immersive, open-world action RPG. Now you can take control of the action and be at the center of your own adventure in the wizarding world.",False,game,92,99,98,53,87,Breakout leader,Benchmark competitor,Deep discount,Solo / narrative audience,Base game plus in-app purchases,Strong incumbent - study positioning and retention loops,"['tier-1-opportunity', 'high-demand', 'loved-by-players', 'aggressive-discounting', 'iap-monetized']",[],"Hogwarts Legacy is a breakout leader, opportunity score 87/100, 91% positive from 141,286 reviews, 4,998 current players, 85% discount.","Use as a benchmark for capsule, pricing, tags, update cadence, and review themes."
101,2638890,Onimusha: Way of the Sword,https://store.steampowered.com/app/2638890/Onimusha_Way_of_the_Sword/,"Sep 24, 2026",$69.99,6999,0.0,,,,['windows'],https://shared.fastly.steamstatic.com/store_item_assets/steam/apps/2638890/4aa8bcfcb20173a0250f03ee15473abece15f6b0/capsule_231x87.jpg?t=1780438983,2026-06-03T01:58:02.369Z,,"CAPCOM Co., Ltd.","CAPCOM Co., Ltd.","['Action', 'Adventure', 'RPG']","['Single-player', 'Steam Achievements', 'Full controller support', 'Steam Cloud', 'HDR available', 'Family Sharing']",,,"An Oni Gauntlet-wielding samurai makes a stand in Kyoto against the encroaching Genma menace. Through gritty, blood-soaked brawls, he searches for his reason to fight. What fate awaits at the end of his path?",False,game,41,35,40,45,40,Standard competitor,Baseline market data,High-ticket,Solo / narrative audience,Paid upfront,Comparable baseline,[],['review-data-missing-or-not-yet-established'],"Onimusha: Way of the Sword is a standard competitor, opportunity score 40/100.",Use as baseline competitor data; enrich with reviews for deeper sentiment intelligence.
102,2221490,Tom Clancy’s The Division® 2,https://store.steampowered.com/app/2221490/Tom_Clancys_The_Division_2/,"Jan 12, 2023",$7.49,749,75.0,Mostly Positive,79.0,16533.0,['windows'],https://shared.fastly.steamstatic.com/store_item_assets/steam/apps/2221490/a5b68a9d1791bcb4b99b86db96f46e6ecfe9e3df/capsule_231x87_alt_assets_5.jpg?t=1778172597,2026-06-03T01:58:02.369Z,5392.0,Ubisoft,Ubisoft,"['Action', 'Adventure', 'RPG']","['Single-player', 'Multi-player', 'PvP', 'Online PvP', 'Co-op', 'Online Co-op', 'Steam Achievements', 'Captions available', 'In-App Purchases', 'Partial Controller Support', 'HDR available']",30691.0,84.0,"Join The Division in this open world tactical shooter. Engage in intense cover-based combat, team up with friends, and build your ultimate agent to save Washington, D.C.",False,game,89,88,100,45,82,Commercially aggressive,Pricing/monetization benchmark,Deep discount,Community / multiplayer audience,Base game plus in-app purchases,Strong incumbent - study positioning and retention loops,"['high-demand', 'loved-by-players', 'aggressive-discounting', 'iap-monetized', 'social-retention-loop']",[],"Tom Clancy’s The Division® 2 is a commercially aggressive, opportunity score 82/100, 79% positive from 16,533 reviews, 5,392 current players, 75% discount.","Compare discount depth, price tier, and monetization model against similar titles."
103,266410,iRacing,https://store.steampowered.com/app/266410/iRacing/,"Jan 12, 2015",$9.99,999,0.0,Very Positive,81.0,3004.0,['windows'],https://shared.fastly.steamstatic.com/store_item_assets/steam/apps/266410/capsule_231x87.jpg?t=1779902052,2026-06-03T01:58:02.369Z,1157.0,iRacing.com Motorsport Simulations,iRacing.com Motorsport Simulations,"['Massively Multiplayer', 'Racing', 'Simulation', 'Sports']","['Single-player', 'Multi-player', 'MMO', 'PvP', 'Online PvP', 'VR Support', 'Partial Controller Support', 'Family Sharing']",5364.0,79.0,"We are the world’s premier motorsports racing game. An iRacing membership provides entry into the newest form of motorsport: internet racing. Internet racing is a fun, easy, and inexpensive way for race fan and gamers alike to enjoy the thrill of the racetrack from the comfort of their home.",False,game,80,88,73,45,74,Standard competitor,Baseline market data,Budget,Community / multiplayer audience,Paid upfront,Strong incumbent - study positioning and retention loops,"['high-demand', 'loved-by-players', 'social-retention-loop']",[],"iRacing is a standard competitor, opportunity score 74/100, 81% positive from 3,004 reviews, 1,157 current players.",Use as baseline competitor data; enrich with reviews for deeper sentiment intelligence.
104,3527290,PEAK,https://store.steampowered.com/app/3527290/PEAK/,"Jun 16, 2025",$7.99,799,0.0,Overwhelmingly Positive,95.0,128705.0,['windows'],https://shared.fastly.steamstatic.com/store_item_assets/steam/apps/3527290/1844964d7a353e50eb3cc979ea922729d8c1b0ad/capsule_231x87.jpg?t=1775581133,2026-06-03T01:58:02.369Z,13703.0,Team PEAK,Aggro Crab,"['Action', 'Adventure', 'Indie']","['Single-player', 'Multi-player', 'Co-op', 'Online Co-op', 'Steam Achievements', 'Full controller support', 'Steam Trading Cards', 'Family Sharing']",264825.0,,"PEAK is a co-op climbing game where the slightest mistake can spell your doom. Either solo or as a group of lost nature scouts, your only hope of rescue from a mysterious island is to scale the mountain at its center. Do you have what it takes to reach the PEAK?",False,game,93,100,73,57,84,Standard competitor,Baseline market data,Budget,Community / multiplayer audience,Paid upfront,Strong incumbent - study positioning and retention loops,"['high-demand', 'loved-by-players', 'healthy-community', 'social-retention-loop']",[],"PEAK is a standard competitor, opportunity score 84/100, 95% positive from 128,705 reviews, 13,703 current players.",Use as baseline competitor data; enrich with reviews for deeper sentiment intelligence.
105,3367430,Battleship Command,https://store.steampowered.com/app/3367430/Battleship_Command/,"Jun 2, 2026",$22.49,2249,10.0,Very Positive,96.0,56.0,['windows'],https://shared.fastly.steamstatic.com/store_item_assets/steam/apps/3367430/da580ec47d9ab99c0741b17ccbb97625bcd7079a/capsule_231x87.jpg?t=1780397513,2026-06-03T01:58:02.369Z,146.0,Bracer,MicroProse Software,"['Action', 'Simulation', 'Strategy', 'Early Access']","['Single-player', 'Family Sharing']",,,"Command the mighty Scharnhorst in this immersive WWII naval simulation. Walk her decks in first-person, control gunnery, radar, and navigation, and lead your fleet through the Atlantic, Arctic, and Mediterranean. Battle convoys, outwit enemies, and survive the stormy seas of war.",False,game,56,100,60,55,68,Loved niche title,Underserved audience clue,Mid-market,Solo / narrative audience,Paid upfront,Comparable baseline,"['loved-by-players', 'fresh-release']",['low-review-confidence'],"Battleship Command is a loved niche title, opportunity score 68/100, 96% positive from 56 reviews, 146 current players, 10% discount.",Mine reviews for the exact language players use; niche love often exposes a product angle.
106,552990,World of Warships,https://store.steampowered.com/app/552990/World_of_Warships/,"Nov 15, 2017",Free,0,,Very Positive,80.0,48772.0,['windows'],https://shared.fastly.steamstatic.com/store_item_assets/steam/apps/552990/f9de981cc53165f14545d08f102ca5c4e59c33b6/capsule_231x87.jpg?t=1779365658,2026-06-03T01:58:02.369Z,36926.0,Wargaming Group Limited,Wargaming Group Limited,"['Action', 'Massively Multiplayer', 'Simulation', 'Strategy', 'Free To Play']","['Multi-player', 'MMO', 'PvP', 'Online PvP', 'Co-op', 'Online Co-op', 'Steam Achievements', 'Steam Trading Cards', 'In-App Purchases', 'Adjustable Text Size', 'Camera Comfort', 'Color Alternatives', 'Custom Volume Controls', 'Playable without Timed Input', 'Steam Cloud']",2024.0,81.0,"Immerse yourself in thrilling naval battles and assemble an armada of over 800 ships from the first half of the 20th century — from stealthy destroyers to gigantic battleships. Change the look of your ship, choose upgrades to suit your play style, and go into battle with other players!",True,game,90,89,78,57,81,Commercially aggressive,Pricing/monetization benchmark,Free-to-play,Community / multiplayer audience,Base game plus in-app purchases,Strong incumbent - study positioning and retention loops,"['high-demand', 'loved-by-players', 'free-to-play', 'iap-monetized', 'social-retention-loop']",[],"World of Warships is a commercially aggressive, opportunity score 81/100, 80% positive from 48,772 reviews, 36,926 current players.","Compare discount depth, price tier, and monetization model against similar titles."
107,376210,The Isle,https://store.steampowered.com/app/376210/The_Isle/,"Dec 1, 2015",$19.99,1999,0.0,Mostly Positive,77.0,57889.0,['windows'],https://shared.fastly.steamstatic.com/store_item_assets/steam/apps/376210/capsule_231x87.jpg?t=1653237914,2026-06-03T01:58:02.369Z,11677.0,Afterthought LLC,Afterthought LLC,"['Action', 'Adventure', 'Indie', 'Massively Multiplayer', 'Simulation', 'Early Access']","['Multi-player', 'MMO', 'PvP', 'Online PvP', 'Partial Controller Support', 'Valve Anti-Cheat enabled']",104122.0,,Experience fierce open world survival gameplay as you attempt to stay alive on an unforgiving island inhabited by dinosaurs! Hunt. Grow. Survive.,False,game,92,87,68,57,79,Standard competitor,Baseline market data,Mid-market,Community / multiplayer audience,Paid upfront,Strong incumbent - study positioning and retention loops,"['high-demand', 'loved-by-players', 'social-retention-loop']",[],"The Isle is a standard competitor, opportunity score 79/100, 77% positive from 57,889 reviews, 11,677 current players.",Use as baseline competitor data; enrich with reviews for deeper sentiment intelligence.
108,3606480,Call of Duty®: Black Ops 7,https://store.steampowered.com/app/3606480/Call_of_Duty_Black_Ops_7/,"Nov 13, 2025",$69.99,6999,0.0,Mostly Negative,36.0,2202.0,['windows'],https://shared.fastly.steamstatic.com/store_item_assets/steam/apps/3606480/e265efebec95c52bb0c662532a51b6bdf45ccd37/capsule_231x87.jpg?t=1778886426,2026-06-03T01:58:02.369Z,0.0,Treyarch,Activision,['Action'],"['Single-player', 'Multi-player', 'PvP', 'Online PvP', 'Co-op', 'Online Co-op', 'Cross-Platform Multiplayer', 'Steam Achievements', 'Captions available', 'In-App Purchases', 'Adjustable Text Size', 'Camera Comfort', 'Color Alternatives', 'Custom Volume Controls', 'Playable without Timed Input', 'Stereo Sound', 'Subtitle Options', 'Surround Sound', 'Partial Controller Support', 'HDR available']",3853.0,,"In Call of Duty®: Black Ops 7, Treyarch and Raven Software are bringing players the biggest Black Ops ever across an innovative Co-Op Campaign, an electrifying Multiplayer experience, and the legendary Round-Based Zombies mode.",False,game,69,43,56,45,55,Standard competitor,Baseline market data,High-ticket,Community / multiplayer audience,Base game plus in-app purchases,Comparable baseline,"['demand-quality-gap', 'iap-monetized', 'social-retention-loop']",['weak-player-sentiment'],"Call of Duty®: Black Ops 7 is a standard competitor, opportunity score 55/100, 36% positive from 2,202 reviews.",Use as baseline competitor data; enrich with reviews for deeper sentiment intelligence.
109,1401590,Disney Dreamlight Valley,https://store.steampowered.com/app/1401590/Disney_Dreamlight_Valley/,"Dec 5, 2023",$39.99,3999,0.0,Very Positive,91.0,15255.0,['windows'],https://shared.fastly.steamstatic.com/store_item_assets/steam/apps/1401590/26edbb508b4f85c33cd019f35bfd803632669bec/capsule_231x87_alt_assets_7.jpg?t=1780341117,2026-06-03T01:58:02.369Z,2754.0,Gameloft,Gameloft,"['Action', 'Adventure', 'Casual', 'RPG', 'Simulation']","['Single-player', 'Multi-player', 'Full controller support', 'In-App Purchases', 'Camera Comfort', 'Custom Volume Controls', 'Playable without Timed Input', 'Save Anytime', 'Stereo Sound', 'Subtitle Options', 'Family Sharing']",21394.0,,Explore a world filled with the magic of Disney as you discover rich stories and build the perfect neighborhood alongside Disney and Pixar heroes and villains in this new life-sim adventure game. Welcome to Disney Dreamlight Valley.,False,game,86,99,66,45,77,Standard competitor,Baseline market data,Premium,Community / multiplayer audience,Base game plus in-app purchases,Strong incumbent - study positioning and retention loops,"['high-demand', 'loved-by-players', 'iap-monetized', 'social-retention-loop']",[],"Disney Dreamlight Valley is a standard competitor, opportunity score 77/100, 91% positive from 15,255 reviews, 2,754 current players.",Use as baseline competitor data; enrich with reviews for deeper sentiment intelligence.
110,4440380,Forza Horizon 6 VIP Membership,https://store.steampowered.com/app/4440380/Forza_Horizon_6_VIP_Membership/,"May 18, 2026",$19.99,1999,0.0,Very Positive,88.0,51.0,['windows'],https://shared.fastly.steamstatic.com/store_item_assets/steam/apps/4440380/969bfafe03671679ae46edaeeb9d039e1a9245a7/capsule_231x87.jpg?t=1779162771,2026-06-03T01:58:02.369Z,0.0,Playground Games,,"['Racing', 'Simulation', 'Sports']","['Single-player', 'Multi-player', 'PvP', 'Online PvP', 'Co-op', 'Online Co-op', 'Downloadable Content', 'Full controller support']",,,"Forza Horizon 6 VIP Membership is your permanent ticket to even more rewards at the Horizon Festival. Enjoy a 2x Credit boost to race rewards, 3 VIP-Exclusive Forza Edition cars, a weekly bonus Super Wheelspin, and special Vanity Items including the Crown Flair, Emote and Car Horn.",False,dlc,49,91,68,55,65,Non-game / accessory listing,Catalog monitoring,Mid-market,Community / multiplayer audience,Paid upfront,Niche love - small but passionate audience,"['loved-by-players', 'social-retention-loop', 'fresh-release', 'non-game-dlc']","['low-review-confidence', 'not-a-standard-game']","Forza Horizon 6 VIP Membership is a non-game / accessory listing, opportunity score 65/100, 88% positive from 51 reviews.","Keep for catalog awareness, but exclude from game competitor benchmarks."
111,413150,Stardew Valley,https://store.steampowered.com/app/413150/Stardew_Valley/,"Feb 26, 2016",$14.99,1499,0.0,Overwhelmingly Positive,98.0,386820.0,"['windows', 'mac', 'linux']",https://shared.fastly.steamstatic.com/store_item_assets/steam/apps/413150/capsule_231x87.jpg?t=1754692865,2026-06-03T01:58:02.369Z,47585.0,ConcernedApe,ConcernedApe,"['Indie', 'RPG', 'Simulation']","['Single-player', 'Multi-player', 'Co-op', 'Online Co-op', 'LAN Co-op', 'Shared/Split Screen Co-op', 'Shared/Split Screen', 'Steam Achievements', 'Full controller support', 'Steam Trading Cards', 'Steam Cloud', 'Remote Play on Phone', 'Remote Play on Tablet', 'Remote Play Together', 'Family Sharing']",868278.0,89.0,"You've inherited your grandfather's old farm plot in Stardew Valley. Armed with hand-me-down tools and a few coins, you set out to begin your new life. Can you learn to live off the land and turn these overgrown fields into a thriving home?",False,game,94,100,68,57,83,Standard competitor,Baseline market data,Mid-market,Community / multiplayer audience,Paid upfront,Strong incumbent - study positioning and retention loops,"['high-demand', 'loved-by-players', 'healthy-community', 'social-retention-loop']",[],"Stardew Valley is a standard competitor, opportunity score 83/100, 98% positive from 386,820 reviews, 47,585 current players.",Use as baseline competitor data; enrich with reviews for deeper sentiment intelligence.
112,3357650,PRAGMATA,https://store.steampowered.com/app/3357650/PRAGMATA/,"Apr 16, 2026",$59.99,5999,0.0,Overwhelmingly Positive,97.0,13962.0,['windows'],https://shared.fastly.steamstatic.com/store_item_assets/steam/apps/3357650/3e7cf55cf72a980ac94cf45d4212e8f0cb566f7f/capsule_231x87.jpg?t=1777351016,2026-06-03T01:58:02.369Z,2128.0,"CAPCOM Co., Ltd.","CAPCOM Co., Ltd.","['Action', 'Adventure']","['Single-player', 'Steam Achievements', 'Full controller support', 'Steam Trading Cards', 'Captions available', 'Steam Cloud', 'HDR available', 'Family Sharing']",29152.0,,"Pragmata is a unique, sci-fi action-adventure game from Capcom. Follow Hugh, a member of an ill-fated investigation team, and Diana, a young android, as they navigate a lunar facility taken over by rogue AI in search of a way to Earth.",False,game,86,100,50,55,76,Standard competitor,Baseline market data,Premium,Solo / narrative audience,Paid upfront,Strong incumbent - study positioning and retention loops,"['high-demand', 'loved-by-players', 'fresh-release']",[],"PRAGMATA is a standard competitor, opportunity score 76/100, 97% positive from 13,962 reviews, 2,128 current players.",Use as baseline competitor data; enrich with reviews for deeper sentiment intelligence.
113,284160,BeamNG.drive,https://store.steampowered.com/app/284160/BeamNGdrive/,"May 29, 2015",$24.99,2499,0.0,Overwhelmingly Positive,97.0,199867.0,['windows'],https://shared.fastly.steamstatic.com/store_item_assets/steam/apps/284160/727b938bf07eaf615baf2d9bb6ffebca1fa8b5d5/capsule_231x87.jpg?t=1772048121,2026-06-03T01:58:02.369Z,16169.0,BeamNG,BeamNG,"['Racing', 'Simulation', 'Early Access']","['Single-player', 'Steam Achievements', 'Steam Trading Cards', 'Camera Comfort', 'Custom Volume Controls', 'Keyboard Only Option', 'Playable without Timed Input', 'Stereo Sound', 'Surround Sound', 'Partial Controller Support', 'Steam Cloud', 'Includes level editor', 'Remote Play on Phone', 'Remote Play on Tablet', 'Remote Play Together', 'Family Sharing']",367375.0,,A dynamic soft-body physics vehicle simulator capable of doing just about anything.,False,game,93,100,60,57,81,Standard competitor,Baseline market data,Mid-market,Solo / narrative audience,Paid upfront,Strong incumbent - study positioning and retention loops,"['high-demand', 'loved-by-players', 'healthy-community']",[],"BeamNG.drive is a standard competitor, opportunity score 81/100, 97% positive from 199,867 reviews, 16,169 current players.",Use as baseline competitor data; enrich with reviews for deeper sentiment intelligence.
114,1623730,Palworld,https://store.steampowered.com/app/1623730/Palworld/,"Jan 18, 2024",$22.49,2249,25.0,Overwhelmingly Positive,95.0,151253.0,['windows'],https://shared.fastly.steamstatic.com/store_item_assets/steam/apps/1623730/4f823e476ad290ad4f19763e7d800723df422dfa/capsule_231x87.jpg?t=1779864445,2026-06-03T01:58:02.369Z,14969.0,Pocketpair,Pocketpair,"['Action', 'Adventure', 'Indie', 'RPG', 'Early Access']","['Single-player', 'Multi-player', 'Co-op', 'Online Co-op', 'Cross-Platform Multiplayer', 'Steam Achievements', 'Full controller support', 'Steam Trading Cards', 'Steam Workshop', 'Steam Cloud', 'Family Sharing']",355234.0,,"Fight, farm, build and work alongside mysterious creatures called ""Pals"" in this completely new multiplayer, open world survival and crafting game!",False,game,93,100,68,57,83,Standard competitor,Baseline market data,Mid-market,Community / multiplayer audience,Paid upfront,Strong incumbent - study positioning and retention loops,"['high-demand', 'loved-by-players', 'healthy-community', 'social-retention-loop']",[],"Palworld is a standard competitor, opportunity score 83/100, 95% positive from 151,253 reviews, 14,969 current players, 25% discount.",Use as baseline competitor data; enrich with reviews for deeper sentiment intelligence.
115,3751950,Assassin's Creed Black Flag Resynced,https://store.steampowered.com/app/3751950/Assassins_Creed_Black_Flag_Resynced/,"Jul 9, 2026",$59.99,5999,0.0,,,,['windows'],https://shared.fastly.steamstatic.com/store_item_assets/steam/apps/3751950/e38674a3067b5ac028974bbfb42c835d0cf27122/capsule_231x87.jpg?t=1780106604,2026-06-03T01:58:02.369Z,,Ubisoft Singapore,Ubisoft,"['Action', 'Adventure']","['Single-player', 'Steam Achievements', 'Steam Trading Cards', 'Captions available', 'In-App Purchases', 'Adjustable Text Size', 'Camera Comfort', 'Color Alternatives', 'Custom Volume Controls', 'Adjustable Difficulty', 'Keyboard Only Option', 'Mouse Only Option', 'Narrated Game Menus', 'Playable without Timed Input', 'Save Anytime', 'Stereo Sound', 'Subtitle Options', 'Surround Sound', 'Partial Controller Support', 'HDR available']",,,"The iconic solo pirate adventure returns. Sail the Caribbean as Edward Kenway during the Golden Age of Piracy in this faithfully enhanced remake featuring stunning visuals, upgraded gameplay, and new content.",False,game,40,35,58,55,45,Standard competitor,Baseline market data,Premium,Solo / narrative audience,Base game plus in-app purchases,Comparable baseline,"['iap-monetized', 'fresh-release']",['review-data-missing-or-not-yet-established'],"Assassin's Creed Black Flag Resynced is a standard competitor, opportunity score 45/100.",Use as baseline competitor data; enrich with reviews for deeper sentiment intelligence.
116,2300320,Farming Simulator 25,https://store.steampowered.com/app/2300320/Farming_Simulator_25/,"Nov 12, 2024",$29.99,2999,0.0,Very Positive,85.0,14015.0,"['windows', 'mac']",https://shared.fastly.steamstatic.com/store_item_assets/steam/apps/2300320/f56e9279a16ad2f6a0532a7ef72042d7428c00c7/capsule_231x87.jpg?t=1780401832,2026-06-03T01:58:02.370Z,13696.0,GIANTS Software,GIANTS Software,['Simulation'],"['Single-player', 'Multi-player', 'Co-op', 'Online Co-op', 'Steam Achievements', 'Full controller support', 'Steam Cloud', 'Family Sharing']",35369.0,,"Farming Simulator 25 invites you to join the rewarding farm life, single-handedly or cooperatively in multiplayer. This Farm is Your Farm!",False,game,89,93,68,57,79,Standard competitor,Baseline market data,Mid-market,Community / multiplayer audience,Paid upfront,Strong incumbent - study positioning and retention loops,"['high-demand', 'loved-by-players', 'healthy-community', 'social-retention-loop']",[],"Farming Simulator 25 is a standard competitor, opportunity score 79/100, 85% positive from 14,015 reviews, 13,696 current players.",Use as baseline competitor data; enrich with reviews for deeper sentiment intelligence.
117,4025700,Heartopia,https://store.steampowered.com/app/4025700/Heartopia/,"Jan 16, 2026",Free,0,,Mixed,58.0,7207.0,['windows'],https://shared.fastly.steamstatic.com/store_item_assets/steam/apps/4025700/2cfc752138a31ce4847ba014a8603ffaf4bf64d8/capsule_231x87.jpg?t=1780279072,2026-06-03T01:58:02.370Z,9341.0,XD,XD,"['Casual', 'Simulation', 'Free To Play']","['Single-player', 'Multi-player', 'Cross-Platform Multiplayer', 'In-App Purchases']",,,"Welcome to Heartopia, a multiplayer life simulation game crafted for creativity, freedom, and peace. Build your dream home, explore a wide range of hobbies, and forge warm connections with friends in a town full of endless possibilities.",True,game,72,66,78,45,66,"High demand, vulnerable sentiment",Displacement opportunity,Free-to-play,Community / multiplayer audience,Base game plus in-app purchases,Weak incumbent - demand exists but players are dissatisfied,"['demand-quality-gap', 'free-to-play', 'iap-monetized', 'social-retention-loop']",['weak-player-sentiment'],"Heartopia is a high demand, vulnerable sentiment, opportunity score 66/100, 58% positive from 7,207 reviews, 9,341 current players.",Analyze negative reviews first: this is where a better-positioned competitor can steal demand.
118,1637320,Dome Keeper,https://store.steampowered.com/app/1637320/Dome_Keeper/,"Sep 27, 2022",$5.39,539,70.0,Very Positive,93.0,11036.0,"['windows', 'mac', 'linux']",https://shared.fastly.steamstatic.com/store_item_assets/steam/apps/1637320/a5c61ad9d7ce869e67256043cf9ca0874f1f3388/capsule_231x87.jpg?t=1780397451,2026-06-03T01:58:02.370Z,1210.0,Bippinbits,Raw Fury,"['Action', 'Adventure', 'Indie', 'Simulation']","['Single-player', 'Multi-player', 'PvP', 'Online PvP', 'LAN PvP', 'Shared/Split Screen PvP', 'Co-op', 'Online Co-op', 'LAN Co-op', 'Shared/Split Screen Co-op', 'Shared/Split Screen', 'Cross-Platform Multiplayer', 'Steam Achievements', 'Full controller support', 'Steam Trading Cards', 'Steam Workshop', 'Steam Cloud', 'Steam Leaderboards', 'Remote Play Together', 'Family Sharing']",17770.0,,"Defend against waves of alien monsters in this unique roguelike action miner. Dig for resources, collect useful gadgets, and upgrade equipment to increase odds of survival – just hurry back before your dome is destroyed!",False,game,84,100,98,45,83,Commercially aggressive,Pricing/monetization benchmark,Deep discount,Community / multiplayer audience,Discount-driven sales,Strong incumbent - study positioning and retention loops,"['high-demand', 'loved-by-players', 'aggressive-discounting', 'social-retention-loop']",[],"Dome Keeper is a commercially aggressive, opportunity score 83/100, 93% positive from 11,036 reviews, 1,210 current players, 70% discount.","Compare discount depth, price tier, and monetization model against similar titles."
119,2537590,Microsoft Flight Simulator 2024,https://store.steampowered.com/app/2537590/Microsoft_Flight_Simulator_2024/,"Nov 19, 2024",$69.99,6999,0.0,Mixed,55.0,11830.0,['windows'],https://shared.fastly.steamstatic.com/store_item_assets/steam/apps/2537590/c992a0851b2714fdeaa65469ba5e7b8e60c06a96/capsule_231x87.jpg?t=1747324291,2026-06-03T01:58:02.370Z,3061.0,Asobo Studio,Xbox Game Studios,['Simulation'],"['Single-player', 'Multi-player', 'Cross-Platform Multiplayer', 'Steam Achievements', 'In-App Purchases', 'Partial Controller Support', 'HDR available', 'Family Sharing']",19498.0,,Explore the world with our largest fleet of aircraft and take simulation to new heights while pursuing your aviation career within Microsoft Flight Simulator 2024.,False,game,86,63,56,45,66,"High demand, vulnerable sentiment",Displacement opportunity,High-ticket,Community / multiplayer audience,Base game plus in-app purchases,Weak incumbent - demand exists but players are dissatisfied,"['high-demand', 'demand-quality-gap', 'iap-monetized', 'social-retention-loop']",['weak-player-sentiment'],"Microsoft Flight Simulator 2024 is a high demand, vulnerable sentiment, opportunity score 66/100, 55% positive from 11,830 reviews, 3,061 current players.",Analyze negative reviews first: this is where a better-positioned competitor can steal demand.
120,1973530,Limbus Company,https://store.steampowered.com/app/1973530/Limbus_Company/,"Feb 26, 2023",Free,0,,Very Positive,92.0,45643.0,['windows'],https://shared.fastly.steamstatic.com/store_item_assets/steam/apps/1973530/capsule_231x87.jpg?t=1779459451,2026-06-03T01:58:02.370Z,27471.0,ProjectMoon,ProjectMoon,[],"['Single-player', 'In-App Purchases']",,,"As the Executive Manager of Limbus Company, lead your group of twelve Sinners, venture into the buried facilities of Lobotomy Corporation, and lay claim on the Golden Boughs.",True,game,78,100,70,57,78,Standard competitor,Baseline market data,Free-to-play,Solo / narrative audience,Base game plus in-app purchases,Comparable baseline,"['loved-by-players', 'healthy-community', 'free-to-play', 'iap-monetized']",[],"Limbus Company is a standard competitor, opportunity score 78/100, 92% positive from 45,643 reviews, 27,471 current players.",Use as baseline competitor data; enrich with reviews for deeper sentiment intelligence.
121,2623190,The Elder Scrolls IV: Oblivion Remastered,https://store.steampowered.com/app/2623190/The_Elder_Scrolls_IV_Oblivion_Remastered/,"Apr 22, 2025",$39.99,3999,20.0,Mostly Positive,78.0,47104.0,['windows'],https://shared.fastly.steamstatic.com/store_item_assets/steam/apps/2623190/4efc3257aabd776d4624da40146fb021d1ef5b38/capsule_231x87.jpg?t=1761681073,2026-06-03T01:58:02.370Z,1580.0,Bethesda Game Studios,Bethesda Softworks,['RPG'],"['Single-player', 'Steam Achievements', 'Steam Trading Cards', 'Custom Volume Controls', 'Playable without Timed Input', 'Stereo Sound', 'Surround Sound', 'Partial Controller Support', 'Steam Cloud', 'Family Sharing']",58233.0,,Explore Cyrodiil like never before with stunning new visuals and refined gameplay in The Elder Scrolls IV: Oblivion™ Remastered.,False,game,89,87,50,45,72,Standard competitor,Baseline market data,Premium,Solo / narrative audience,Paid upfront,Strong incumbent - study positioning and retention loops,"['high-demand', 'loved-by-players']",[],"The Elder Scrolls IV: Oblivion Remastered is a standard competitor, opportunity score 72/100, 78% positive from 47,104 reviews, 1,580 current players, 20% discount.",Use as baseline competitor data; enrich with reviews for deeper sentiment intelligence.
122,2139460,Once Human,https://store.steampowered.com/app/2139460/Once_Human/,"Jul 9, 2024",Free,0,,Mostly Positive,79.0,83685.0,['windows'],https://shared.fastly.steamstatic.com/store_item_assets/steam/apps/2139460/3f64619c9430d9ec7e98d3e32625d5f62dd81da4/capsule_231x87.jpg?t=1779932539,2026-06-03T01:58:02.370Z,10522.0,Starry Studio,Starry Studio,"['Action', 'Adventure', 'RPG', 'Simulation', 'Strategy', 'Free To Play']","['Multi-player', 'MMO', 'PvP', 'Online PvP', 'Co-op', 'Online Co-op', 'Full controller support', 'Steam Trading Cards', 'In-App Purchases']",,,"Once Human is a multiplayer open-world survival game set in a strange, post-apocalyptic future. Unite with friends to fight monstrous enemies, uncover secret plots, compete for resources, and build your own territory. Once, you were merely human. Now, you have the power to remake the world.",True,game,77,89,78,57,76,Commercially aggressive,Pricing/monetization benchmark,Free-to-play,Community / multiplayer audience,Base game plus in-app purchases,Comparable baseline,"['loved-by-players', 'free-to-play', 'iap-monetized', 'social-retention-loop']",[],"Once Human is a commercially aggressive, opportunity score 76/100, 79% positive from 83,685 reviews, 10,522 current players.","Compare discount depth, price tier, and monetization model against similar titles."
123,1599340,Lost Ark,https://store.steampowered.com/app/1599340/Lost_Ark/,"Feb 11, 2022",Free,0,,Mixed,67.0,105033.0,['windows'],https://shared.fastly.steamstatic.com/store_item_assets/steam/apps/1599340/capsule_231x87.jpg?t=1763571534,2026-06-03T01:58:02.370Z,4334.0,Smilegate RPG,Amazon Game Studios,"['Action', 'Adventure', 'Massively Multiplayer', 'RPG', 'Free To Play']","['Single-player', 'Multi-player', 'MMO', 'PvP', 'Online PvP', 'Co-op', 'Online Co-op', 'Steam Achievements', 'In-App Purchases', 'Adjustable Text Size', 'Camera Comfort', 'Color Alternatives', 'Custom Volume Controls', 'Keyboard Only Option', 'Playable without Timed Input', 'Save Anytime', 'Partial Controller Support']",65229.0,,"Embark on an odyssey for the Lost Ark in a vast, vibrant world: explore new lands, seek out lost treasures, and test yourself in thrilling action combat in this action-packed free-to-play RPG.",True,game,91,77,78,45,76,Commercially aggressive,Pricing/monetization benchmark,Free-to-play,Community / multiplayer audience,Base game plus in-app purchases,Comparable baseline,"['high-demand', 'demand-quality-gap', 'free-to-play', 'iap-monetized', 'social-retention-loop']",['weak-player-sentiment'],"Lost Ark is a commercially aggressive, opportunity score 76/100, 67% positive from 105,033 reviews, 4,334 current players.","Compare discount depth, price tier, and monetization model against similar titles."
124,1091500,Cyberpunk 2077,https://store.steampowered.com/app/1091500/Cyberpunk_2077/,"Dec 9, 2020",$59.99,5999,0.0,Very Positive,88.0,375535.0,"['windows', 'mac']",https://shared.fastly.steamstatic.com/store_item_assets/steam/apps/1091500/590e0988a2fb79f44d3e31e41fd4949eb76abc41/capsule_231x87.jpg?t=1769690377,2026-06-03T01:58:02.370Z,18857.0,CD PROJEKT RED,CD PROJEKT RED,['RPG'],"['Single-player', 'Steam Achievements', 'Full controller support', 'Steam Trading Cards', 'Adjustable Text Size', 'Camera Comfort', 'Color Alternatives', 'Custom Volume Controls', 'Adjustable Difficulty', 'Playable without Timed Input', 'Save Anytime', 'Stereo Sound', 'Subtitle Options', 'Surround Sound', 'Steam Cloud', 'HDR available', 'Family Sharing']",852695.0,86.0,"Cyberpunk 2077 is an open-world, action-adventure RPG set in the dark future of Night City — a dangerous megalopolis obsessed with power, glamor, and ceaseless body modification.",False,game,93,98,50,57,78,Standard competitor,Baseline market data,Premium,Solo / narrative audience,Paid upfront,Strong incumbent - study positioning and retention loops,"['high-demand', 'loved-by-players', 'healthy-community']",[],"Cyberpunk 2077 is a standard competitor, opportunity score 78/100, 88% positive from 375,535 reviews, 18,857 current players.",Use as baseline competitor data; enrich with reviews for deeper sentiment intelligence.
125,1874880,Arma Reforger,https://store.steampowered.com/app/1874880/Arma_Reforger/,"Nov 16, 2023",$39.99,3999,0.0,Mostly Positive,78.0,28862.0,['windows'],https://shared.fastly.steamstatic.com/store_item_assets/steam/apps/1874880/capsule_231x87.jpg?t=1779966148,2026-06-03T01:58:02.370Z,9745.0,Bohemia Interactive,Bohemia Interactive,"['Action', 'Simulation', 'Strategy']","['Single-player', 'Multi-player', 'PvP', 'Online PvP', 'Co-op', 'Online Co-op', 'Cross-Platform Multiplayer', 'Steam Achievements', 'Full controller support', 'Captions available', 'Steam Cloud']",46068.0,,"Engage in massive combined arms battles, create and curate combat missions in real time, and shape your experience with endless community mods. Deploy into the Cold War and experience the most authentic and immersive military sandbox ever created.",False,game,90,87,58,45,74,Standard competitor,Baseline market data,Premium,Community / multiplayer audience,Paid upfront,Strong incumbent - study positioning and retention loops,"['high-demand', 'loved-by-players', 'social-retention-loop']",[],"Arma Reforger is a standard competitor, opportunity score 74/100, 78% positive from 28,862 reviews, 9,745 current players.",Use as baseline competitor data; enrich with reviews for deeper sentiment intelligence.
126,2523720,Gears of War: Reloaded,https://store.steampowered.com/app/2523720/Gears_of_War_Reloaded/,"Aug 26, 2025",$19.99,1999,50.0,Mixed,56.0,2239.0,['windows'],https://shared.fastly.steamstatic.com/store_item_assets/steam/apps/2523720/f0477240dce46254a81741ad45bbc8c642153331/capsule_231x87.jpg?t=1757024702,2026-06-03T01:58:02.370Z,243.0,The Coalition,Xbox Game Studios,['Action'],"['Single-player', 'Multi-player', 'PvP', 'Online PvP', 'Co-op', 'Online Co-op', 'Cross-Platform Multiplayer', 'Steam Achievements', 'Full controller support', 'Captions available', 'Chat Speech-to-text', 'Chat Text-to-speech', 'Color Alternatives', 'Custom Volume Controls', 'Adjustable Difficulty', 'Narrated Game Menus', 'Stereo Sound', 'Surround Sound', 'Steam Cloud', 'Family Sharing']",3033.0,,"Experience the origins of one of gaming’s most acclaimed franchises like never before, faithfully remastered and optimized for PC.",False,game,76,63,83,45,68,"High demand, vulnerable sentiment",Displacement opportunity,Promotional discount,Community / multiplayer audience,Discount-driven sales,Weak incumbent - demand exists but players are dissatisfied,"['demand-quality-gap', 'aggressive-discounting', 'social-retention-loop']",['weak-player-sentiment'],"Gears of War: Reloaded is a high demand, vulnerable sentiment, opportunity score 68/100, 56% positive from 2,239 reviews, 243 current players, 50% discount.",Analyze negative reviews first: this is where a better-positioned competitor can steal demand.
127,686810,Hell Let Loose,https://store.steampowered.com/app/686810/Hell_Let_Loose/,"Jul 27, 2021",$17.49,1749,75.0,Very Positive,83.0,61701.0,['windows'],https://shared.fastly.steamstatic.com/store_item_assets/steam/apps/686810/ea676aae35e272c9492ee872d79400f5501e8e55/capsule_231x87.jpg?t=1773250282,2026-06-03T01:58:02.370Z,4691.0,Expression Games,Team17,"['Action', 'Indie', 'Massively Multiplayer', 'Simulation', 'Strategy']","['Multi-player', 'PvP', 'Online PvP', 'Steam Achievements', 'Partial Controller Support', 'Family Sharing']",97641.0,79.0,"Join the ever expanding experience of Hell Let Loose - a hardcore World War Two first person shooter with epic battles of 100 players with infantry, tanks, artillery, a dynamically shifting front line and a unique resource based RTS-inspired meta-game.",False,game,90,92,93,45,82,Commercially aggressive,Pricing/monetization benchmark,Deep discount,Community / multiplayer audience,Discount-driven sales,Strong incumbent - study positioning and retention loops,"['high-demand', 'loved-by-players', 'aggressive-discounting', 'social-retention-loop']",[],"Hell Let Loose is a commercially aggressive, opportunity score 82/100, 83% positive from 61,701 reviews, 4,691 current players, 75% discount.","Compare discount depth, price tier, and monetization model against similar titles."
128,2622380,ELDEN RING NIGHTREIGN,https://store.steampowered.com/app/2622380/ELDEN_RING_NIGHTREIGN/,"May 29, 2025",$39.99,3999,0.0,Very Positive,87.0,73092.0,['windows'],https://shared.fastly.steamstatic.com/store_item_assets/steam/apps/2622380/8ebc4260af27bc55ba8b88982fd7eb7f970d43c9/capsule_231x87.jpg?t=1773099036,2026-06-03T01:58:02.370Z,13361.0,"FromSoftware, Inc.","FromSoftware, Inc.","['Action', 'RPG']","['Single-player', 'Multi-player', 'Co-op', 'Online Co-op', 'Steam Achievements', 'Full controller support', 'Camera Comfort', 'Custom Volume Controls', 'Playable without Timed Input', 'Stereo Sound', 'Surround Sound', 'Steam Cloud', 'Family Sharing']",125567.0,,"ELDEN RING NIGHTREIGN is a standalone adventure within the ELDEN RING universe, crafted to offer players a new gaming experience by reimagining the game’s core design.",False,game,92,97,58,57,79,Standard competitor,Baseline market data,Premium,Community / multiplayer audience,Paid upfront,Strong incumbent - study positioning and retention loops,"['high-demand', 'loved-by-players', 'healthy-community', 'social-retention-loop']",[],"ELDEN RING NIGHTREIGN is a standard competitor, opportunity score 79/100, 87% positive from 73,092 reviews, 13,361 current players.",Use as baseline competitor data; enrich with reviews for deeper sentiment intelligence.
129,264710,Subnautica,https://store.steampowered.com/app/264710/Subnautica/,"Jan 23, 2018",$29.99,2999,0.0,Overwhelmingly Positive,96.0,184550.0,"['windows', 'mac', 'vr']",https://shared.fastly.steamstatic.com/store_item_assets/steam/apps/264710/capsule_231x87.jpg?t=1777456112,2026-06-03T01:58:02.370Z,12327.0,Unknown Worlds Entertainment,Unknown Worlds Entertainment,"['Adventure', 'Indie']","['Single-player', 'Steam Achievements', 'Full controller support', 'VR Supported', 'Steam Trading Cards', 'VR Support', 'Steam Cloud', 'Remote Play on TV', 'Family Sharing']",331124.0,87.0,"Descend into the depths of an alien underwater world filled with wonder and peril. Craft equipment, pilot submarines and out-smart wildlife to explore lush coral reefs, volcanoes, cave systems, and more - all while trying to survive.",False,game,91,100,60,57,80,Standard competitor,Baseline market data,Mid-market,Solo / narrative audience,Paid upfront,Strong incumbent - study positioning and retention loops,"['high-demand', 'loved-by-players', 'healthy-community']",[],"Subnautica is a standard competitor, opportunity score 80/100, 96% positive from 184,550 reviews, 12,327 current players.",Use as baseline competitor data; enrich with reviews for deeper sentiment intelligence.
130,581320,Insurgency: Sandstorm,https://store.steampowered.com/app/581320/Insurgency_Sandstorm/,"Dec 12, 2018",$7.49,749,75.0,Very Positive,86.0,59421.0,['windows'],https://shared.fastly.steamstatic.com/store_item_assets/steam/apps/581320/9f656c3f7a43020f01bcc14ced48b727ac642cab/capsule_231x87_alt_assets_3.jpg?t=1779984920,2026-06-03T01:58:02.370Z,1854.0,New World Interactive,Focus Entertainment,['Action'],"['Multi-player', 'PvP', 'Online PvP', 'Co-op', 'Online Co-op', 'Cross-Platform Multiplayer', 'Steam Achievements', 'Full controller support', 'Steam Trading Cards', 'Steam Cloud', 'Stats', 'Family Sharing']",103195.0,78.0,"Insurgency: Sandstorm is a hardcore tactical FPS built on lethal close-quarters combat and ruthless intensity. Every bullet count, every step matters, and teamwork is your only path to survival in the brutality of modern warfare.",False,game,89,94,98,45,83,Commercially aggressive,Pricing/monetization benchmark,Deep discount,Community / multiplayer audience,Discount-driven sales,Strong incumbent - study positioning and retention loops,"['high-demand', 'loved-by-players', 'aggressive-discounting', 'social-retention-loop']",[],"Insurgency: Sandstorm is a commercially aggressive, opportunity score 83/100, 86% positive from 59,421 reviews, 1,854 current players, 75% discount.","Compare discount depth, price tier, and monetization model against similar titles."
131,1116050,Starminer,https://store.steampowered.com/app/1116050/Starminer/,"May 27, 2026",$26.99,2699,10.0,Mostly Positive,74.0,1184.0,['windows'],https://shared.fastly.steamstatic.com/store_item_assets/steam/apps/1116050/b436ed1d410e608f105dc696b619a8469658b3b1/capsule_231x87.jpg?t=1780221176,2026-06-03T01:58:02.370Z,1599.0,CoolAndGoodGames,CoolAndGoodGames,"['Action', 'Indie', 'RPG', 'Simulation', 'Strategy', 'Early Access']","['Single-player', 'Steam Achievements', 'Steam Cloud', 'Family Sharing']",1184.0,,"Design and build a massive interstellar fleet in this simulation sandbox. Strip space of its minerals for profit, but stay alert: your greed attracts the alien. Master deep base-building and deploy warships to protect your empire in immersive real-time space.",False,game,75,80,60,55,69,Standard competitor,Baseline market data,Mid-market,Solo / narrative audience,Paid upfront,Comparable baseline,['fresh-release'],[],"Starminer is a standard competitor, opportunity score 69/100, 74% positive from 1,184 reviews, 1,599 current players, 10% discount.",Use as baseline competitor data; enrich with reviews for deeper sentiment intelligence.
132,1285190,Borderlands 4,https://store.steampowered.com/app/1285190/Borderlands_4/,"Sep 11, 2025",$59.99,5999,40.0,Mixed,61.0,41476.0,['windows'],https://shared.fastly.steamstatic.com/store_item_assets/steam/apps/1285190/ac9ff3c9a6ae0c63236da9857c96cda18eb463e7/capsule_231x87_alt_assets_2.jpg?t=1780439286,2026-06-03T01:58:02.370Z,3937.0,Gearbox Software,2K,"['Action', 'Adventure', 'RPG']","['Single-player', 'Multi-player', 'Co-op', 'Online Co-op', 'Cross-Platform Multiplayer', 'Steam Achievements', 'Steam Trading Cards', 'Adjustable Text Size', 'Camera Comfort', 'Color Alternatives', 'Custom Volume Controls', 'Adjustable Difficulty', 'Save Anytime', 'Stereo Sound', 'Subtitle Options', 'Surround Sound', 'Partial Controller Support', 'Family Sharing']",54712.0,81.0,"Borderlands 4 is a mayhem-fueled looter shooter, jam-packed with billions of weapons, deadly enemies, and intense co-op action. Break free from a dangerous hidden planet as one of four new badass Vault Hunters.",False,game,89,75,73,45,74,Standard competitor,Baseline market data,Promotional discount,Community / multiplayer audience,Paid upfront,Comparable baseline,"['high-demand', 'demand-quality-gap', 'social-retention-loop']",['weak-player-sentiment'],"Borderlands 4 is a standard competitor, opportunity score 74/100, 61% positive from 41,476 reviews, 3,937 current players, 40% discount.",Use as baseline competitor data; enrich with reviews for deeper sentiment intelligence.
133,1805320,Romestead,https://store.steampowered.com/app/1805320/Romestead/,"May 25, 2026",$12.59,1259,10.0,Mostly Positive,74.0,1797.0,['windows'],https://shared.fastly.steamstatic.com/store_item_assets/steam/apps/1805320/33759952b7faa7b9fe2707104f7fe14660854db9/capsule_231x87.jpg?t=1780410235,2026-06-03T01:58:02.370Z,7199.0,Beartwigs,Three Friends,"['Action', 'Adventure', 'Indie', 'RPG', 'Early Access']","['Single-player', 'Multi-player', 'Co-op', 'Online Co-op', 'LAN Co-op', 'Steam Cloud', 'Family Sharing']",1803.0,,"Rome has fallen! Rebuild civilization in this action-adventure survival game for 1-8 players. Fight hordes of the walking dead, build settlements, restore the Roman gods... or kick back and farm with friends.",False,game,78,81,68,55,72,Standard competitor,Baseline market data,Mid-market,Community / multiplayer audience,Paid upfront,Comparable baseline,"['social-retention-loop', 'fresh-release']",[],"Romestead is a standard competitor, opportunity score 72/100, 74% positive from 1,797 reviews, 7,199 current players, 10% discount.",Use as baseline competitor data; enrich with reviews for deeper sentiment intelligence.
134,1335200,Action Taimanin,https://store.steampowered.com/app/1335200/Action_Taimanin/,"Oct 5, 2020",Free,0,,Very Positive,80.0,3515.0,['windows'],https://shared.fastly.steamstatic.com/store_item_assets/steam/apps/1335200/b7f257c61b0b57446b4c22ddb3d2b8995f56ebe3/capsule_231x87.jpg?t=1754155148,2026-06-03T01:58:02.370Z,923.0,LiLith,Infini-Brain inc.,"['Action', 'Adventure', 'RPG', 'Free To Play']","['Single-player', 'Multi-player', 'MMO', 'PvP', 'Online PvP', 'In-App Purchases', 'Partial Controller Support', 'Remote Play on Phone', 'Remote Play on Tablet']",,,"An intense, gorgeous hack-and-slash action RPG from the Taimanin fame!",True,game,67,87,78,45,70,Commercially aggressive,Pricing/monetization benchmark,Free-to-play,Community / multiplayer audience,Base game plus in-app purchases,Comparable baseline,"['loved-by-players', 'free-to-play', 'iap-monetized', 'social-retention-loop']",[],"Action Taimanin is a commercially aggressive, opportunity score 70/100, 80% positive from 3,515 reviews, 923 current players.","Compare discount depth, price tier, and monetization model against similar titles."
135,703080,Planet Zoo,https://store.steampowered.com/app/703080/Planet_Zoo/,"Nov 5, 2019",$13.49,1349,70.0,Very Positive,91.0,41836.0,['windows'],https://shared.fastly.steamstatic.com/store_item_assets/steam/apps/703080/capsule_231x87.jpg?t=1765896213,2026-06-03T01:58:02.370Z,2886.0,Frontier Developments,Frontier Developments,"['Casual', 'Simulation', 'Strategy']","['Single-player', 'Steam Achievements', 'Steam Trading Cards', 'Steam Workshop', 'Steam Cloud', 'HDR available', 'Family Sharing']",78680.0,81.0,"Build a world for wildlife in Planet Zoo. From the developers of Planet Coaster and Zoo Tycoon comes the ultimate zoo sim. Construct detailed habitats, manage your zoo, and meet authentic living animals who think, feel and explore the world you create around them.",False,game,89,98,85,45,82,Commercially aggressive,Pricing/monetization benchmark,Deep discount,Solo / narrative audience,Discount-driven sales,Strong incumbent - study positioning and retention loops,"['high-demand', 'loved-by-players', 'aggressive-discounting']",[],"Planet Zoo is a commercially aggressive, opportunity score 82/100, 91% positive from 41,836 reviews, 2,886 current players, 70% discount.","Compare discount depth, price tier, and monetization model against similar titles."
136,304390,FOR HONOR™,https://store.steampowered.com/app/304390/FOR_HONOR/,"Feb 13, 2017",$4.49,449,85.0,Mixed,69.0,57447.0,['windows'],https://shared.fastly.steamstatic.com/store_item_assets/steam/apps/304390/5b4909717c94e99511e459aad48cd2202e191046/capsule_231x87.jpg?t=1778259779,2026-06-03T01:58:02.370Z,3495.0,Ubisoft Montreal,Ubisoft,['Action'],"['Single-player', 'Multi-player', 'PvP', 'Online PvP', 'Co-op', 'Online Co-op', 'Steam Achievements', 'Steam Trading Cards', 'In-App Purchases', 'Partial Controller Support']",105969.0,76.0,"Fight alone or with friends in For Honor, a third-person hero-based melee fighting game. Enter the chaos of war as a Knight, a Viking, a Samurai, a Wu Lin, or an Outlander. Fight in brutal PvP and team-oriented modes, or play the thrilling story campaign.",False,game,90,81,100,45,81,Commercially aggressive,Pricing/monetization benchmark,Deep discount,Community / multiplayer audience,Base game plus in-app purchases,Price pressure - competitor likely using discounts to drive rank,"['high-demand', 'demand-quality-gap', 'aggressive-discounting', 'iap-monetized', 'social-retention-loop']",['weak-player-sentiment'],"FOR HONOR™ is a commercially aggressive, opportunity score 81/100, 69% positive from 57,447 reviews, 3,495 current players, 85% discount.","Compare discount depth, price tier, and monetization model against similar titles."
137,1097840,Gears 5,https://store.steampowered.com/app/1097840/Gears_5/,"Sep 9, 2019",$14.99,1499,50.0,Mostly Positive,73.0,8330.0,['windows'],https://shared.fastly.steamstatic.com/store_item_assets/steam/apps/1097840/capsule_231x87.jpg?t=1780003997,2026-06-03T01:58:02.370Z,452.0,The Coalition,Xbox Game Studios,"['Action', 'Adventure']","['Single-player', 'Multi-player', 'PvP', 'Online PvP', 'Shared/Split Screen PvP', 'Co-op', 'Online Co-op', 'Shared/Split Screen Co-op', 'Shared/Split Screen', 'Cross-Platform Multiplayer', 'Steam Achievements', 'Steam Trading Cards', 'Captions available', 'In-App Purchases', 'Partial Controller Support', 'Steam Cloud', 'Includes level editor', 'Family Sharing']",20099.0,82.0,"From one of gaming’s most acclaimed sagas, Gears is bigger than ever. With all-out war descending, Kait Diaz breaks away to uncover her connection to the enemy and discovers the true danger to Sera – herself.",False,game,81,83,91,45,76,Commercially aggressive,Pricing/monetization benchmark,Promotional discount,Community / multiplayer audience,Base game plus in-app purchases,Comparable baseline,"['high-demand', 'aggressive-discounting', 'iap-monetized', 'social-retention-loop']",[],"Gears 5 is a commercially aggressive, opportunity score 76/100, 73% positive from 8,330 reviews, 452 current players, 50% discount.","Compare discount depth, price tier, and monetization model against similar titles."
138,578080,PUBG: BATTLEGROUNDS,https://store.steampowered.com/app/578080/PUBG_BATTLEGROUNDS/,"Dec 21, 2017",Free,0,,Mixed,66.0,446039.0,['windows'],https://shared.fastly.steamstatic.com/store_item_assets/steam/apps/578080/14f42ab797699a9c9f137fda66582d8776da4330/capsule_231x87.jpg?t=1778634253,2026-06-03T01:58:02.370Z,111429.0,PUBG Corporation,"KRAFTON, Inc.","['Action', 'Adventure', 'Massively Multiplayer', 'Free To Play']","['Multi-player', 'PvP', 'Online PvP', 'Custom Volume Controls', 'Stereo Sound', 'Surround Sound', 'Stats', 'Remote Play on Phone', 'Remote Play on Tablet']",1760345.0,,"PUBG: BATTLEGROUNDS, the high-stakes winner-take-all shooter that started the Battle Royale craze, is free-to-play! Drop into diverse maps, loot unique weapons and supplies, and survive in an ever-shrinking zone where every turn could be your last.",True,game,94,76,70,65,79,Standard competitor,Baseline market data,Free-to-play,Community / multiplayer audience,Free acquisition funnel,Comparable baseline,"['high-demand', 'demand-quality-gap', 'massive-live-audience', 'free-to-play', 'social-retention-loop']",['weak-player-sentiment'],"PUBG: BATTLEGROUNDS is a standard competitor, opportunity score 79/100, 66% positive from 446,039 reviews, 111,429 current players.",Use as baseline competitor data; enrich with reviews for deeper sentiment intelligence.
139,108600,Project Zomboid,https://store.steampowered.com/app/108600/Project_Zomboid/,"Nov 8, 2013",$19.99,1999,0.0,Very Positive,94.0,148980.0,"['windows', 'mac', 'linux']",https://shared.fastly.steamstatic.com/store_item_assets/steam/apps/108600/capsule_231x87.jpg?t=1777298596,2026-06-03T01:58:02.370Z,23827.0,The Indie Stone,The Indie Stone,"['Indie', 'RPG', 'Simulation', 'Early Access']","['Single-player', 'Multi-player', 'PvP', 'Online PvP', 'Co-op', 'Online Co-op', 'Shared/Split Screen Co-op', 'Shared/Split Screen', 'Cross-Platform Multiplayer', 'Steam Trading Cards', 'Steam Workshop', 'Partial Controller Support', 'Steam Cloud', 'Remote Play Together', 'Family Sharing']",342975.0,,"Project Zomboid is the ultimate in zombie survival. Alone or in MP: you loot, build, craft, fight, farm and fish in a struggle to survive. A hardcore RPG skillset, a vast map, massively customisable sandbox and a cute tutorial raccoon await the unwary. So how will you die? All it takes is a bite..",False,game,92,100,68,57,82,Standard competitor,Baseline market data,Mid-market,Community / multiplayer audience,Paid upfront,Strong incumbent - study positioning and retention loops,"['high-demand', 'loved-by-players', 'healthy-community', 'social-retention-loop']",[],"Project Zomboid is a standard competitor, opportunity score 82/100, 94% positive from 148,980 reviews, 23,827 current players.",Use as baseline competitor data; enrich with reviews for deeper sentiment intelligence.
140,1295660,Sid Meier's Civilization VII,https://store.steampowered.com/app/1295660/Sid_Meiers_Civilization_VII/,"Feb 10, 2025",$69.99,6999,0.0,Mixed,51.0,27801.0,"['windows', 'mac', 'linux']",https://shared.fastly.steamstatic.com/store_item_assets/steam/apps/1295660/bb36e93ceea3d682dfca19203368030e81f325ec/capsule_231x87_alt_assets_5.jpg?t=1779464366,2026-06-03T01:58:02.371Z,9870.0,Firaxis Games,2K,"['Simulation', 'Strategy']","['Single-player', 'Multi-player', 'PvP', 'Online PvP', 'LAN PvP', 'Cross-Platform Multiplayer', 'Steam Achievements', 'Full controller support', 'Steam Trading Cards', 'Steam Workshop', 'Adjustable Text Size', 'Camera Comfort', 'Chat Text-to-speech', 'Color Alternatives', 'Custom Volume Controls', 'Adjustable Difficulty', 'Mouse Only Option', 'Narrated Game Menus', 'Playable without Timed Input', 'Save Anytime', 'Stereo Sound', 'Surround Sound', 'Touch Only Option', 'HDR available', 'Family Sharing']",41981.0,79.0,Lead empires that evolve or endure through the Ages. Build something you believe in with Sid Meier's Civilization® VII.,False,game,89,67,48,45,67,"High demand, vulnerable sentiment",Displacement opportunity,High-ticket,Community / multiplayer audience,Paid upfront,Weak incumbent - demand exists but players are dissatisfied,"['high-demand', 'demand-quality-gap', 'social-retention-loop']",['weak-player-sentiment'],"Sid Meier's Civilization VII is a high demand, vulnerable sentiment, opportunity score 67/100, 51% positive from 27,801 reviews, 9,870 current players.",Analyze negative reviews first: this is where a better-positioned competitor can steal demand.
141,1962663,Call of Duty®: Warzone™,https://store.steampowered.com/app/1962663/Call_of_Duty_Warzone/,"Nov 16, 2022",Free,0,,Mostly Negative,28.0,20991.0,['windows'],https://shared.fastly.steamstatic.com/store_item_assets/steam/apps/1962663/d7a8b3e9a239f79f28a88bfa70aa51943597e0f7/capsule_231x87_alt_assets_17.jpg?t=1778886707,2026-06-03T01:58:02.371Z,38.0,Infinity Ward,Activision,"['Action', 'Free To Play']","['Single-player', 'Multi-player', 'PvP', 'Online PvP', 'Co-op', 'Online Co-op', 'Cross-Platform Multiplayer', 'Steam Achievements', 'Full controller support', 'Captions available', 'In-App Purchases']",9918.0,,"Welcome to Call of Duty®: Warzone™, the massive free-to-play combat arena. Experience thrilling modes & new gameplay features across Endgame (for a limited time), Battle Royale, Black Ops Royale, and Resurgence.",True,game,79,37,78,45,62,"High demand, vulnerable sentiment",Displacement opportunity,Free-to-play,Community / multiplayer audience,Base game plus in-app purchases,Weak incumbent - demand exists but players are dissatisfied,"['demand-quality-gap', 'free-to-play', 'iap-monetized', 'social-retention-loop']",['weak-player-sentiment'],"Call of Duty®: Warzone™ is a high demand, vulnerable sentiment, opportunity score 62/100, 28% positive from 20,991 reviews, 38 current players.",Analyze negative reviews first: this is where a better-positioned competitor can steal demand.
142,250900,The Binding of Isaac: Rebirth,https://store.steampowered.com/app/250900/The_Binding_of_Isaac_Rebirth/,"Nov 4, 2014",$14.99,1499,0.0,Overwhelmingly Positive,97.0,144982.0,"['windows', 'mac', 'linux']",https://shared.fastly.steamstatic.com/store_item_assets/steam/apps/250900/capsule_231x87.jpg?t=1731977365,2026-06-03T01:58:02.371Z,16188.0,"Nicalis, Inc.","Nicalis, Inc.",['Action'],"['Single-player', 'Multi-player', 'Shared/Split Screen', 'Steam Achievements', 'Full controller support', 'Steam Trading Cards', 'Steam Cloud', 'Remote Play on TV', 'Remote Play Together', 'Family Sharing']",357763.0,,"The Binding of Isaac: Rebirth is a randomly generated action RPG shooter with heavy Rogue-like elements. Following Isaac on his journey players will find bizarre treasures that change Isaac’s form giving him super human abilities and enabling him to fight off droves of mysterious creatures, discover secrets and fight his way to safety.",False,game,91,100,68,57,82,Standard competitor,Baseline market data,Mid-market,Community / multiplayer audience,Paid upfront,Strong incumbent - study positioning and retention loops,"['high-demand', 'loved-by-players', 'healthy-community', 'social-retention-loop']",[],"The Binding of Isaac: Rebirth is a standard competitor, opportunity score 82/100, 97% positive from 144,982 reviews, 16,188 current players.",Use as baseline competitor data; enrich with reviews for deeper sentiment intelligence.
143,427520,Factorio,https://store.steampowered.com/app/427520/Factorio/,"Aug 14, 2020",$35.00,3500,0.0,Overwhelmingly Positive,98.0,115485.0,"['windows', 'mac', 'linux']",https://shared.fastly.steamstatic.com/store_item_assets/steam/apps/427520/capsule_231x87.jpg?t=1763986204,2026-06-03T01:58:02.371Z,13209.0,Wube Software LTD.,Wube Software LTD.,"['Casual', 'Indie', 'Simulation', 'Strategy']","['Single-player', 'Multi-player', 'Co-op', 'Online Co-op', 'LAN Co-op', 'Cross-Platform Multiplayer', 'Steam Achievements', 'Adjustable Text Size', 'Camera Comfort', 'Custom Volume Controls', 'Adjustable Difficulty', 'Playable without Timed Input', 'Save Anytime', 'Subtitle Options', 'Partial Controller Support', 'Steam Cloud', 'Includes level editor', 'Remote Play on Tablet', 'Family Sharing']",191555.0,90.0,"Factorio is a game about building and creating automated factories to produce items of increasing complexity, within an infinite 2D world. Use your imagination to design your factory, combine simple elements into ingenious structures, and finally protect it from the creatures who don't really like you.",False,game,91,100,58,57,80,Standard competitor,Baseline market data,Premium,Community / multiplayer audience,Paid upfront,Strong incumbent - study positioning and retention loops,"['high-demand', 'loved-by-players', 'healthy-community', 'social-retention-loop']",[],"Factorio is a standard competitor, opportunity score 80/100, 98% positive from 115,485 reviews, 13,209 current players.",Use as baseline competitor data; enrich with reviews for deeper sentiment intelligence.
144,753640,Outer Wilds,https://store.steampowered.com/app/753640/Outer_Wilds/,"Jun 18, 2020",$12.49,1249,50.0,Overwhelmingly Positive,95.0,50702.0,['windows'],https://shared.fastly.steamstatic.com/store_item_assets/steam/apps/753640/c3b501a7177b6c902c69565366d4c5f4b82f23fe/capsule_231x87.jpg?t=1779137571,2026-06-03T01:58:02.371Z,1372.0,Mobius Digital,Annapurna Interactive,"['Action', 'Adventure']","['Single-player', 'Steam Achievements', 'Full controller support', 'Steam Trading Cards', 'Adjustable Text Size', 'Camera Comfort', 'Color Alternatives', 'Custom Volume Controls', 'Keyboard Only Option', 'Playable without Timed Input', 'Stereo Sound', 'Surround Sound', 'Steam Cloud', 'Remote Play on Phone', 'Remote Play on Tablet', 'Remote Play on TV', 'Family Sharing']",85187.0,85.0,"Named Game of the Year 2019 by Giant Bomb, Polygon, Eurogamer, and The Guardian, Outer Wilds is a critically-acclaimed and award-winning open world mystery about a solar system trapped in an endless time loop.",False,game,88,100,75,45,80,Commercially aggressive,Pricing/monetization benchmark,Promotional discount,Solo / narrative audience,Discount-driven sales,Strong incumbent - study positioning and retention loops,"['high-demand', 'loved-by-players', 'aggressive-discounting']",[],"Outer Wilds is a commercially aggressive, opportunity score 80/100, 95% positive from 50,702 reviews, 1,372 current players, 50% discount.","Compare discount depth, price tier, and monetization model against similar titles."
145,2272360,"Warhammer 40,000: Dawn of War IV",https://store.steampowered.com/app/2272360/Warhammer_40000_Dawn_of_War_IV/,"Sep 17, 2026",$53.99,5399,10.0,,,,['windows'],https://shared.fastly.steamstatic.com/store_item_assets/steam/apps/2272360/58655009cee15d3af27c68a064a7a351853fea0b/capsule_231x87.jpg?t=1779973757,2026-06-03T01:58:02.371Z,,KING Art,Deep Silver,"['Action', 'Strategy']","['Single-player', 'Multi-player', 'PvP', 'Online PvP', 'Co-op', 'Online Co-op', 'Family Sharing']",,,"Return to the RTS series’ roots with deeply satisfying strategy gameplay. Take command of four unique Warhammer 40,000 factions, including the Adeptus Mechanicus in their series debut! Fight through 70+ epic campaign missions, as well as the replayable Last Stand, Skirmish and multiplayer modes.",False,game,39,35,58,45,43,Standard competitor,Baseline market data,Premium,Community / multiplayer audience,Paid upfront,Comparable baseline,['social-retention-loop'],['review-data-missing-or-not-yet-established'],"Warhammer 40,000: Dawn of War IV is a standard competitor, opportunity score 43/100, 10% discount.",Use as baseline competitor data; enrich with reviews for deeper sentiment intelligence.
146,1332010,Stray,https://store.steampowered.com/app/1332010/Stray/,"Jul 19, 2022",$14.99,1499,50.0,Overwhelmingly Positive,97.0,77699.0,"['windows', 'mac']",https://shared.fastly.steamstatic.com/store_item_assets/steam/apps/1332010/01489897d641b7f2e734a436dfabdd74afd4c677/capsule_231x87.jpg?t=1779927784,2026-06-03T01:58:02.371Z,788.0,BlueTwelve Studio,Annapurna Interactive,"['Adventure', 'Indie']","['Single-player', 'Steam Achievements', 'Full controller support', 'Steam Trading Cards', 'Steam Cloud', 'Remote Play on TV', 'Family Sharing']",152877.0,82.0,"Lost, alone and separated from family, a stray cat must untangle an ancient mystery to escape a long-forgotten cybercity and find their way home.",False,game,87,100,75,45,79,Commercially aggressive,Pricing/monetization benchmark,Promotional discount,Solo / narrative audience,Discount-driven sales,Strong incumbent - study positioning and retention loops,"['high-demand', 'loved-by-players', 'aggressive-discounting']",[],"Stray is a commercially aggressive, opportunity score 79/100, 97% positive from 77,699 reviews, 788 current players, 50% discount.","Compare discount depth, price tier, and monetization model against similar titles."
147,3159330,Assassin’s Creed Shadows,https://store.steampowered.com/app/3159330/Assassins_Creed_Shadows/,"Mar 19, 2025",$34.99,3499,50.0,Mostly Positive,77.0,14989.0,['windows'],https://shared.fastly.steamstatic.com/store_item_assets/steam/apps/3159330/fe6c8f40f405c8bb3a05788d1316ebd8e3c31b6a/capsule_231x87.jpg?t=1775589420,2026-06-03T01:58:02.371Z,1794.0,Ubisoft Quebec,Ubisoft,"['Action', 'Adventure', 'RPG']","['Single-player', 'Steam Achievements', 'Steam Trading Cards', 'Captions available', 'In-App Purchases', 'Adjustable Text Size', 'Camera Comfort', 'Color Alternatives', 'Custom Volume Controls', 'Adjustable Difficulty', 'Keyboard Only Option', 'Mouse Only Option', 'Narrated Game Menus', 'Playable without Timed Input', 'Save Anytime', 'Stereo Sound', 'Subtitle Options', 'Surround Sound', 'Partial Controller Support', 'HDR available']",32468.0,,Experience an epic action-adventure story set in feudal Japan! Become a lethal shinobi assassin and powerful legendary samurai as you explore a beautiful open world in a time of chaos.,False,game,85,85,73,45,75,Standard competitor,Baseline market data,Promotional discount,Solo / narrative audience,Base game plus in-app purchases,Strong incumbent - study positioning and retention loops,"['high-demand', 'loved-by-players', 'aggressive-discounting', 'iap-monetized']",[],"Assassin’s Creed Shadows is a standard competitor, opportunity score 75/100, 77% positive from 14,989 reviews, 1,794 current players, 50% discount.",Use as baseline competitor data; enrich with reviews for deeper sentiment intelligence.
148,2057760,Esoteric Ebb,https://store.steampowered.com/app/2057760/Esoteric_Ebb/,"Mar 3, 2026",$19.99,1999,20.0,Overwhelmingly Positive,95.0,5104.0,['windows'],https://shared.fastly.steamstatic.com/store_item_assets/steam/apps/2057760/0c8f3c4b30a022b6ce816096db0dfd385199226b/capsule_231x87.jpg?t=1776091835,2026-06-03T01:58:02.371Z,629.0,Christoffer Bodegård,Raw Fury,"['Indie', 'RPG']","['Single-player', 'Steam Achievements', 'Full controller support', 'Steam Trading Cards', 'Adjustable Text Size', 'Camera Comfort', 'Color Alternatives', 'Custom Volume Controls', 'Keyboard Only Option', 'Mouse Only Option', 'Playable without Timed Input', 'Subtitle Options', 'Touch Only Option', 'Steam Cloud', 'Family Sharing']",6296.0,,Esoteric Ebb is a single-player CRPG inspired by the freedom of tabletop adventures. Unravel a political conspiracy with your goblin sidekick. Roll dice in tense encounters. Become a cleric of legends or completely ruin the campaign.,False,game,79,100,60,45,74,Standard competitor,Baseline market data,Mid-market,Solo / narrative audience,Paid upfront,Comparable baseline,['loved-by-players'],[],"Esoteric Ebb is a standard competitor, opportunity score 74/100, 95% positive from 5,104 reviews, 629 current players, 20% discount.",Use as baseline competitor data; enrich with reviews for deeper sentiment intelligence.
149,1857950,VEIN,https://store.steampowered.com/app/1857950/VEIN/,"Oct 24, 2025",$19.99,1999,0.0,Very Positive,90.0,7152.0,"['windows', 'linux']",https://shared.fastly.steamstatic.com/store_item_assets/steam/apps/1857950/a91648a3cbcf3cf55837439c42feb2879449eab0/capsule_231x87.jpg?t=1780246681,2026-06-03T01:58:02.371Z,1520.0,Ramjet Studios,Ramjet Studios,"['Action', 'RPG', 'Simulation', 'Early Access']","['Single-player', 'Multi-player', 'PvP', 'Online PvP', 'Co-op', 'Online Co-op', 'Adjustable Text Size', 'Camera Comfort', 'Custom Volume Controls', 'Adjustable Difficulty', 'Save Anytime', 'Stereo Sound', 'Surround Sound', 'Steam Cloud', 'Family Sharing']",9561.0,,"VEIN is a post-apocalyptic survival multiplayer sandbox game. Gather supplies to survive, explore abandoned buildings, defend your home, and rebuild society, whether alone or with friends.",False,game,81,98,68,45,75,Standard competitor,Baseline market data,Mid-market,Community / multiplayer audience,Paid upfront,Strong incumbent - study positioning and retention loops,"['high-demand', 'loved-by-players', 'social-retention-loop']",[],"VEIN is a standard competitor, opportunity score 75/100, 90% positive from 7,152 reviews, 1,520 current players.",Use as baseline competitor data; enrich with reviews for deeper sentiment intelligence.
150,1158310,Crusader Kings III,https://store.steampowered.com/app/1158310/Crusader_Kings_III/,"Sep 1, 2020",$49.99,4999,0.0,Very Positive,90.0,49020.0,"['windows', 'mac', 'linux']",https://shared.fastly.steamstatic.com/store_item_assets/steam/apps/1158310/969346b7534d84360e80d8997c3f58636140893f/capsule_231x87.jpg?t=1777568423,2026-06-03T01:58:02.371Z,13196.0,Paradox Development Studio,Paradox Interactive,"['RPG', 'Simulation', 'Strategy']","['Single-player', 'Multi-player', 'PvP', 'Online PvP', 'Steam Achievements', 'Steam Trading Cards', 'Steam Workshop', 'Adjustable Text Size', 'Camera Comfort', 'Custom Volume Controls', 'Adjustable Difficulty', 'Mouse Only Option', 'Playable without Timed Input', 'Save Anytime', 'Steam Cloud', 'Remote Play on Tablet', 'Family Sharing']",94280.0,91.0,"Love, fight, scheme, and claim greatness. Determine your noble house’s legacy in the sprawling grand strategy of Crusader Kings III. Death is only the beginning as you guide your dynasty’s bloodline in the rich and larger-than-life simulation of the Middle Ages.",False,game,91,99,58,57,80,Standard competitor,Baseline market data,Premium,Community / multiplayer audience,Paid upfront,Strong incumbent - study positioning and retention loops,"['high-demand', 'loved-by-players', 'healthy-community', 'social-retention-loop']",[],"Crusader Kings III is a standard competitor, opportunity score 80/100, 90% positive from 49,020 reviews, 13,196 current players.",Use as baseline competitor data; enrich with reviews for deeper sentiment intelligence.
151,3787240,MARVEL Tōkon: Fighting Souls,https://store.steampowered.com/app/3787240/MARVEL_Tkon_Fighting_Souls/,"Aug 6, 2026",$59.99,5999,0.0,,,,['windows'],https://shared.fastly.steamstatic.com/store_item_assets/steam/apps/3787240/02cce26298f101323accfb81984a1c339301fe82/capsule_231x87.jpg?t=1778210883,2026-06-03T01:58:02.371Z,,"ARC SYSTEM WORKS CO., LTD",PlayStation Publishing LLC,"['Action', 'Casual']","['Single-player', 'Multi-player', 'PvP', 'Online PvP', 'Shared/Split Screen PvP', 'Shared/Split Screen', 'Cross-Platform Multiplayer', 'Partial Controller Support', 'Family Sharing']",,,Assemble your team of legendary Marvel characters in the ultimate 4v4 tag team fighter.,False,game,38,35,58,55,45,Standard competitor,Baseline market data,Premium,Community / multiplayer audience,Paid upfront,Comparable baseline,"['social-retention-loop', 'fresh-release']",['review-data-missing-or-not-yet-established'],"MARVEL Tōkon: Fighting Souls is a standard competitor, opportunity score 45/100.",Use as baseline competitor data; enrich with reviews for deeper sentiment intelligence.
152,3028330,Battlefield™ REDSEC,https://store.steampowered.com/app/3028330/Battlefield_REDSEC/,"Oct 28, 2025",Free,0,,Mixed,43.0,9562.0,['windows'],https://shared.fastly.steamstatic.com/store_item_assets/steam/apps/3028330/f7ec6648f9de149b098b8b9674aa99a0b1c284c8/capsule_231x87.jpg?t=1778612589,2026-06-03T01:58:02.371Z,16.0,Battlefield Studios,Electronic Arts,"['Action', 'Free To Play']","['Single-player', 'Multi-player', 'PvP', 'Online PvP', 'Cross-Platform Multiplayer', 'Steam Achievements', 'Full controller support', 'In-App Purchases', 'Steam Cloud', 'HDR available']",9279.0,,"Now entering REDSEC, the ultimate free-to-play FPS destination built on Battlefield’s iconic DNA. Featuring Battle Royale, Gauntlet, & the power of Portal.",True,game,76,51,78,45,64,"High demand, vulnerable sentiment",Displacement opportunity,Free-to-play,Community / multiplayer audience,Base game plus in-app purchases,Weak incumbent - demand exists but players are dissatisfied,"['demand-quality-gap', 'free-to-play', 'iap-monetized', 'social-retention-loop']",['weak-player-sentiment'],"Battlefield™ REDSEC is a high demand, vulnerable sentiment, opportunity score 64/100, 43% positive from 9,562 reviews, 16 current players.",Analyze negative reviews first: this is where a better-positioned competitor can steal demand.
153,4125930,Punishing: Gray Raven,https://store.steampowered.com/app/4125930/Punishing_Gray_Raven/,"Feb 2, 2026",Free,0,,Mostly Positive,74.0,1103.0,['windows'],https://shared.fastly.steamstatic.com/store_item_assets/steam/apps/4125930/3f61d1e3cca7d009b55cbb7300d064fc801ab770/capsule_231x87.jpg?t=1780375411,2026-06-03T01:58:02.371Z,702.0,KURO GAMES,KURO GAMES,"['Action', 'Adventure', 'RPG', 'Free To Play']","['Single-player', 'In-App Purchases']",,,"As the commandant of the Gray Raven squad, you must assemble the most powerful Construct soldiers ever created and lead them into battle. Uncover the dark truths behind the Punishing Virus, push back the Corrupted, and reclaim Earth in this stylish, high-octane action RPG.",True,game,63,80,70,45,65,Standard competitor,Baseline market data,Free-to-play,Solo / narrative audience,Base game plus in-app purchases,Comparable baseline,"['free-to-play', 'iap-monetized']",[],"Punishing: Gray Raven is a standard competitor, opportunity score 65/100, 74% positive from 1,103 reviews, 702 current players.",Use as baseline competitor data; enrich with reviews for deeper sentiment intelligence.
154,1142710,Total War: WARHAMMER III,https://store.steampowered.com/app/1142710/Total_War_WARHAMMER_III/,"Feb 16, 2022",$45.00,5999,0.0,Mostly Positive,70.0,54511.0,"['windows', 'mac', 'linux']",https://shared.fastly.steamstatic.com/store_item_assets/steam/apps/1142710/capsule_231x87.jpg?t=1779441058,2026-06-03T01:58:02.371Z,18688.0,CREATIVE ASSEMBLY,SEGA,"['Action', 'Strategy']","['Single-player', 'Multi-player', 'PvP', 'Online PvP', 'LAN PvP', 'Co-op', 'Online Co-op', 'LAN Co-op', 'Steam Achievements', 'Steam Trading Cards', 'Camera Comfort', 'Color Alternatives', 'Custom Volume Controls', 'Adjustable Difficulty', 'Playable without Timed Input', 'Save Anytime', 'Stereo Sound', 'Surround Sound', 'Steam Cloud', 'Family Sharing']",100968.0,86.0,"The cataclysmic conclusion to the Total War: WARHAMMER trilogy is here. Rally your forces and step into the Realm of Chaos, a dimension of mind-bending horror where the very fate of the world will be decided. Will you conquer your Daemons… or command them?",False,game,91,83,58,57,76,Standard competitor,Baseline market data,Premium,Community / multiplayer audience,Paid upfront,Comparable baseline,"['high-demand', 'social-retention-loop']",[],"Total War: WARHAMMER III is a standard competitor, opportunity score 76/100, 70% positive from 54,511 reviews, 18,688 current players.",Use as baseline competitor data; enrich with reviews for deeper sentiment intelligence.
155,221100,DayZ,https://store.steampowered.com/app/221100/DayZ/,"Dec 13, 2018",$49.99,4999,0.0,Mostly Positive,74.0,176129.0,['windows'],https://shared.fastly.steamstatic.com/store_item_assets/steam/apps/221100/capsule_231x87.jpg?t=1769695513,2026-06-03T01:58:02.371Z,29081.0,Bohemia Interactive,Bohemia Interactive,"['Action', 'Adventure', 'Massively Multiplayer']","['Multi-player', 'MMO', 'PvP', 'Online PvP', 'Co-op', 'Online Co-op', 'Steam Achievements', 'Steam Trading Cards', 'Steam Workshop', 'Steam Cloud', 'Valve Anti-Cheat enabled']",381753.0,,"How long can you survive a post-apocalyptic world? A land overrun with an infected ""zombie"" population, where you compete with other survivors for limited resources. Will you team up with strangers and stay strong together? Or play as a lone wolf to avoid betrayal? This is DayZ – this is your story.",False,game,92,84,58,57,76,Standard competitor,Baseline market data,Premium,Community / multiplayer audience,Paid upfront,Comparable baseline,"['high-demand', 'social-retention-loop']",[],"DayZ is a standard competitor, opportunity score 76/100, 74% positive from 176,129 reviews, 29,081 current players.",Use as baseline competitor data; enrich with reviews for deeper sentiment intelligence.
156,784080,MechWarrior 5: Mercenaries,https://store.steampowered.com/app/784080/MechWarrior_5_Mercenaries/,"May 26, 2021",$29.99,2999,0.0,Very Positive,85.0,10325.0,['windows'],https://shared.fastly.steamstatic.com/store_item_assets/steam/apps/784080/capsule_231x87.jpg?t=1779818652,2026-06-03T01:58:02.371Z,2906.0,Piranha Games Inc.,Piranha Games Inc.,"['Action', 'Simulation']","['Single-player', 'Multi-player', 'Co-op', 'Online Co-op', 'Steam Achievements', 'Steam Workshop', 'Partial Controller Support', 'Family Sharing']",12552.0,73.0,The year is 3015. The battlefields are dominated by war machines known as BattleMechs. Level entire cities and decimate the enemy in your BattleMech. Follow a quest for glory and revenge. Manage an expanding mercenary company. Fight alongside your friends with a four-player PvE co-op.,False,game,83,90,68,45,74,Standard competitor,Baseline market data,Mid-market,Community / multiplayer audience,Paid upfront,Strong incumbent - study positioning and retention loops,"['high-demand', 'loved-by-players', 'social-retention-loop']",[],"MechWarrior 5: Mercenaries is a standard competitor, opportunity score 74/100, 85% positive from 10,325 reviews, 2,906 current players.",Use as baseline competitor data; enrich with reviews for deeper sentiment intelligence.
157,1326470,Sons Of The Forest,https://store.steampowered.com/app/1326470/Sons_Of_The_Forest/,"Feb 22, 2024",$29.99,2999,0.0,Very Positive,88.0,114090.0,['windows'],https://shared.fastly.steamstatic.com/store_item_assets/steam/apps/1326470/capsule_231x87.jpg?t=1708624856,2026-06-03T01:58:02.371Z,4390.0,Endnight Games Ltd,Newnight ,"['Action', 'Adventure', 'Indie', 'Simulation']","['Single-player', 'Multi-player', 'Co-op', 'Online Co-op', 'Steam Achievements', 'Full controller support', 'Steam Cloud', 'Family Sharing']",271397.0,,"Sent to find a missing billionaire on a remote island, you find yourself in a cannibal-infested hellscape. Craft, build, and struggle to survive, alone or with friends, in this terrifying new open-world survival horror simulator.",False,game,89,98,68,45,78,Standard competitor,Baseline market data,Mid-market,Community / multiplayer audience,Paid upfront,Strong incumbent - study positioning and retention loops,"['high-demand', 'loved-by-players', 'social-retention-loop']",[],"Sons Of The Forest is a standard competitor, opportunity score 78/100, 88% positive from 114,090 reviews, 4,390 current players.",Use as baseline competitor data; enrich with reviews for deeper sentiment intelligence.
158,949230,Cities: Skylines II,https://store.steampowered.com/app/949230/Cities_Skylines_II/,"Oct 24, 2023",$49.99,4999,0.0,Mixed,56.0,33240.0,['windows'],https://shared.fastly.steamstatic.com/store_item_assets/steam/apps/949230/2b264fcfffbdc89083c626e70d8e5f0b352672a9/capsule_231x87.jpg?t=1779837128,2026-06-03T01:58:02.371Z,7091.0,Iceflake Studios,Paradox Interactive,['Simulation'],"['Single-player', 'Steam Achievements', 'Full controller support', 'Steam Cloud', 'Family Sharing']",61454.0,,"Raise a city from the ground up and transform it into a thriving metropolis with the most realistic city builder ever. Push your creativity and problem-solving to build on a scale you've never experienced. With deep simulation and a living economy, this is world-building without limits.",False,game,88,65,50,45,66,"High demand, vulnerable sentiment",Displacement opportunity,Premium,Solo / narrative audience,Paid upfront,Weak incumbent - demand exists but players are dissatisfied,"['high-demand', 'demand-quality-gap']",['weak-player-sentiment'],"Cities: Skylines II is a high demand, vulnerable sentiment, opportunity score 66/100, 56% positive from 33,240 reviews, 7,091 current players.",Analyze negative reviews first: this is where a better-positioned competitor can steal demand.
159,648800,Raft,https://store.steampowered.com/app/648800/Raft/,"Jun 20, 2022",$19.99,1999,0.0,Very Positive,93.0,128567.0,['windows'],https://shared.fastly.steamstatic.com/store_item_assets/steam/apps/648800/capsule_231x87.jpg?t=1727184011,2026-06-03T01:58:02.371Z,4973.0,Redbeet Interactive,Axolot Games,"['Adventure', 'Indie', 'Simulation']","['Single-player', 'Multi-player', 'Co-op', 'Online Co-op', 'Steam Achievements', 'Steam Cloud', 'Family Sharing']",318042.0,,"Raft™ throws you and your friends into an epic oceanic adventure! Alone or together, players battle to survive a perilous voyage across a vast sea! Gather debris, scavenge reefs and build your own floating home, but be wary of the man-eating sharks!",False,game,89,100,68,45,79,Standard competitor,Baseline market data,Mid-market,Community / multiplayer audience,Paid upfront,Strong incumbent - study positioning and retention loops,"['high-demand', 'loved-by-players', 'social-retention-loop']",[],"Raft is a standard competitor, opportunity score 79/100, 93% positive from 128,567 reviews, 4,973 current players.",Use as baseline competitor data; enrich with reviews for deeper sentiment intelligence.
160,1636440,SILENT HILL: Townfall,https://store.steampowered.com/app/1636440/SILENT_HILL_Townfall/,"Sep 23, 2026",$49.99,4999,0.0,,,,['windows'],https://shared.fastly.steamstatic.com/store_item_assets/steam/apps/1636440/f0dfc016ffde1f3001a60e106bc0c2063fefd695/capsule_231x87.jpg?t=1780437869,2026-06-03T01:58:02.371Z,,Screen Burn,KONAMI,"['Action', 'Adventure']","['Single-player', 'Full controller support', 'Family Sharing']",,,"Returning to an island town to ‘put things right’, Simon Ordell descends into a world of tense evasion, explosive confrontations, and mind-bending puzzles that slowly surface the truth of St. Amelia.",False,game,38,35,50,45,41,Standard competitor,Baseline market data,Premium,Solo / narrative audience,Paid upfront,Comparable baseline,[],['review-data-missing-or-not-yet-established'],"SILENT HILL: Townfall is a standard competitor, opportunity score 41/100.",Use as baseline competitor data; enrich with reviews for deeper sentiment intelligence.
161,1449850,Yu-Gi-Oh! Master Duel,https://store.steampowered.com/app/1449850/YuGiOh_Master_Duel/,"Jan 18, 2022",Free,0,,Mostly Positive,73.0,48087.0,['windows'],https://shared.fastly.steamstatic.com/store_item_assets/steam/apps/1449850/f5ece36cb0b3fe40f666737b2dd9778fddda47fb/capsule_231x87.jpg?t=1778872856,2026-06-03T01:58:02.372Z,10480.0,KONAMI,KONAMI,"['Simulation', 'Strategy', 'Free To Play']","['Single-player', 'Multi-player', 'PvP', 'Online PvP', 'Cross-Platform Multiplayer', 'Steam Achievements', 'Steam Trading Cards', 'In-App Purchases']",,,"Yu-Gi-Oh! MASTER DUEL is the ultimate free-to-play cross-platform strategy card game with fast-paced Duels, stunning HD graphics and a new, dynamic soundtrack! Get ready to challenge Duelists around the world!",True,game,75,82,78,57,74,Commercially aggressive,Pricing/monetization benchmark,Free-to-play,Community / multiplayer audience,Base game plus in-app purchases,Comparable baseline,"['free-to-play', 'iap-monetized', 'social-retention-loop']",[],"Yu-Gi-Oh! Master Duel is a commercially aggressive, opportunity score 74/100, 73% positive from 48,087 reviews, 10,480 current players.","Compare discount depth, price tier, and monetization model against similar titles."
162,2074920,The First Descendant,https://store.steampowered.com/app/2074920/The_First_Descendant/,"Jun 30, 2024",Free,0,,Mixed,64.0,50397.0,['windows'],https://shared.fastly.steamstatic.com/store_item_assets/steam/apps/2074920/b0a405d77356737e175334f340e2bd61d37f04eb/capsule_231x87.jpg?t=1780408872,2026-06-03T01:58:02.372Z,3662.0,"NEXON Games Co., Ltd.",NEXON,"['Action', 'Adventure', 'RPG', 'Free To Play']","['Single-player', 'Multi-player', 'Co-op', 'Online Co-op', 'Cross-Platform Multiplayer', 'In-App Purchases', 'Partial Controller Support']",,,The First Descendant is a third-person looter shooter powered by Unreal Engine 5. Become a Descendant. Fight for the survival of humanity. Descendants have unique abilities to tackle both solo and co-op missions. Up to 4 players use varied mechanics to defeat giant bosses. BE THE FIRST DESCENDANT!,True,game,73,73,78,45,68,"High demand, vulnerable sentiment",Displacement opportunity,Free-to-play,Community / multiplayer audience,Base game plus in-app purchases,Weak incumbent - demand exists but players are dissatisfied,"['demand-quality-gap', 'free-to-play', 'iap-monetized', 'social-retention-loop']",['weak-player-sentiment'],"The First Descendant is a high demand, vulnerable sentiment, opportunity score 68/100, 64% positive from 50,397 reviews, 3,662 current players.",Analyze negative reviews first: this is where a better-positioned competitor can steal demand.
163,4735130,"1,200 Welcome Pack - Rainbow Six Siege",https://store.steampowered.com/app/4735130/1200_Welcome_Pack__Rainbow_Six_Siege/,"Jun 2, 2026",$9.99,999,0.0,Very Negative,16.0,83.0,['windows'],https://shared.fastly.steamstatic.com/store_item_assets/steam/apps/4735130/1292f013d79d15640dfe1171179bdaf024587edc/capsule_231x87.jpg?t=1780423175,2026-06-03T01:58:02.372Z,0.0,Ubisoft Montreal,Ubisoft,"['Action', 'Free To Play']","['Single-player', 'Multi-player', 'PvP', 'Online PvP', 'Co-op', 'Online Co-op', 'Downloadable Content', 'Full controller support', 'Steam Trading Cards', 'In-App Purchases', 'Remote Play on Phone', 'Remote Play on Tablet']",,,"Get 1,200 R6 Credits, instant unlock of four (4) operators, and a 7-day Renown Booster for the same price as a standard 1,200 R6 Credits pack. Only available while this season lasts!",False,dlc,48,20,81,55,49,Non-game / accessory listing,Catalog monitoring,Budget,Community / multiplayer audience,Base game plus in-app purchases,Comparable baseline,"['iap-monetized', 'social-retention-loop', 'fresh-release', 'non-game-dlc']","['weak-player-sentiment', 'low-review-confidence', 'not-a-standard-game']","1,200 Welcome Pack - Rainbow Six Siege is a non-game / accessory listing, opportunity score 49/100, 16% positive from 83 reviews.","Keep for catalog awareness, but exclude from game competitor benchmarks."
164,2778580,ELDEN RING Shadow of the Erdtree,https://store.steampowered.com/app/2778580/ELDEN_RING_Shadow_of_the_Erdtree/,"Jun 20, 2024",$39.99,3999,0.0,Very Positive,85.0,41154.0,['windows'],https://shared.fastly.steamstatic.com/store_item_assets/steam/apps/2778580/capsule_231x87.jpg?t=1763403045,2026-06-03T01:58:02.372Z,0.0,"FromSoftware, Inc.","FromSoftware, Inc.","['Action', 'RPG']","['Single-player', 'Multi-player', 'PvP', 'Online PvP', 'Co-op', 'Online Co-op', 'Downloadable Content', 'Steam Achievements', 'Full controller support', 'Steam Trading Cards', 'Steam Cloud', 'Family Sharing']",81756.0,92.0,"The ELDEN RING Shadow of the Erdtree expansion features an all-new story set in the Land of Shadow imbued with mystery, perilous dungeons, and new enemies, weapons and equipment.",False,dlc,77,96,58,45,72,Non-game / accessory listing,Catalog monitoring,Premium,Community / multiplayer audience,Paid upfront,Comparable baseline,"['loved-by-players', 'social-retention-loop', 'non-game-dlc']",['not-a-standard-game'],"ELDEN RING Shadow of the Erdtree is a non-game / accessory listing, opportunity score 72/100, 85% positive from 41,154 reviews.","Keep for catalog awareness, but exclude from game competitor benchmarks."
165,3186540,Destiny 2: Renegades,https://store.steampowered.com/app/3186540/Destiny_2_Renegades/,"Dec 2, 2025",$39.99,3999,0.0,Mixed,59.0,1210.0,['windows'],https://shared.fastly.steamstatic.com/store_item_assets/steam/apps/3186540/5b6f9ade7194067038d39f27270410e050a20d29/capsule_231x87.jpg?t=1766388296,2026-06-03T01:58:02.372Z,0.0,Bungie,Bungie,"['Action', 'Adventure', 'Free To Play']","['Single-player', 'Multi-player', 'PvP', 'Online PvP', 'Co-op', 'Online Co-op', 'Downloadable Content', 'Steam Achievements', 'In-App Purchases', 'Partial Controller Support']",1210.0,,"Play Destiny 2: Renegades — The Lawless Frontier calls, an uncharted expanse where power alone isn’t enough. Navigate a world of shadows and syndicates, shape your legend through influence, and become the force that tips the balance.",False,dlc,64,65,66,45,61,Non-game / accessory listing,Catalog monitoring,Premium,Community / multiplayer audience,Base game plus in-app purchases,Comparable baseline,"['iap-monetized', 'social-retention-loop', 'non-game-dlc']","['weak-player-sentiment', 'not-a-standard-game']","Destiny 2: Renegades is a non-game / accessory listing, opportunity score 61/100, 59% positive from 1,210 reviews.","Keep for catalog awareness, but exclude from game competitor benchmarks."
166,3219030,Planet Zoo 2,https://store.steampowered.com/app/3219030/Planet_Zoo_2/,"Oct 13, 2026",$49.99,4999,0.0,,,,['windows'],https://shared.fastly.steamstatic.com/store_item_assets/steam/apps/3219030/3064313be6246559cd433c49e4c272e20bb621c6/capsule_231x87.jpg?t=1780049919,2026-06-03T01:58:02.372Z,,Frontier Developments,Frontier Developments,"['Simulation', 'Strategy']","['Single-player', 'Steam Achievements', 'Full controller support', 'Steam Cloud', 'HDR available', 'Family Sharing']",,,"Build a wilder world in Planet Zoo 2. Create distinctive zoos around the globe filled with awe-inspiring animals, including fully aquatic and flying species, before taking your experience beyond the zoo to release your animals into expansive Wildlife Reserves.",False,game,38,35,50,45,41,Standard competitor,Baseline market data,Premium,Solo / narrative audience,Paid upfront,Comparable baseline,[],['review-data-missing-or-not-yet-established'],"Planet Zoo 2 is a standard competitor, opportunity score 41/100.",Use as baseline competitor data; enrich with reviews for deeper sentiment intelligence.
167,1149460,ICARUS,https://store.steampowered.com/app/1149460/ICARUS/,"Dec 3, 2021",$34.99,3499,0.0,Mostly Positive,76.0,29575.0,['windows'],https://shared.fastly.steamstatic.com/store_item_assets/steam/apps/1149460/capsule_231x87.jpg?t=1772745915,2026-06-03T01:58:02.372Z,4065.0,RocketWerkz,RocketWerkz,"['Action', 'Adventure', 'Simulation']","['Single-player', 'Multi-player', 'Co-op', 'Online Co-op', 'Steam Achievements', 'Steam Trading Cards', 'Steam Cloud', 'Family Sharing']",52448.0,,"ICARUS is a solo or multiplayer PvE survival game. Explore a savage wilderness in the aftermath of terraforming gone wrong. Complete narrative quests as either Open World operations or Individual Missions. Explore, build, craft and hunt while seeking your fortune and prospecting for exotic matter.",False,game,87,85,58,45,72,Standard competitor,Baseline market data,Premium,Community / multiplayer audience,Paid upfront,Strong incumbent - study positioning and retention loops,"['high-demand', 'loved-by-players', 'social-retention-loop']",[],"ICARUS is a standard competitor, opportunity score 72/100, 76% positive from 29,575 reviews, 4,065 current players.",Use as baseline competitor data; enrich with reviews for deeper sentiment intelligence.
168,2688950,Planet Coaster 2,https://store.steampowered.com/app/2688950/Planet_Coaster_2/,"Nov 6, 2024",$22.49,2249,55.0,Mostly Positive,72.0,7891.0,['windows'],https://shared.fastly.steamstatic.com/store_item_assets/steam/apps/2688950/capsule_231x87.jpg?t=1777478529,2026-06-03T01:58:02.372Z,1273.0,Frontier Developments,Frontier Developments,"['Simulation', 'Strategy']","['Single-player', 'Steam Achievements', 'Full controller support', 'Steam Trading Cards', 'Camera Comfort', 'Color Alternatives', 'Custom Volume Controls', 'Adjustable Difficulty', 'Playable without Timed Input', 'Save Anytime', 'Stereo Sound', 'Surround Sound', 'Steam Cloud', 'HDR available', 'Family Sharing']",11894.0,76.0,"Build and customise thrilling roller coasters and incredible water slides, manage the ultimate theme park experience, and share your epic creations. Are you ready to ride the wave?",False,game,80,81,75,45,72,Commercially aggressive,Pricing/monetization benchmark,Promotional discount,Solo / narrative audience,Discount-driven sales,Comparable baseline,"['high-demand', 'aggressive-discounting']",[],"Planet Coaster 2 is a commercially aggressive, opportunity score 72/100, 72% positive from 7,891 reviews, 1,273 current players, 55% discount.","Compare discount depth, price tier, and monetization model against similar titles."
169,1284210,Guild Wars 2®,https://store.steampowered.com/app/1284210/Guild_Wars_2/,"Aug 23, 2022",Free,0,,Very Positive,88.0,17861.0,['windows'],https://shared.fastly.steamstatic.com/store_item_assets/steam/apps/1284210/d926406bac23005d2d4a2bbe2d6faee3494f0544/capsule_231x87.jpg?t=1775256472,2026-06-03T01:58:02.372Z,4046.0,ArenaNet®,ArenaNet®,"['Adventure', 'Massively Multiplayer', 'RPG', 'Free To Play']","['Multi-player', 'MMO', 'PvP', 'Online PvP', 'Co-op', 'Online Co-op', 'In-App Purchases']",467.0,90.0,"Guild Wars 2 is an award-winning online roleplaying game with fast-paced action combat, deep character customization, and no subscription fee required. Choose from an arsenal of professions and weapons, explore a vast open world, compete in PVP modes and more. Join over 16 million players now!",True,game,79,98,78,45,77,Commercially aggressive,Pricing/monetization benchmark,Free-to-play,Community / multiplayer audience,Base game plus in-app purchases,Comparable baseline,"['loved-by-players', 'free-to-play', 'iap-monetized', 'social-retention-loop']",[],"Guild Wars 2® is a commercially aggressive, opportunity score 77/100, 88% positive from 17,861 reviews, 4,046 current players.","Compare discount depth, price tier, and monetization model against similar titles."
170,286160,Tabletop Simulator,https://store.steampowered.com/app/286160/Tabletop_Simulator/,"Jun 5, 2015",$19.99,1999,0.0,Overwhelmingly Positive,96.0,31300.0,"['windows', 'mac', 'linux', 'vr']",https://shared.fastly.steamstatic.com/store_item_assets/steam/apps/286160/capsule_231x87.jpg?t=1772387518,2026-06-03T01:58:02.372Z,9063.0,Berserk Games,Berserk Games,"['Casual', 'Indie', 'RPG', 'Simulation', 'Strategy']","['Single-player', 'Multi-player', 'PvP', 'Online PvP', 'Shared/Split Screen PvP', 'Co-op', 'Online Co-op', 'Shared/Split Screen Co-op', 'Shared/Split Screen', 'Cross-Platform Multiplayer', 'Steam Achievements', 'Full controller support', 'Tracked Controller Support', 'VR Supported', 'Steam Trading Cards', 'Steam Workshop', 'Steam Cloud', 'Includes level editor', 'Remote Play Together', 'Family Sharing']",47867.0,,"Tabletop Simulator is the only simulator where you can let your aggression out by flipping the table! There are no rules to follow: just you, a physics sandbox, and your friends. Make your own online board games or play the thousands of community created mods. Unlimited gaming possibilities!",False,game,88,100,68,45,78,Standard competitor,Baseline market data,Mid-market,Community / multiplayer audience,Paid upfront,Strong incumbent - study positioning and retention loops,"['high-demand', 'loved-by-players', 'social-retention-loop']",[],"Tabletop Simulator is a standard competitor, opportunity score 78/100, 96% positive from 31,300 reviews, 9,063 current players.",Use as baseline competitor data; enrich with reviews for deeper sentiment intelligence.
171,2781620,Risk of Rain 2: Alloyed Collective,https://store.steampowered.com/app/2781620/Risk_of_Rain_2_Alloyed_Collective/,"Nov 18, 2025",$11.99,1199,20.0,Very Positive,94.0,2797.0,['windows'],https://shared.fastly.steamstatic.com/store_item_assets/steam/apps/2781620/182e8dfd04fd1c8ab5693d1defebf4647cd261ed/capsule_231x87.jpg?t=1763508164,2026-06-03T01:58:02.372Z,0.0,Gearbox Software,2K Games,"['Action', 'Indie']","['Single-player', 'Multi-player', 'PvP', 'Online PvP', 'Co-op', 'Online Co-op', 'Downloadable Content', 'Full controller support', 'Steam Cloud', 'Steam Leaderboards', 'Remote Play on Phone', 'Remote Play on Tablet', 'Remote Play on TV', 'Family Sharing']",3365.0,,"Lured, enslaved, and left to rust. The Alloyed Collective now stirs from the scrap of their fallen allies, driven by a singular purpose: returning home. Master two new Survivors and descend deep into Petrichor V to take on the Alloyed Collective’s ultimate creation.",False,dlc,67,100,68,45,71,Non-game / accessory listing,Catalog monitoring,Mid-market,Community / multiplayer audience,Paid upfront,Comparable baseline,"['loved-by-players', 'social-retention-loop', 'non-game-dlc']",['not-a-standard-game'],"Risk of Rain 2: Alloyed Collective is a non-game / accessory listing, opportunity score 71/100, 94% positive from 2,797 reviews, 20% discount.","Keep for catalog awareness, but exclude from game competitor benchmarks."
172,1203620,Enshrouded,https://store.steampowered.com/app/1203620/Enshrouded/,"Jan 24, 2024",$29.99,2999,0.0,Very Positive,87.0,47278.0,['windows'],https://shared.fastly.steamstatic.com/store_item_assets/steam/apps/1203620/84d7ce762d0e0ad6a2dfdced85ea713d33b70e18/capsule_231x87.jpg?t=1776758849,2026-06-03T01:58:02.372Z,7813.0,Keen Games GmbH,Keen Games GmbH,"['Action', 'Adventure', 'Indie', 'RPG', 'Early Access']","['Single-player', 'Multi-player', 'Co-op', 'Online Co-op', 'Steam Achievements', 'Full controller support', 'Adjustable Text Size', 'Camera Comfort', 'Color Alternatives', 'Custom Volume Controls', 'Adjustable Difficulty', 'Stereo Sound', 'Steam Cloud', 'Family Sharing']",90276.0,,"You are Flameborn, last ember of hope of a dying race. Awaken, survive the terror of a corrupting fog, and reclaim the lost beauty of your kingdom. Venture into a vast world, vanquish punishing bosses, build grand halls and forge your path in this co-op survival action RPG for up to 16 players.",False,game,89,96,68,45,78,Standard competitor,Baseline market data,Mid-market,Community / multiplayer audience,Paid upfront,Strong incumbent - study positioning and retention loops,"['high-demand', 'loved-by-players', 'social-retention-loop']",[],"Enshrouded is a standard competitor, opportunity score 78/100, 87% positive from 47,278 reviews, 7,813 current players.",Use as baseline competitor data; enrich with reviews for deeper sentiment intelligence.
173,1172620,Sea of Thieves: 2026 Edition,https://store.steampowered.com/app/1172620/Sea_of_Thieves_2026_Edition/,"Jun 3, 2020",$39.99,3999,0.0,Very Positive,88.0,145707.0,['windows'],https://shared.fastly.steamstatic.com/store_item_assets/steam/apps/1172620/5d210ce2851af775943157ce7e97dc5fc27e1d9d/capsule_231x87.jpg?t=1775816492,2026-06-03T01:58:02.372Z,3279.0,Rare Ltd,Xbox Game Studios,"['Action', 'Adventure']","['Multi-player', 'PvP', 'Online PvP', 'Co-op', 'Online Co-op', 'Cross-Platform Multiplayer', 'Steam Achievements', 'Steam Trading Cards', 'In-App Purchases', 'Partial Controller Support', 'Remote Play on Phone', 'Remote Play on Tablet', 'Family Sharing']",319003.0,,"Sea of Thieves is a smash-hit pirate adventure game, offering the quintessential pirate experience of plundering lost treasures, intense battles, vanquishing sea monsters and more. Dive in with this revised edition of the game, which includes access to digital bonus media.",False,game,88,98,66,45,78,Standard competitor,Baseline market data,Premium,Community / multiplayer audience,Base game plus in-app purchases,Strong incumbent - study positioning and retention loops,"['high-demand', 'loved-by-players', 'iap-monetized', 'social-retention-loop']",[],"Sea of Thieves: 2026 Edition is a standard competitor, opportunity score 78/100, 88% positive from 145,707 reviews, 3,279 current players.",Use as baseline competitor data; enrich with reviews for deeper sentiment intelligence.
174,251570,7 Days to Die,https://store.steampowered.com/app/251570/7_Days_to_Die/,"Jul 25, 2024",$44.99,4499,0.0,Very Positive,85.0,124416.0,"['windows', 'mac', 'linux']",https://shared.fastly.steamstatic.com/store_item_assets/steam/apps/251570/capsule_231x87.jpg?t=1776457619,2026-06-03T01:58:02.372Z,17145.0,The Fun Pimps,The Fun Pimps Entertainment LLC,"['Action', 'Adventure', 'Indie', 'RPG', 'Simulation', 'Strategy']","['Single-player', 'Multi-player', 'PvP', 'Online PvP', 'LAN PvP', 'Co-op', 'Online Co-op', 'LAN Co-op', 'Cross-Platform Multiplayer', 'Steam Achievements', 'Full controller support', 'Steam Trading Cards', 'Includes level editor', 'Remote Play on Tablet', 'Remote Play on TV', 'Family Sharing']",272813.0,,"7 Days to Die is an open-world game that is a unique combination of first-person shooter, survival horror, tower defense, and role-playing games. Play the definitive zombie survival sandbox RPG that came first. Navezgane awaits!",False,game,90,95,58,57,78,Standard competitor,Baseline market data,Premium,Community / multiplayer audience,Paid upfront,Strong incumbent - study positioning and retention loops,"['high-demand', 'loved-by-players', 'healthy-community', 'social-retention-loop']",[],"7 Days to Die is a standard competitor, opportunity score 78/100, 85% positive from 124,416 reviews, 17,145 current players.",Use as baseline competitor data; enrich with reviews for deeper sentiment intelligence.
175,219990,Grim Dawn,https://store.steampowered.com/app/219990/Grim_Dawn/,"Feb 25, 2016",$4.99,499,80.0,Overwhelmingly Positive,95.0,39271.0,['windows'],https://shared.fastly.steamstatic.com/store_item_assets/steam/apps/219990/capsule_231x87.jpg?t=1726250949,2026-06-03T01:58:02.372Z,3034.0,Crate Entertainment,Crate Entertainment,"['Action', 'Adventure', 'Indie', 'RPG']","['Single-player', 'Multi-player', 'Co-op', 'Online Co-op', 'LAN Co-op', 'Steam Achievements', 'Full controller support', 'Steam Trading Cards', 'Steam Cloud', 'Remote Play on Tablet', 'Remote Play on TV', 'Family Sharing']",89381.0,83.0,"Enter an apocalyptic fantasy world where humanity is on the brink of extinction, iron is valued above gold and trust is hard earned. This ARPG features complex character development, hundreds of unique items, crafting and quests with choice & consequence.",False,game,87,100,98,45,84,Commercially aggressive,Pricing/monetization benchmark,Deep discount,Community / multiplayer audience,Discount-driven sales,Strong incumbent - study positioning and retention loops,"['high-demand', 'loved-by-players', 'aggressive-discounting', 'social-retention-loop']",[],"Grim Dawn is a commercially aggressive, opportunity score 84/100, 95% positive from 39,271 reviews, 3,034 current players, 80% discount.","Compare discount depth, price tier, and monetization model against similar titles."
176,4764930,Master of Command - The Lion & Eagle,https://store.steampowered.com/app/4764930/Master_of_Command__The_Lion__Eagle/,"Jun 1, 2026",$14.99,1499,0.0,Positive,100.0,29.0,['windows'],https://shared.fastly.steamstatic.com/store_item_assets/steam/apps/4764930/440b4374425bbb40b1bbdfb5261a308249a68d0a/capsule_231x87.jpg?t=1780337236,2026-06-03T01:58:02.372Z,0.0, Armchair Interactive, Armchair Interactive,['Strategy'],"['Single-player', 'Downloadable Content', 'Steam Achievements', 'Steam Trading Cards', 'Steam Workshop', 'Steam Cloud', 'Includes level editor', 'Family Sharing']",,,"The Lion & Eagle DLC adds two new playable nations to Master of Command: Sweden and the Polish-Lithuanian Commonwealth. Command new armies, doctrines, reforms, units, regions, encounters, music, officer traits, items, and flag emblems as you march under the Swedish lion or the Commonwealth eagle.",False,dlc,45,100,60,55,64,Non-game / accessory listing,Catalog monitoring,Mid-market,Solo / narrative audience,Paid upfront,Niche love - small but passionate audience,"['loved-by-players', 'fresh-release', 'non-game-dlc']","['low-review-confidence', 'not-a-standard-game']","Master of Command - The Lion & Eagle is a non-game / accessory listing, opportunity score 64/100, 100% positive from 29 reviews.","Keep for catalog awareness, but exclude from game competitor benchmarks."
177,1304930,The Outlast Trials,https://store.steampowered.com/app/1304930/The_Outlast_Trials/,"Mar 5, 2024",$39.99,3999,0.0,Very Positive,94.0,39409.0,['windows'],https://shared.fastly.steamstatic.com/store_item_assets/steam/apps/1304930/0006315ae2565f31c7675488766cccbc79fc34a8/capsule_231x87_alt_assets_2.jpg?t=1779221190,2026-06-03T01:58:02.372Z,5540.0,Red Barrels,Red Barrels,"['Action', 'Adventure', 'Indie']","['Single-player', 'Multi-player', 'Co-op', 'Online Co-op', 'Full controller support', 'Family Sharing']",84655.0,,"Red Barrels invites you to experience mind-numbing terror, this time with friends. Whether you go through the trials alone or in teams, if you survive long enough and complete the therapy, Murkoff will happily let you leave… but will you be the same?",False,game,88,100,58,45,76,Standard competitor,Baseline market data,Premium,Community / multiplayer audience,Paid upfront,Strong incumbent - study positioning and retention loops,"['high-demand', 'loved-by-players', 'social-retention-loop']",[],"The Outlast Trials is a standard competitor, opportunity score 76/100, 94% positive from 39,409 reviews, 5,540 current players.",Use as baseline competitor data; enrich with reviews for deeper sentiment intelligence.
178,2333480,RAID: Shadow Legends,https://store.steampowered.com/app/2333480/RAID_Shadow_Legends/,"Jan 9, 2024",Free,0,,Mixed,59.0,1349.0,['windows'],https://shared.fastly.steamstatic.com/store_item_assets/steam/apps/2333480/capsule_231x87.jpg?t=1776767075,2026-06-03T01:58:02.372Z,1153.0,Plarium Global Ltd,Plarium Global Ltd,"['Massively Multiplayer', 'RPG', 'Strategy', 'Free To Play']","['Single-player', 'Multi-player', 'MMO', 'PvP', 'Online PvP', 'Cross-Platform Multiplayer', 'In-App Purchases']",,,RAID: Shadow Legends is a free-to-play collection RPG with 800+ playable Champions and 8 game modes. Heed the Arbiter's call and defend the dark fantasy world of Teleria.,True,game,63,65,78,45,63,Commercially aggressive,Pricing/monetization benchmark,Free-to-play,Community / multiplayer audience,Base game plus in-app purchases,Comparable baseline,"['free-to-play', 'iap-monetized', 'social-retention-loop']",['weak-player-sentiment'],"RAID: Shadow Legends is a commercially aggressive, opportunity score 63/100, 59% positive from 1,349 reviews, 1,153 current players.","Compare discount depth, price tier, and monetization model against similar titles."
179,2261430,LumenTale: Memories of Trey,https://store.steampowered.com/app/2261430/LumenTale_Memories_of_Trey/,"May 26, 2026",$22.49,2249,10.0,Mostly Positive,72.0,583.0,['windows'],https://shared.fastly.steamstatic.com/store_item_assets/steam/apps/2261430/d6f6fb11b0aef400ad0f3f6012d4f7e366671e10/capsule_231x87.jpg?t=1780326233,2026-06-03T01:58:02.373Z,1823.0,Beehive Studios,Team17,"['Action', 'Adventure', 'RPG']","['Single-player', 'Multi-player', 'PvP', 'Online PvP', 'Steam Achievements', 'Partial Controller Support', 'Steam Cloud', 'Family Sharing']",583.0,,LumenTale: Memories of Trey is a captivating Monster Collector RPG set in a beautiful and enchanting world. Follow Trey as he embarks on an adventure to recover his missing memories and make new ones with the Animon.,False,game,70,78,68,55,69,Standard competitor,Baseline market data,Mid-market,Community / multiplayer audience,Paid upfront,Comparable baseline,"['social-retention-loop', 'fresh-release']",[],"LumenTale: Memories of Trey is a standard competitor, opportunity score 69/100, 72% positive from 583 reviews, 1,823 current players, 10% discount.",Use as baseline competitor data; enrich with reviews for deeper sentiment intelligence.
180,1374490,RuneScape: Dragonwilds,https://store.steampowered.com/app/1374490/RuneScape_Dragonwilds/,"Apr 15, 2025",$29.99,2999,0.0,Very Positive,81.0,19744.0,['windows'],https://shared.fastly.steamstatic.com/store_item_assets/steam/apps/1374490/0506a39cf8e8303698df581c54000fec368b2b27/capsule_231x87.jpg?t=1775138221,2026-06-03T01:58:02.373Z,1832.0,Jagex Ltd,Jagex Ltd,"['Action', 'Adventure', 'RPG', 'Early Access']","['Single-player', 'Multi-player', 'Co-op', 'Online Co-op', 'Adjustable Text Size', 'Custom Volume Controls', 'Save Anytime', 'Stereo Sound', 'Partial Controller Support', 'Steam Cloud', 'Family Sharing']",23301.0,,"On RuneScape’s forgotten continent of Ashenfall, dragons have awoken. Gather, build, skill and craft to survive in this co-operative (1-4) survival crafting game. Only by mastering survival and uncovering ancient secrets can they hope to slay the Dragon Queen—alone or with allies.",False,game,83,90,68,45,74,Standard competitor,Baseline market data,Mid-market,Community / multiplayer audience,Paid upfront,Strong incumbent - study positioning and retention loops,"['high-demand', 'loved-by-players', 'social-retention-loop']",[],"RuneScape: Dragonwilds is a standard competitor, opportunity score 74/100, 81% positive from 19,744 reviews, 1,832 current players.",Use as baseline competitor data; enrich with reviews for deeper sentiment intelligence.
181,3646460,Devil Spire Falls,https://store.steampowered.com/app/3646460/Devil_Spire_Falls/,"Jul 6, 2025",$14.99,1499,0.0,Overwhelmingly Positive,95.0,684.0,"['windows', 'linux']",https://shared.fastly.steamstatic.com/store_item_assets/steam/apps/3646460/a1e012256987dc8ab15571304394612a617c356d/capsule_231x87.jpg?t=1777918461,2026-06-03T01:58:02.373Z,186.0,Ithiro Sumi,Ithiro Sumi,"['Action', 'Adventure', 'Indie', 'RPG', 'Early Access']","['Single-player', 'Steam Achievements', 'Full controller support', 'Adjustable Text Size', 'Custom Volume Controls', 'Adjustable Difficulty', 'Keyboard Only Option', 'Playable without Timed Input', 'Save Anytime', 'Stereo Sound', 'Stats', 'Remote Play on TV', 'Family Sharing']",684.0,,"The open-world action-RPG, where you can do anything, of your dreams… as if it came out 30 years ago!",False,game,68,100,60,45,70,Standard competitor,Baseline market data,Mid-market,Solo / narrative audience,Paid upfront,Comparable baseline,['loved-by-players'],[],"Devil Spire Falls is a standard competitor, opportunity score 70/100, 95% positive from 684 reviews, 186 current players.",Use as baseline competitor data; enrich with reviews for deeper sentiment intelligence.
182,813780,Age of Empires II: Definitive Edition,https://store.steampowered.com/app/813780/Age_of_Empires_II_Definitive_Edition/,"Nov 14, 2019",$34.99,3499,0.0,Overwhelmingly Positive,95.0,60486.0,"['windows', 'mac']",https://shared.fastly.steamstatic.com/store_item_assets/steam/apps/813780/capsule_231x87.jpg?t=1779962374,2026-06-03T01:58:02.373Z,15053.0,World's Edge,Xbox Game Studios,['Strategy'],"['Single-player', 'Multi-player', 'PvP', 'Online PvP', 'LAN PvP', 'Co-op', 'Online Co-op', 'LAN Co-op', 'Cross-Platform Multiplayer', 'Steam Achievements', 'Steam Trading Cards', 'Adjustable Text Size', 'Color Alternatives', 'Custom Volume Controls', 'Adjustable Difficulty', 'Mouse Only Option', 'Narrated Game Menus', 'Playable without Timed Input', 'Save Anytime', 'Steam Cloud', 'Includes level editor', 'Family Sharing']",155573.0,84.0,"42 Civilizations, 229 Campaign Missions, Singleplayer, Co-Op, Multiplayer, In-Game Editor, Mods, Cross-play...It is good to be the king.",False,game,90,100,58,57,80,Standard competitor,Baseline market data,Premium,Community / multiplayer audience,Paid upfront,Strong incumbent - study positioning and retention loops,"['high-demand', 'loved-by-players', 'healthy-community', 'social-retention-loop']",[],"Age of Empires II: Definitive Edition is a standard competitor, opportunity score 80/100, 95% positive from 60,486 reviews, 15,053 current players.",Use as baseline competitor data; enrich with reviews for deeper sentiment intelligence.
183,3198890,Scale the Depths,https://store.steampowered.com/app/3198890/Scale_the_Depths/,"May 28, 2026",$8.49,849,15.0,Very Positive,84.0,388.0,"['windows', 'mac']",https://shared.fastly.steamstatic.com/store_item_assets/steam/apps/3198890/a995e1d1cff0a50782cdb928facd6fb8233123eb/capsule_231x87.jpg?t=1779991276,2026-06-03T01:58:02.373Z,840.0,Glass Gecko Games,Pretty Soon,"['Casual', 'Indie', 'Simulation']","['Single-player', 'Steam Achievements', 'Partial Controller Support', 'Steam Cloud', 'Family Sharing']",393.0,,"Fish, scale, sell, repeat. Scale the Depths is a casual fishing game built around this simple but satisfying loop. Feed hungry customers, upgrade your gear, and uncover the many secrets hidden beneath the surface.",False,game,68,89,65,55,70,Standard competitor,Baseline market data,Budget,Solo / narrative audience,Paid upfront,Comparable baseline,"['loved-by-players', 'fresh-release']",[],"Scale the Depths is a standard competitor, opportunity score 70/100, 84% positive from 388 reviews, 840 current players, 15% discount.",Use as baseline competitor data; enrich with reviews for deeper sentiment intelligence.
184,3950020,Duet Night Abyss,https://store.steampowered.com/app/3950020/Duet_Night_Abyss/,"Jan 19, 2026",Free,0,,Mixed,58.0,1653.0,['windows'],https://shared.fastly.steamstatic.com/store_item_assets/steam/apps/3950020/125f2825af9fe23db7a9f6baf17b4c1983a3f236/capsule_231x87.jpg?t=1780403385,2026-06-03T01:58:02.373Z,1393.0,Pan Studio,Hero Games,"['Action', 'RPG', 'Free To Play']","['Multi-player', 'Co-op', 'Online Co-op', 'Steam Achievements', 'Full controller support', 'In-App Purchases', 'Keyboard Only Option', 'Playable without Timed Input', 'Save Anytime']",,,"A Thrilling Hybrid Action RPG, featuring a Dual NarrativeAll Characters & Weapons Free to Unlock—— New Version [Silver Torrent, Rising Star] Now Available Limited-Time Giveaway: Up to free 60 Skin Pulls + Self-Pick Character & Weapon!",True,game,63,64,78,45,63,Commercially aggressive,Pricing/monetization benchmark,Free-to-play,Community / multiplayer audience,Base game plus in-app purchases,Comparable baseline,"['free-to-play', 'iap-monetized', 'social-retention-loop']",['weak-player-sentiment'],"Duet Night Abyss is a commercially aggressive, opportunity score 63/100, 58% positive from 1,653 reviews, 1,393 current players.","Compare discount depth, price tier, and monetization model against similar titles."
185,2244210,Echoes of Aincrad,https://store.steampowered.com/app/2244210/Echoes_of_Aincrad/,"Jul 9, 2026",$69.99,6999,0.0,,,,['windows'],https://shared.fastly.steamstatic.com/store_item_assets/steam/apps/2244210/fb9781058dc6cec8a25e7ce971d2f5bb118843fb/capsule_231x87.jpg?t=1779933616,2026-06-03T01:58:02.373Z,,Game Studio Inc.,Bandai Namco Entertainment Inc.,"['Action', 'RPG']","['Single-player', 'Steam Achievements', 'Full controller support', 'Steam Cloud', 'Family Sharing']",,,"Step into Aincrad, a world of beauty and danger where every battle could be your last. Create your hero, choose your gear, and master combat by building synergy with your partner, leveling up, and unlocking special abilities to expand your horizons.",False,game,37,35,40,55,41,Standard competitor,Baseline market data,High-ticket,Solo / narrative audience,Paid upfront,Comparable baseline,['fresh-release'],['review-data-missing-or-not-yet-established'],"Echoes of Aincrad is a standard competitor, opportunity score 41/100.",Use as baseline competitor data; enrich with reviews for deeper sentiment intelligence.
186,570,Dota 2,https://store.steampowered.com/app/570/Dota_2/,"Jul 9, 2013",Free,0,,Very Positive,88.0,829086.0,"['windows', 'mac', 'linux']",https://shared.fastly.steamstatic.com/store_item_assets/steam/apps/570/capsule_231x87.jpg?t=1769535998,2026-06-03T01:58:02.373Z,278986.0,Valve,Valve,"['Action', 'Strategy', 'Free To Play']","['Multi-player', 'Co-op', 'Steam Trading Cards', 'Steam Workshop', 'SteamVR Collectibles', 'In-App Purchases', 'Camera Comfort', 'Color Alternatives', 'Custom Volume Controls', 'Valve Anti-Cheat enabled', 'Steam Timeline']",14374.0,90.0,"Every day, millions of players worldwide enter battle as one of over a hundred Dota heroes. And no matter if it's their 10th hour of play or 1,000th, there's always something new to discover. With regular updates that ensure a constant evolution of gameplay, features, and heroes, Dota 2 has taken on a life of its own.",True,game,90,99,78,65,85,Breakout leader,Benchmark competitor,Free-to-play,Community / multiplayer audience,Base game plus in-app purchases,Strong incumbent - study positioning and retention loops,"['tier-1-opportunity', 'high-demand', 'loved-by-players', 'massive-live-audience', 'healthy-community', 'free-to-play', 'iap-monetized', 'social-retention-loop']",[],"Dota 2 is a breakout leader, opportunity score 85/100, 88% positive from 829,086 reviews, 278,986 current players.","Use as a benchmark for capsule, pricing, tags, update cadence, and review themes."
187,870780,CONTROL Ultimate Edition,https://store.steampowered.com/app/870780/CONTROL_Ultimate_Edition/,"Aug 27, 2020",$3.99,399,90.0,Very Positive,88.0,24449.0,"['windows', 'mac']",https://shared.fastly.steamstatic.com/store_item_assets/steam/apps/870780/40054b94c2e8734ad9e76787534af5ba1b034a53/capsule_231x87.jpg?t=1775822834,2026-06-03T01:58:02.373Z,686.0,Remedy Entertainment,Remedy Entertainment,"['Action', 'Adventure']","['Single-player', 'Steam Achievements', 'Full controller support', 'Steam Trading Cards', 'Steam Cloud', 'Remote Play on Phone', 'Remote Play on Tablet', 'Remote Play on TV', 'HDR available', 'Family Sharing']",47447.0,85.0,"Winner of over 80 awards, CONTROL is a visually stunning third-person action-adventure that will keep you on the edge of your seat.",False,game,83,96,90,45,80,Commercially aggressive,Pricing/monetization benchmark,Deep discount,Solo / narrative audience,Discount-driven sales,Strong incumbent - study positioning and retention loops,"['high-demand', 'loved-by-players', 'aggressive-discounting']",[],"CONTROL Ultimate Edition is a commercially aggressive, opportunity score 80/100, 88% positive from 24,449 reviews, 686 current players, 90% discount.","Compare discount depth, price tier, and monetization model against similar titles."
188,1696780,Steam Deck Docking Station,https://store.steampowered.com/app/1696780/Steam_Deck_Docking_Station/,"Oct 6, 2022",$79.00,7900,0.0,,,,"['windows', 'mac', 'linux']",https://shared.fastly.steamstatic.com/store_item_assets/steam/apps/1696780/capsule_231x87.jpg?t=1688063310,2026-06-03T01:58:02.373Z,0.0,,,[],[],,,,False,hardware,36,35,40,45,38,Non-game / accessory listing,Catalog monitoring,High-ticket,General Steam audience,Paid upfront,Comparable baseline,['non-game-hardware'],"['review-data-missing-or-not-yet-established', 'not-a-standard-game']","Steam Deck Docking Station is a non-game / accessory listing, opportunity score 38/100.","Keep for catalog awareness, but exclude from game competitor benchmarks."
189,2416450,MOUSE: P.I. For Hire,https://store.steampowered.com/app/2416450/MOUSE_PI_For_Hire/,"Apr 16, 2026",$29.99,2999,0.0,Very Positive,94.0,7429.0,['windows'],https://shared.fastly.steamstatic.com/store_item_assets/steam/apps/2416450/772ae02fc6ab5734887bc6621ed5cf7bcc739050/capsule_231x87.jpg?t=1780271651,2026-06-03T01:58:02.373Z,741.0,Fumi Games,PlaySide,"['Action', 'Indie']","['Single-player', 'Steam Achievements', 'Full controller support', 'Steam Trading Cards', 'Camera Comfort', 'Custom Volume Controls', 'Adjustable Difficulty', 'Playable without Timed Input', 'Stereo Sound', 'Surround Sound', 'Steam Cloud', 'Remote Play on TV', 'Family Sharing']",11478.0,80.0,"Join private investigator Jack Pepper on a guns blazing, jazz-fueled adventure in MOUSE: P.I. For Hire. MOUSE combines the charm of hand-drawn rubber hose animation inspired by the classic cartoons of the 1930’s with the adrenaline and action of an explosive first person shooter.",False,game,78,99,60,55,75,Standard competitor,Baseline market data,Mid-market,Solo / narrative audience,Paid upfront,Comparable baseline,"['loved-by-players', 'fresh-release']",[],"MOUSE: P.I. For Hire is a standard competitor, opportunity score 75/100, 94% positive from 7,429 reviews, 741 current players.",Use as baseline competitor data; enrich with reviews for deeper sentiment intelligence.
190,1174180,Red Dead Redemption 2,https://store.steampowered.com/app/1174180/Red_Dead_Redemption_2/,"Dec 5, 2019",$59.99,5999,0.0,Very Positive,91.0,299792.0,['windows'],https://shared.fastly.steamstatic.com/store_item_assets/steam/apps/1174180/capsule_231x87.jpg?t=1759502961,2026-06-03T01:58:02.373Z,20204.0,Rockstar Games,Rockstar Games,"['Action', 'Adventure']","['Single-player', 'Multi-player', 'PvP', 'Online PvP', 'Co-op', 'Online Co-op', 'Steam Achievements', 'In-App Purchases', 'Partial Controller Support', 'Remote Play on Phone', 'Remote Play on Tablet']",812637.0,93.0,"Arthur Morgan and the Van der Linde Gang are outlaws on the run. With federal agents and bounty hunters massing on their heels, the gang must rob, steal, and fight their way across the rugged heartland in order to survive.",False,game,89,100,66,57,81,Standard competitor,Baseline market data,Premium,Community / multiplayer audience,Base game plus in-app purchases,Strong incumbent - study positioning and retention loops,"['high-demand', 'loved-by-players', 'healthy-community', 'iap-monetized', 'social-retention-loop']",[],"Red Dead Redemption 2 is a standard competitor, opportunity score 81/100, 91% positive from 299,792 reviews, 20,204 current players.",Use as baseline competitor data; enrich with reviews for deeper sentiment intelligence.
191,2651280,Marvel's Spider-Man 2,https://store.steampowered.com/app/2651280/Marvels_SpiderMan_2/,"Jan 30, 2025",$59.99,5999,0.0,Very Positive,82.0,15061.0,['windows'],https://shared.fastly.steamstatic.com/store_item_assets/steam/apps/2651280/379bd114fe5c23850555d1eb67fa8ac996bf702b/capsule_231x87.jpg?t=1763569811,2026-06-03T01:58:02.373Z,1307.0,Insomniac Games,PlayStation Publishing LLC,"['Action', 'Adventure']","['Single-player', 'Steam Achievements', 'Full controller support', 'Adjustable Text Size', 'Camera Comfort', 'Color Alternatives', 'Custom Volume Controls', 'Adjustable Difficulty', 'Narrated Game Menus', 'Playable without Timed Input', 'Save Anytime', 'Stereo Sound', 'Subtitle Options', 'Surround Sound', 'Steam Cloud', 'HDR available', 'Family Sharing']",27002.0,,"Be Greater. Together. The incredible power of the symbiote forces Peter Parker and Miles Morales into a desperate fight as they balance their lives, friendships, and their duty to protect in an exciting chapter of the critically acclaimed Spider-Man franchise on PC.",False,game,82,90,50,45,70,Standard competitor,Baseline market data,Premium,Solo / narrative audience,Paid upfront,Strong incumbent - study positioning and retention loops,"['high-demand', 'loved-by-players']",[],"Marvel's Spider-Man 2 is a standard competitor, opportunity score 70/100, 82% positive from 15,061 reviews, 1,307 current players.",Use as baseline competitor data; enrich with reviews for deeper sentiment intelligence.
192,105600,Terraria,https://store.steampowered.com/app/105600/Terraria/,"May 16, 2011",$9.99,999,0.0,Overwhelmingly Positive,97.0,592632.0,"['windows', 'mac', 'linux']",https://shared.fastly.steamstatic.com/store_item_assets/steam/apps/105600/capsule_231x87.jpg?t=1769844435,2026-06-03T01:58:02.373Z,22317.0,Re-Logic,Re-Logic,"['Action', 'Adventure', 'Indie', 'RPG']","['Single-player', 'Multi-player', 'PvP', 'Online PvP', 'Co-op', 'Online Co-op', 'Steam Achievements', 'Full controller support', 'Steam Trading Cards', 'Steam Cloud', 'Remote Play on Phone', 'Remote Play on Tablet', 'Remote Play on TV', 'Family Sharing']",1216431.0,83.0,"Dig, fight, explore, build! Nothing is impossible in this action-packed adventure game. Four Pack also available!",False,game,90,100,73,57,83,Standard competitor,Baseline market data,Budget,Community / multiplayer audience,Paid upfront,Strong incumbent - study positioning and retention loops,"['high-demand', 'loved-by-players', 'healthy-community', 'social-retention-loop']",[],"Terraria is a standard competitor, opportunity score 83/100, 97% positive from 592,632 reviews, 22,317 current players.",Use as baseline competitor data; enrich with reviews for deeper sentiment intelligence.
193,3230400,EA SPORTS™ Madden NFL 26,https://store.steampowered.com/app/3230400/EA_SPORTS_Madden_NFL_26/,"Aug 14, 2025",$69.99,6999,0.0,Mixed,51.0,4829.0,['windows'],https://shared.fastly.steamstatic.com/store_item_assets/steam/apps/3230400/7d43811cf642ed59c52b5f6bde46f47773b8b493/capsule_231x87.jpg?t=1779987605,2026-06-03T01:58:02.373Z,2498.0,Tiburon,Electronic Arts,"['Simulation', 'Sports']","['Single-player', 'Multi-player', 'PvP', 'Online PvP', 'Shared/Split Screen PvP', 'Co-op', 'Online Co-op', 'Shared/Split Screen Co-op', 'Shared/Split Screen', 'Cross-Platform Multiplayer', 'Steam Achievements', 'Full controller support', 'In-App Purchases', 'Camera Comfort', 'Chat Speech-to-text', 'Chat Text-to-speech', 'Color Alternatives', 'Adjustable Difficulty', 'Playable without Timed Input', 'Stereo Sound', 'Surround Sound', 'HDR available', 'Family Sharing']",5146.0,,EA SPORTS™ Madden NFL 26 leverages a new AI-powered machine learning system to convert thousands of plays from nearly a decade of real NFL data into more explosive gameplay.,False,game,78,58,56,45,62,"High demand, vulnerable sentiment",Displacement opportunity,High-ticket,Community / multiplayer audience,Base game plus in-app purchases,Weak incumbent - demand exists but players are dissatisfied,"['demand-quality-gap', 'iap-monetized', 'social-retention-loop']",['weak-player-sentiment'],"EA SPORTS™ Madden NFL 26 is a high demand, vulnerable sentiment, opportunity score 62/100, 51% positive from 4,829 reviews, 2,498 current players.",Analyze negative reviews first: this is where a better-positioned competitor can steal demand.
194,4069520,Super Battle Golf,https://store.steampowered.com/app/4069520/Super_Battle_Golf/,"Feb 19, 2026",$7.99,799,0.0,Very Positive,94.0,6021.0,['windows'],https://shared.fastly.steamstatic.com/store_item_assets/steam/apps/4069520/6fdc5e408fbfac8dc66d36b30de303aa3fdfacbc/capsule_231x87_alt_assets_0.jpg?t=1776717543,2026-06-03T01:58:02.373Z,2507.0,Brimstone,Oro Interactive,"['Casual', 'Indie', 'Sports']","['Single-player', 'Multi-player', 'PvP', 'Online PvP', 'Co-op', 'Online Co-op', 'Steam Achievements', 'Full controller support', 'Steam Cloud', 'Family Sharing']",7527.0,,"An online 1-8 player golf game where everyone plays at the same time. Swing, shoot, sabotage, and finish first by any means necessary in a free-for-all rush to the hole.",False,game,79,100,73,45,76,Standard competitor,Baseline market data,Budget,Community / multiplayer audience,Paid upfront,Comparable baseline,"['loved-by-players', 'social-retention-loop']",[],"Super Battle Golf is a standard competitor, opportunity score 76/100, 94% positive from 6,021 reviews, 2,507 current players.",Use as baseline competitor data; enrich with reviews for deeper sentiment intelligence.
195,323190,Frostpunk,https://store.steampowered.com/app/323190/Frostpunk/,"Apr 24, 2018",$2.99,299,90.0,Very Positive,92.0,38419.0,"['windows', 'mac']",https://shared.fastly.steamstatic.com/store_item_assets/steam/apps/323190/45bfdc7f6b60b2acab44cc96c488f938219c42fd/capsule_231x87.jpg?t=1775495730,2026-06-03T01:58:02.373Z,1888.0,11 bit studios,11 bit studios,"['Simulation', 'Strategy']","['Single-player', 'Steam Achievements', 'Steam Trading Cards', 'Steam Cloud', 'Remote Play on Phone', 'Remote Play on Tablet', 'Family Sharing']",112252.0,84.0,"Frostpunk is the first society survival game. As the ruler of the last city on Earth, it is your duty to manage both its citizens and infrastructure. What decisions will you make to ensure your society's survival? What will you do when pushed to breaking point? Who will you become in the process?",False,game,86,99,90,45,82,Commercially aggressive,Pricing/monetization benchmark,Deep discount,Solo / narrative audience,Discount-driven sales,Strong incumbent - study positioning and retention loops,"['high-demand', 'loved-by-players', 'aggressive-discounting']",[],"Frostpunk is a commercially aggressive, opportunity score 82/100, 92% positive from 38,419 reviews, 1,888 current players, 90% discount.","Compare discount depth, price tier, and monetization model against similar titles."
196,2968420,PowerWash Simulator 2,https://store.steampowered.com/app/2968420/PowerWash_Simulator_2/,"Oct 23, 2025",$21.24,2124,15.0,Very Positive,92.0,6844.0,['windows'],https://shared.fastly.steamstatic.com/store_item_assets/steam/apps/2968420/33ef3ac597ce9813b4eb8da4eace0f5cb51869e5/capsule_231x87.jpg?t=1777471856,2026-06-03T01:58:02.373Z,1472.0,FuturLab,FuturLab,"['Casual', 'Indie', 'Simulation']","['Single-player', 'Multi-player', 'Co-op', 'Online Co-op', 'Shared/Split Screen Co-op', 'Shared/Split Screen', 'Cross-Platform Multiplayer', 'Steam Achievements', 'Full controller support', 'Custom Volume Controls', 'Playable without Timed Input', 'Save Anytime', 'Stereo Sound', 'Surround Sound', 'Steam Cloud', 'Family Sharing']",10005.0,,"PowerWash Simulator is back, bubbling with fresh locations, soap-erior equipment and splashy features. Effortlessly transform soiled surroundings into clean, serene scenes, solo or with pals. Satisfaction is a spray away!",False,game,79,100,68,45,75,Standard competitor,Baseline market data,Mid-market,Community / multiplayer audience,Paid upfront,Comparable baseline,"['loved-by-players', 'social-retention-loop']",[],"PowerWash Simulator 2 is a standard competitor, opportunity score 75/100, 92% positive from 6,844 reviews, 1,472 current players, 15% discount.",Use as baseline competitor data; enrich with reviews for deeper sentiment intelligence.
197,3552140,Retro Rewind - Video Store Simulator,https://store.steampowered.com/app/3552140/Retro_Rewind__Video_Store_Simulator/,"Mar 17, 2026",$19.90,1990,0.0,Overwhelmingly Positive,95.0,5865.0,['windows'],https://shared.fastly.steamstatic.com/store_item_assets/steam/apps/3552140/942cdcf14d5185e5f2f8e3999e79ab062b4aad22/capsule_231x87.jpg?t=1777437290,2026-06-03T01:58:02.373Z,1314.0,Blood Pact Studios,Blood Pact Studios,"['Casual', 'Indie', 'Simulation']","['Single-player', 'Steam Achievements', 'Camera Comfort', 'Custom Volume Controls', 'Playable without Timed Input', 'Save Anytime', 'Stereo Sound', 'Steam Cloud', 'Stats', 'Family Sharing']",7644.0,,"Manage your very own video store in the early 90s! Rent, sell, decorate and expand your business from the ground up and relive the golden ages of video rentals!",False,game,78,100,60,55,75,Standard competitor,Baseline market data,Mid-market,Solo / narrative audience,Paid upfront,Comparable baseline,"['loved-by-players', 'fresh-release']",[],"Retro Rewind - Video Store Simulator is a standard competitor, opportunity score 75/100, 95% positive from 5,865 reviews, 1,314 current players.",Use as baseline competitor data; enrich with reviews for deeper sentiment intelligence.
198,377160,Fallout 4,https://store.steampowered.com/app/377160/Fallout_4/,"Nov 9, 2015",$19.99,1999,0.0,Very Positive,81.0,181714.0,['windows'],https://shared.fastly.steamstatic.com/store_item_assets/steam/apps/377160/capsule_231x87.jpg?t=1764687456,2026-06-03T01:58:02.373Z,9996.0,Bethesda Game Studios,Bethesda Softworks,['RPG'],"['Single-player', 'Steam Achievements', 'Full controller support', 'Playable without Timed Input', 'Save Anytime', 'Stereo Sound', 'Surround Sound', 'Steam Cloud', 'Remote Play on Phone', 'Remote Play on Tablet', 'Remote Play on TV', 'Family Sharing']",287166.0,84.0,"From Bethesda Game Studios, the award-winning creators of Starfield and The Elder Scrolls V: Skyrim, comes Fallout 4. A landmark in open-world RPG design and winner of over 200 ‘Best Of’ honors, including the DICE and BAFTA Game of the Year.",False,game,88,92,60,45,75,Standard competitor,Baseline market data,Mid-market,Solo / narrative audience,Paid upfront,Strong incumbent - study positioning and retention loops,"['high-demand', 'loved-by-players']",[],"Fallout 4 is a standard competitor, opportunity score 75/100, 81% positive from 181,714 reviews, 9,996 current players.",Use as baseline competitor data; enrich with reviews for deeper sentiment intelligence.
199,2661300,Grounded 2,https://store.steampowered.com/app/2661300/Grounded_2/,"Jul 29, 2025",$29.99,2999,0.0,Very Positive,85.0,11269.0,['windows'],https://shared.fastly.steamstatic.com/store_item_assets/steam/apps/2661300/ce147cec019716287018816a5cec8fcf524d9119/capsule_231x87.jpg?t=1776193476,2026-06-03T01:58:02.374Z,2243.0,Obsidian Entertainment,Xbox Game Studios,"['Action', 'Adventure', 'Early Access']","['Single-player', 'Multi-player', 'Co-op', 'Online Co-op', 'Full controller support', 'Family Sharing']",18730.0,,"Shrunk again, but the world is much larger. In this open-world, single-player or co-op survival adventure, craft weapons and armor, build your base, and traverse the playground on your buggy. But something else is out there—and it hasn’t forgotten you.",False,game,81,93,68,45,74,Standard competitor,Baseline market data,Mid-market,Community / multiplayer audience,Paid upfront,Strong incumbent - study positioning and retention loops,"['high-demand', 'loved-by-players', 'social-retention-loop']",[],"Grounded 2 is a standard competitor, opportunity score 74/100, 85% positive from 11,269 reviews, 2,243 current players.",Use as baseline competitor data; enrich with reviews for deeper sentiment intelligence.
200,394360,Hearts of Iron IV,https://store.steampowered.com/app/394360/Hearts_of_Iron_IV/,"Jun 6, 2016",$49.99,4999,0.0,Very Positive,91.0,121807.0,"['windows', 'mac', 'linux']",https://shared.fastly.steamstatic.com/store_item_assets/steam/apps/394360/08a0a8f6c28071017611aa39b835c193a27f2518/capsule_231x87.jpg?t=1779837014,2026-06-03T01:58:02.374Z,21486.0,Paradox Development Studio,Paradox Interactive,"['Simulation', 'Strategy']","['Single-player', 'Multi-player', 'Co-op', 'Cross-Platform Multiplayer', 'Steam Achievements', 'Steam Trading Cards', 'Steam Workshop', 'Steam Cloud', 'Remote Play on Tablet', 'Family Sharing']",275331.0,83.0,"Victory is at your fingertips! Your ability to lead your nation is your supreme weapon, the strategy game Hearts of Iron IV lets you take command of any nation in World War II; the most engaging conflict in world history.",False,game,89,99,58,57,79,Standard competitor,Baseline market data,Premium,Community / multiplayer audience,Paid upfront,Strong incumbent - study positioning and retention loops,"['high-demand', 'loved-by-players', 'healthy-community', 'social-retention-loop']",[],"Hearts of Iron IV is a standard competitor, opportunity score 79/100, 91% positive from 121,807 reviews, 21,486 current players.",Use as baseline competitor data; enrich with reviews for deeper sentiment intelligence.
201,1569580,Blue Prince,https://store.steampowered.com/app/1569580/Blue_Prince/,"Apr 10, 2025",$17.99,1799,40.0,Very Positive,86.0,13487.0,"['windows', 'mac']",https://shared.fastly.steamstatic.com/store_item_assets/steam/apps/1569580/4f81a42ebaca088b16d5501914c6885e49f6c411/capsule_231x87.jpg?t=1776265019,2026-06-03T01:58:53.803Z,1671.0,,,[],[],,,,,,68,94,75,45,71,Commercially aggressive,Pricing/monetization benchmark,Promotional discount,General Steam audience,Paid upfront,Comparable baseline,['loved-by-players'],[],"Blue Prince is a commercially aggressive, opportunity score 71/100, 86% positive from 13,487 reviews, 1,671 current players, 40% discount.","Compare discount depth, price tier, and monetization model against similar titles."
202,1607250,MY HERO ULTRA RUMBLE,https://store.steampowered.com/app/1607250/MY_HERO_ULTRA_RUMBLE/,"Sep 28, 2023",Free,0,,Mixed,66.0,12295.0,['windows'],https://shared.fastly.steamstatic.com/store_item_assets/steam/apps/1607250/capsule_231x87.jpg?t=1779933641,2026-06-03T01:58:53.803Z,5131.0,,,[],[],,,,,,69,74,62,45,64,Standard competitor,Baseline market data,Free-to-play,General Steam audience,Free acquisition funnel,Comparable baseline,"['demand-quality-gap', 'free-to-play']",['weak-player-sentiment'],"MY HERO ULTRA RUMBLE is a standard competitor, opportunity score 64/100, 66% positive from 12,295 reviews, 5,131 current players.",Use as baseline competitor data; enrich with reviews for deeper sentiment intelligence.
203,4129100,TEKKEN 8 - Kunimitsu,https://store.steampowered.com/app/4129100/TEKKEN_8__Kunimitsu/,"Jun 1, 2026",$7.99,799,0.0,Positive,86.0,46.0,['windows'],https://shared.fastly.steamstatic.com/store_item_assets/steam/apps/4129100/f5ebeb85a86c62b3f5eb6875d9186fa8831c324e/capsule_231x87.jpg?t=1779922809,2026-06-03T01:58:53.803Z,0.0,,,[],[],,,,,,45,89,65,55,62,Loved niche title,Underserved audience clue,Budget,General Steam audience,Paid upfront,Niche love - small but passionate audience,"['loved-by-players', 'fresh-release']",['low-review-confidence'],"TEKKEN 8 - Kunimitsu is a loved niche title, opportunity score 62/100, 86% positive from 46 reviews.",Mine reviews for the exact language players use; niche love often exposes a product angle.
204,1903340,Clair Obscur: Expedition 33,https://store.steampowered.com/app/1903340/Clair_Obscur_Expedition_33/,"Apr 24, 2025",$49.99,4999,0.0,Overwhelmingly Positive,96.0,98997.0,['windows'],https://shared.fastly.steamstatic.com/store_item_assets/steam/apps/1903340/001d4a5d81e4bb9055b789240e78e04ef6e6da38/capsule_231x87.jpg?t=1779899309,2026-06-03T01:58:53.803Z,4720.0,,,[],[],,,,,,72,100,50,45,69,Standard competitor,Baseline market data,Premium,General Steam audience,Paid upfront,Comparable baseline,['loved-by-players'],[],"Clair Obscur: Expedition 33 is a standard competitor, opportunity score 69/100, 96% positive from 98,997 reviews, 4,720 current players.",Use as baseline competitor data; enrich with reviews for deeper sentiment intelligence.
205,2429640,Throne and Liberty,https://store.steampowered.com/app/2429640/Throne_and_Liberty/,"Oct 1, 2024",Free,0,,Mixed,62.0,32367.0,['windows'],https://shared.fastly.steamstatic.com/store_item_assets/steam/apps/2429640/dd04319d8cdd4b7321f8ebdf9c040bad6799d461/capsule_231x87.jpg?t=1777602989,2026-06-03T01:58:53.804Z,3976.0,,,[],[],,,,,,71,71,62,45,64,"High demand, vulnerable sentiment",Displacement opportunity,Free-to-play,General Steam audience,Free acquisition funnel,Weak incumbent - demand exists but players are dissatisfied,"['demand-quality-gap', 'free-to-play']",['weak-player-sentiment'],"Throne and Liberty is a high demand, vulnerable sentiment, opportunity score 64/100, 62% positive from 32,367 reviews, 3,976 current players.",Analyze negative reviews first: this is where a better-positioned competitor can steal demand.
206,2322010,God of War Ragnarök,https://store.steampowered.com/app/2322010/God_of_War_Ragnark/,"Sep 19, 2024",$59.99,5999,0.0,Very Positive,89.0,15003.0,['windows'],https://shared.fastly.steamstatic.com/store_item_assets/steam/apps/2322010/capsule_231x87.jpg?t=1776465233,2026-06-03T01:58:53.804Z,1646.0,,,[],[],,,,,,68,97,50,45,67,Standard competitor,Baseline market data,Premium,General Steam audience,Paid upfront,Comparable baseline,['loved-by-players'],[],"God of War Ragnarök is a standard competitor, opportunity score 67/100, 89% positive from 15,003 reviews, 1,646 current players.",Use as baseline competitor data; enrich with reviews for deeper sentiment intelligence.
207,3052450,Morimens,https://store.steampowered.com/app/3052450/Morimens/,"Aug 1, 2024",Free,0,,Very Positive,88.0,1469.0,['windows'],https://shared.fastly.steamstatic.com/store_item_assets/steam/apps/3052450/capsule_231x87.jpg?t=1779704728,2026-06-03T01:58:53.804Z,1969.0,,,[],[],,,,,,62,94,62,45,67,Standard competitor,Baseline market data,Free-to-play,General Steam audience,Free acquisition funnel,Comparable baseline,"['loved-by-players', 'free-to-play']",[],"Morimens is a standard competitor, opportunity score 67/100, 88% positive from 1,469 reviews, 1,969 current players.",Use as baseline competitor data; enrich with reviews for deeper sentiment intelligence.
208,493520,GTFO,https://store.steampowered.com/app/493520/GTFO/,"Dec 9, 2021",$12.39,1239,69.0,Very Positive,88.0,25364.0,['windows'],https://shared.fastly.steamstatic.com/store_item_assets/steam/apps/493520/a90c1895f07c2ea0075f3295540701a17981a83a/capsule_231x87.jpg?t=1773842359,2026-06-03T01:58:53.804Z,744.0,,,[],[],,,,,,68,97,75,45,72,Commercially aggressive,Pricing/monetization benchmark,Promotional discount,General Steam audience,Discount-driven sales,Comparable baseline,"['loved-by-players', 'aggressive-discounting']",[],"GTFO is a commercially aggressive, opportunity score 72/100, 88% positive from 25,364 reviews, 744 current players, 69% discount.","Compare discount depth, price tier, and monetization model against similar titles."
209,686060,Mewgenics,https://store.steampowered.com/app/686060/Mewgenics/,"Feb 10, 2026",$29.99,2999,0.0,Very Positive,91.0,26726.0,['windows'],https://shared.fastly.steamstatic.com/store_item_assets/steam/apps/686060/b00ca313f3ac970c3e412280ecc8a5ed65813a0e/capsule_231x87.jpg?t=1771573546,2026-06-03T01:58:53.804Z,5559.0,,,[],[],,,,,,70,100,60,45,71,Standard competitor,Baseline market data,Mid-market,General Steam audience,Paid upfront,Comparable baseline,['loved-by-players'],[],"Mewgenics is a standard competitor, opportunity score 71/100, 91% positive from 26,726 reviews, 5,559 current players.",Use as baseline competitor data; enrich with reviews for deeper sentiment intelligence.
210,200210,Realm of the Mad God Exalt,https://store.steampowered.com/app/200210/Realm_of_the_Mad_God_Exalt/,"Feb 20, 2012",Free,0,,Very Positive,80.0,32654.0,"['windows', 'mac']",https://shared.fastly.steamstatic.com/store_item_assets/steam/apps/200210/a8578bbc6c513a21b6cfcf559dc5720666ddc0b3/capsule_231x87.jpg?t=1771933197,2026-06-03T01:58:53.804Z,1686.0,,,[],[],,,,,,69,89,62,45,68,Standard competitor,Baseline market data,Free-to-play,General Steam audience,Free acquisition funnel,Comparable baseline,"['loved-by-players', 'free-to-play']",[],"Realm of the Mad God Exalt is a standard competitor, opportunity score 68/100, 80% positive from 32,654 reviews, 1,686 current players.",Use as baseline competitor data; enrich with reviews for deeper sentiment intelligence.
211,1970980,Warlord: Britannia,https://store.steampowered.com/app/1970980/Warlord_Britannia/,"May 24, 2022",$9.99,999,50.0,Very Positive,88.0,1814.0,['windows'],https://shared.fastly.steamstatic.com/store_item_assets/steam/apps/1970980/9a25a3635cd9981c1308425c958dc81fab77627c/capsule_231x87.jpg?t=1777041512,2026-06-03T01:58:53.804Z,203.0,,,[],[],,,,,,60,95,80,45,70,Commercially aggressive,Pricing/monetization benchmark,Promotional discount,General Steam audience,Discount-driven sales,Comparable baseline,"['loved-by-players', 'aggressive-discounting']",[],"Warlord: Britannia is a commercially aggressive, opportunity score 70/100, 88% positive from 1,814 reviews, 203 current players, 50% discount.","Compare discount depth, price tier, and monetization model against similar titles."
212,2246340,Monster Hunter Wilds,https://store.steampowered.com/app/2246340/Monster_Hunter_Wilds/,"Feb 27, 2025",$69.99,6999,0.0,Mixed,69.0,81848.0,['windows'],https://shared.fastly.steamstatic.com/store_item_assets/steam/apps/2246340/970508d58e4f11f6f9ff3e2921b7eec558a50af8/capsule_231x87.jpg?t=1780446081,2026-06-03T01:58:53.804Z,6805.0,,,[],[],,,,,,72,79,40,45,62,Standard competitor,Baseline market data,High-ticket,General Steam audience,Paid upfront,Comparable baseline,['demand-quality-gap'],['weak-player-sentiment'],"Monster Hunter Wilds is a standard competitor, opportunity score 62/100, 69% positive from 81,848 reviews, 6,805 current players.",Use as baseline competitor data; enrich with reviews for deeper sentiment intelligence.
213,2456740,inZOI,https://store.steampowered.com/app/2456740/inZOI/,"Mar 27, 2025",$39.99,3999,0.0,Mostly Positive,78.0,13257.0,"['windows', 'mac']",https://shared.fastly.steamstatic.com/store_item_assets/steam/apps/2456740/db7e09bed342057b3ae057d5a2fcfb94a37f0762/capsule_231x87.jpg?t=1777449358,2026-06-03T01:58:53.804Z,2056.0,,,[],[],,,,,,67,86,50,45,64,Standard competitor,Baseline market data,Premium,General Steam audience,Paid upfront,Comparable baseline,['loved-by-players'],[],"inZOI is a standard competitor, opportunity score 64/100, 78% positive from 13,257 reviews, 2,056 current players.",Use as baseline competitor data; enrich with reviews for deeper sentiment intelligence.
214,220200,Kerbal Space Program,https://store.steampowered.com/app/220200/Kerbal_Space_Program/,"Apr 27, 2015",$39.99,3999,0.0,Overwhelmingly Positive,96.0,80678.0,"['windows', 'mac', 'linux']",https://shared.fastly.steamstatic.com/store_item_assets/steam/apps/220200/capsule_231x87.jpg?t=1738037585,2026-06-03T01:58:53.804Z,6759.0,,,[],[],,,,,,72,100,50,45,69,Standard competitor,Baseline market data,Premium,General Steam audience,Paid upfront,Comparable baseline,['loved-by-players'],[],"Kerbal Space Program is a standard competitor, opportunity score 69/100, 96% positive from 80,678 reviews, 6,759 current players.",Use as baseline competitor data; enrich with reviews for deeper sentiment intelligence.
215,518790,theHunter: Call of the Wild™,https://store.steampowered.com/app/518790/theHunter_Call_of_the_Wild/,"Feb 16, 2017",$19.99,1999,0.0,Very Positive,90.0,62267.0,['windows'],https://shared.fastly.steamstatic.com/store_item_assets/steam/apps/518790/3433daee17c575e3ab52a56d4ed91eca87d8d183/capsule_231x87_alt_assets_28.jpg?t=1780409865,2026-06-03T01:58:53.804Z,2226.0,,,[],[],,,,,,71,100,60,45,71,Standard competitor,Baseline market data,Mid-market,General Steam audience,Paid upfront,Comparable baseline,['loved-by-players'],[],"theHunter: Call of the Wild™ is a standard competitor, opportunity score 71/100, 90% positive from 62,267 reviews, 2,226 current players.",Use as baseline competitor data; enrich with reviews for deeper sentiment intelligence.
216,1190000,Car Mechanic Simulator 2021,https://store.steampowered.com/app/1190000/Car_Mechanic_Simulator_2021/,"Aug 11, 2021",$3.74,374,85.0,Overwhelmingly Positive,95.0,16365.0,['windows'],https://shared.fastly.steamstatic.com/store_item_assets/steam/apps/1190000/capsule_231x87.jpg?t=1779977420,2026-06-03T01:58:53.804Z,2866.0,,,[],[],,,,,,68,100,90,45,76,Commercially aggressive,Pricing/monetization benchmark,Deep discount,General Steam audience,Discount-driven sales,Price pressure - competitor likely using discounts to drive rank,"['loved-by-players', 'aggressive-discounting']",[],"Car Mechanic Simulator 2021 is a commercially aggressive, opportunity score 76/100, 95% positive from 16,365 reviews, 2,866 current players, 85% discount.","Compare discount depth, price tier, and monetization model against similar titles."
217,1657630,Slime Rancher 2,https://store.steampowered.com/app/1657630/Slime_Rancher_2/,"Sep 23, 2025",$17.99,1799,40.0,Very Positive,94.0,23208.0,['windows'],https://shared.fastly.steamstatic.com/store_item_assets/steam/apps/1657630/cc3c891a26caa1adaa7d5279e65eb69f4d40dcfe/capsule_231x87.jpg?t=1776359011,2026-06-03T01:58:53.804Z,1208.0,,,[],[],,,,,,68,100,75,45,73,Commercially aggressive,Pricing/monetization benchmark,Promotional discount,General Steam audience,Paid upfront,Comparable baseline,['loved-by-players'],[],"Slime Rancher 2 is a commercially aggressive, opportunity score 73/100, 94% positive from 23,208 reviews, 1,208 current players, 40% discount.","Compare discount depth, price tier, and monetization model against similar titles."
218,1465360,SnowRunner,https://store.steampowered.com/app/1465360/SnowRunner/,"May 17, 2021",$11.99,1199,60.0,Very Positive,89.0,18242.0,"['windows', 'mac']",https://shared.fastly.steamstatic.com/store_item_assets/steam/apps/1465360/capsule_231x87.jpg?t=1773915366,2026-06-03T01:58:53.804Z,2053.0,,,[],[],,,,,,68,98,75,45,72,Commercially aggressive,Pricing/monetization benchmark,Promotional discount,General Steam audience,Discount-driven sales,Comparable baseline,"['loved-by-players', 'aggressive-discounting']",[],"SnowRunner is a commercially aggressive, opportunity score 72/100, 89% positive from 18,242 reviews, 2,053 current players, 60% discount.","Compare discount depth, price tier, and monetization model against similar titles."
219,3997970,Camelot Unchained,https://store.steampowered.com/app/3997970/Camelot_Unchained/,"Jun 2, 2026",$9.99,999,0.0,Mostly Negative,27.0,95.0,['windows'],https://shared.fastly.steamstatic.com/store_item_assets/steam/apps/3997970/107ec84ab02b0413b56b0a6d3aeec32ff0f73121/capsule_231x87.jpg?t=1780425185,2026-06-03T01:58:53.804Z,268.0,,,[],[],,,,,,53,31,65,55,50,Standard competitor,Baseline market data,Budget,General Steam audience,Paid upfront,Comparable baseline,['fresh-release'],"['weak-player-sentiment', 'low-review-confidence']","Camelot Unchained is a standard competitor, opportunity score 50/100, 27% positive from 95 reviews, 268 current players.",Use as baseline competitor data; enrich with reviews for deeper sentiment intelligence.
220,261550,Mount & Blade II: Bannerlord,https://store.steampowered.com/app/261550/Mount__Blade_II_Bannerlord/,"Oct 25, 2022",$49.99,4999,0.0,Very Positive,87.0,96955.0,['windows'],https://shared.fastly.steamstatic.com/store_item_assets/steam/apps/261550/capsule_231x87.jpg?t=1764252300,2026-06-03T01:58:53.804Z,13150.0,,,[],[],,,,,,72,97,50,57,71,Standard competitor,Baseline market data,Premium,General Steam audience,Paid upfront,Comparable baseline,"['loved-by-players', 'healthy-community']",[],"Mount & Blade II: Bannerlord is a standard competitor, opportunity score 71/100, 87% positive from 96,955 reviews, 13,150 current players.",Use as baseline competitor data; enrich with reviews for deeper sentiment intelligence.
221,1966720,Lethal Company,https://store.steampowered.com/app/1966720/Lethal_Company/,"Oct 23, 2023",$9.99,999,0.0,Overwhelmingly Positive,97.0,275252.0,['windows'],https://shared.fastly.steamstatic.com/store_item_assets/steam/apps/1966720/capsule_231x87.jpg?t=1775380053,2026-06-03T01:58:53.804Z,4322.0,,,[],[],,,,,,71,100,65,45,72,Standard competitor,Baseline market data,Budget,General Steam audience,Paid upfront,Comparable baseline,['loved-by-players'],[],"Lethal Company is a standard competitor, opportunity score 72/100, 97% positive from 275,252 reviews, 4,322 current players.",Use as baseline competitor data; enrich with reviews for deeper sentiment intelligence.
222,934700,Dead Island 2,https://store.steampowered.com/app/934700/Dead_Island_2/,"Apr 22, 2024",$9.99,999,80.0,Mostly Positive,76.0,9474.0,"['windows', 'mac']",https://shared.fastly.steamstatic.com/store_item_assets/steam/apps/934700/a247bbfb249b71dfed4d6e582e5bea2b1dbd4358/capsule_231x87.jpg?t=1761231459,2026-06-03T01:58:53.804Z,1351.0,,,[],[],,,,,,66,84,90,45,71,Commercially aggressive,Pricing/monetization benchmark,Deep discount,General Steam audience,Discount-driven sales,Price pressure - competitor likely using discounts to drive rank,['aggressive-discounting'],[],"Dead Island 2 is a commercially aggressive, opportunity score 71/100, 76% positive from 9,474 reviews, 1,351 current players, 80% discount.","Compare discount depth, price tier, and monetization model against similar titles."
223,2863680,ZERO PARADES: For Dead Spies,https://store.steampowered.com/app/2863680/ZERO_PARADES_For_Dead_Spies/,"May 21, 2026",$39.99,3999,0.0,Very Positive,81.0,1360.0,['windows'],https://shared.fastly.steamstatic.com/store_item_assets/steam/apps/2863680/2a6e743aeefc8b71d220125a26e017a885b2362e/capsule_231x87.jpg?t=1779706975,2026-06-03T01:58:53.804Z,728.0,,,[],[],,,,,,60,87,50,55,64,Standard competitor,Baseline market data,Premium,General Steam audience,Paid upfront,Comparable baseline,"['loved-by-players', 'fresh-release']",[],"ZERO PARADES: For Dead Spies is a standard competitor, opportunity score 64/100, 81% positive from 1,360 reviews, 728 current players.",Use as baseline competitor data; enrich with reviews for deeper sentiment intelligence.
224,431960,Wallpaper Engine,https://store.steampowered.com/app/431960/Wallpaper_Engine/,"Nov 16, 2018",$4.99,499,0.0,Overwhelmingly Positive,98.0,226339.0,['windows'],https://shared.fastly.steamstatic.com/store_item_assets/steam/apps/431960/capsule_231x87.jpg?t=1779452230,2026-06-03T01:58:53.804Z,62872.0,,,[],[],,,,,,75,100,65,57,76,Standard competitor,Baseline market data,Budget,General Steam audience,Paid upfront,Comparable baseline,"['loved-by-players', 'healthy-community']",[],"Wallpaper Engine is a standard competitor, opportunity score 76/100, 98% positive from 226,339 reviews, 62,872 current players.",Use as baseline competitor data; enrich with reviews for deeper sentiment intelligence.
225,3949040,RV There Yet?,https://store.steampowered.com/app/3949040/RV_There_Yet/,"Oct 21, 2025",$7.99,799,0.0,Very Positive,89.0,28753.0,['windows'],https://shared.fastly.steamstatic.com/store_item_assets/steam/apps/3949040/05b77bc86d227612ded8e54753063e43c44698c4/capsule_231x87.jpg?t=1778071815,2026-06-03T01:58:53.804Z,1780.0,,,[],[],,,,,,69,98,65,45,71,Standard competitor,Baseline market data,Budget,General Steam audience,Paid upfront,Comparable baseline,['loved-by-players'],[],"RV There Yet? is a standard competitor, opportunity score 71/100, 89% positive from 28,753 reviews, 1,780 current players.",Use as baseline competitor data; enrich with reviews for deeper sentiment intelligence.
226,3412160,The House Always Wins,https://store.steampowered.com/app/3412160/The_House_Always_Wins/,"May 21, 2026",$11.69,1169,10.0,Very Positive,81.0,465.0,['windows'],https://shared.fastly.steamstatic.com/store_item_assets/steam/apps/3412160/1c7672520c7d5ab30bd45e88d2e0d90e3ebb466b/capsule_231x87.jpg?t=1779968126,2026-06-03T01:58:53.804Z,564.0,,,[],[],,,,,,58,86,60,55,65,Loved niche title,Underserved audience clue,Mid-market,General Steam audience,Paid upfront,Comparable baseline,"['loved-by-players', 'fresh-release']",[],"The House Always Wins is a loved niche title, opportunity score 65/100, 81% positive from 465 reviews, 564 current players, 10% discount.",Mine reviews for the exact language players use; niche love often exposes a product angle.
227,3672400,Farever,https://store.steampowered.com/app/3672400/Farever/,"May 6, 2026",$19.99,1999,0.0,Mostly Positive,73.0,4066.0,['windows'],https://shared.fastly.steamstatic.com/store_item_assets/steam/apps/3672400/c7e5ac753400b3757748edb53360d09684b06680/capsule_231x87_alt_assets_1.jpg?t=1780061307,2026-06-03T01:58:53.805Z,2756.0,,,[],[],,,,,,64,80,60,55,65,Standard competitor,Baseline market data,Mid-market,General Steam audience,Paid upfront,Comparable baseline,['fresh-release'],[],"Farever is a standard competitor, opportunity score 65/100, 73% positive from 4,066 reviews, 2,756 current players.",Use as baseline competitor data; enrich with reviews for deeper sentiment intelligence.
228,962130,Grounded,https://store.steampowered.com/app/962130/Grounded/,"Sep 27, 2022",$39.99,3999,0.0,Very Positive,92.0,40301.0,['windows'],https://shared.fastly.steamstatic.com/store_item_assets/steam/apps/962130/capsule_231x87.jpg?t=1768264530,2026-06-03T01:58:53.805Z,2056.0,,,[],[],,,,,,69,100,50,45,68,Standard competitor,Baseline market data,Premium,General Steam audience,Paid upfront,Comparable baseline,['loved-by-players'],[],"Grounded is a standard competitor, opportunity score 68/100, 92% positive from 40,301 reviews, 2,056 current players.",Use as baseline competitor data; enrich with reviews for deeper sentiment intelligence.
229,427410,Abiotic Factor,https://store.steampowered.com/app/427410/Abiotic_Factor/,"Jul 22, 2025",$34.99,3499,0.0,Overwhelmingly Positive,96.0,27062.0,['windows'],https://shared.fastly.steamstatic.com/store_item_assets/steam/apps/427410/ed1dbe62cd66c9cc573f89b67f2aa196aac64fcb/capsule_231x87_alt_assets_6.jpg?t=1778633181,2026-06-03T01:58:53.805Z,4517.0,,,[],[],,,,,,69,100,50,45,68,Standard competitor,Baseline market data,Premium,General Steam audience,Paid upfront,Comparable baseline,['loved-by-players'],[],"Abiotic Factor is a standard competitor, opportunity score 68/100, 96% positive from 27,062 reviews, 4,517 current players.",Use as baseline competitor data; enrich with reviews for deeper sentiment intelligence.
230,3948120,Scritchy Scratchy,https://store.steampowered.com/app/3948120/Scritchy_Scratchy/,"Mar 18, 2026",$6.99,699,0.0,Overwhelmingly Positive,95.0,4996.0,"['windows', 'mac']",https://shared.fastly.steamstatic.com/store_item_assets/steam/apps/3948120/2dbc15d41960cf963c27e2b22f906e0e6dd5a980/capsule_231x87.jpg?t=1780076457,2026-06-03T01:58:53.805Z,2581.0,,,[],[],,,,,,65,100,65,55,72,Standard competitor,Baseline market data,Budget,General Steam audience,Paid upfront,Comparable baseline,"['loved-by-players', 'fresh-release']",[],"Scritchy Scratchy is a standard competitor, opportunity score 72/100, 95% positive from 4,996 reviews, 2,581 current players.",Use as baseline competitor data; enrich with reviews for deeper sentiment intelligence.
231,1229490,ULTRAKILL,https://store.steampowered.com/app/1229490/ULTRAKILL/,"Sep 3, 2020",$29.99,2999,0.0,Overwhelmingly Positive,97.0,143814.0,['windows'],https://shared.fastly.steamstatic.com/store_item_assets/steam/apps/1229490/capsule_231x87.jpg?t=1779956369,2026-06-03T01:58:53.805Z,3842.0,,,[],[],,,,,,70,100,60,45,71,Standard competitor,Baseline market data,Mid-market,General Steam audience,Paid upfront,Comparable baseline,['loved-by-players'],[],"ULTRAKILL is a standard competitor, opportunity score 71/100, 97% positive from 143,814 reviews, 3,842 current players.",Use as baseline competitor data; enrich with reviews for deeper sentiment intelligence.
232,2479810,Gray Zone Warfare,https://store.steampowered.com/app/2479810/Gray_Zone_Warfare/,"Apr 30, 2024",$39.99,3999,0.0,Mostly Positive,74.0,45334.0,['windows'],https://shared.fastly.steamstatic.com/store_item_assets/steam/apps/2479810/98a7afd24071040c96f6010b798b88ccacb62038/capsule_231x87.jpg?t=1776944378,2026-06-03T01:58:53.805Z,4204.0,,,[],[],,,,,,70,83,50,45,64,Standard competitor,Baseline market data,Premium,General Steam audience,Paid upfront,Comparable baseline,[],[],"Gray Zone Warfare is a standard competitor, opportunity score 64/100, 74% positive from 45,334 reviews, 4,204 current players.",Use as baseline competitor data; enrich with reviews for deeper sentiment intelligence.
233,1703340,The Stanley Parable: Ultra Deluxe,https://store.steampowered.com/app/1703340/The_Stanley_Parable_Ultra_Deluxe/,"Apr 27, 2022",$12.49,1249,50.0,Very Positive,94.0,23758.0,"['windows', 'mac', 'linux']",https://shared.fastly.steamstatic.com/store_item_assets/steam/apps/1703340/capsule_231x87.jpg?t=1712065263,2026-06-03T01:58:53.805Z,208.0,,,[],[],,,,,,65,100,75,45,72,Commercially aggressive,Pricing/monetization benchmark,Promotional discount,General Steam audience,Discount-driven sales,Comparable baseline,"['loved-by-players', 'aggressive-discounting']",[],"The Stanley Parable: Ultra Deluxe is a commercially aggressive, opportunity score 72/100, 94% positive from 23,758 reviews, 208 current players, 50% discount.","Compare discount depth, price tier, and monetization model against similar titles."
234,502500,ACE COMBAT™ 7: SKIES UNKNOWN,https://store.steampowered.com/app/502500/ACE_COMBAT_7_SKIES_UNKNOWN/,"Jan 31, 2019",$9.59,959,84.0,Very Positive,89.0,22311.0,['windows'],https://shared.fastly.steamstatic.com/store_item_assets/steam/apps/502500/capsule_231x87.jpg?t=1777545285,2026-06-03T01:58:53.805Z,627.0,,,[],[],,,,,,66,98,90,45,75,Commercially aggressive,Pricing/monetization benchmark,Deep discount,General Steam audience,Discount-driven sales,Price pressure - competitor likely using discounts to drive rank,"['loved-by-players', 'aggressive-discounting']",[],"ACE COMBAT™ 7: SKIES UNKNOWN is a commercially aggressive, opportunity score 75/100, 89% positive from 22,311 reviews, 627 current players, 84% discount.","Compare discount depth, price tier, and monetization model against similar titles."
235,2071280,Ravenswatch,https://store.steampowered.com/app/2071280/Ravenswatch/,"Sep 26, 2024",$9.99,999,60.0,Very Positive,85.0,7887.0,['windows'],https://shared.fastly.steamstatic.com/store_item_assets/steam/apps/2071280/aa0e9e928cacf3b5d2047561fe2ca28dd6692c6e/capsule_231x87_alt_assets_10.jpg?t=1780057302,2026-06-03T01:58:53.805Z,2595.0,,,[],[],,,,,,66,93,80,45,71,Commercially aggressive,Pricing/monetization benchmark,Promotional discount,General Steam audience,Discount-driven sales,Comparable baseline,"['loved-by-players', 'aggressive-discounting']",[],"Ravenswatch is a commercially aggressive, opportunity score 71/100, 85% positive from 7,887 reviews, 2,595 current players, 60% discount.","Compare discount depth, price tier, and monetization model against similar titles."
236,4000,Garry's Mod,https://store.steampowered.com/app/4000/Garrys_Mod/,"Nov 29, 2006",$9.99,999,0.0,Overwhelmingly Positive,97.0,528749.0,"['windows', 'mac', 'linux']",https://shared.fastly.steamstatic.com/store_item_assets/steam/apps/4000/2e52d9b905feebfdaaf2db6ad7afece10991d504/capsule_231x87.jpg?t=1776868682,2026-06-03T01:58:53.805Z,16883.0,,,[],[],,,,,,72,100,65,57,75,Standard competitor,Baseline market data,Budget,General Steam audience,Paid upfront,Comparable baseline,"['loved-by-players', 'healthy-community']",[],"Garry's Mod is a standard competitor, opportunity score 75/100, 97% positive from 528,749 reviews, 16,883 current players.",Use as baseline competitor data; enrich with reviews for deeper sentiment intelligence.
237,1716740,Starfield,https://store.steampowered.com/app/1716740/Starfield/,"Sep 5, 2023",$49.99,4999,0.0,Mixed,57.0,84969.0,['windows'],https://shared.fastly.steamstatic.com/store_item_assets/steam/apps/1716740/capsule_231x87.jpg?t=1778168061,2026-06-03T01:58:53.805Z,5029.0,,,[],[],,,,,,70,67,50,45,60,"High demand, vulnerable sentiment",Displacement opportunity,Premium,General Steam audience,Paid upfront,Weak incumbent - demand exists but players are dissatisfied,['demand-quality-gap'],['weak-player-sentiment'],"Starfield is a high demand, vulnerable sentiment, opportunity score 60/100, 57% positive from 84,969 reviews, 5,029 current players.",Analyze negative reviews first: this is where a better-positioned competitor can steal demand.
238,244210,Assetto Corsa,https://store.steampowered.com/app/244210/Assetto_Corsa/,"Dec 19, 2014",$19.99,1999,0.0,Very Positive,93.0,58853.0,"['windows', 'vr']",https://shared.fastly.steamstatic.com/store_item_assets/steam/apps/244210/d63fc060c13548861637663b085339a4d9a37781/capsule_231x87.jpg?t=1754985171,2026-06-03T01:58:53.805Z,7424.0,,,[],[],,,,,,71,100,60,45,71,Standard competitor,Baseline market data,Mid-market,General Steam audience,Paid upfront,Comparable baseline,['loved-by-players'],[],"Assetto Corsa is a standard competitor, opportunity score 71/100, 93% positive from 58,853 reviews, 7,424 current players.",Use as baseline competitor data; enrich with reviews for deeper sentiment intelligence.
239,4164290,Cloudheim - Supporter Pack,https://store.steampowered.com/app/4164290/Cloudheim__Supporter_Pack/,"Dec 4, 2025",$6.59,659,34.0,,,,['windows'],https://shared.fastly.steamstatic.com/store_item_assets/steam/apps/4164290/75d9375e3d9d2bd1854522152465ca2b89802070/capsule_231x87.jpg?t=1765389876,2026-06-03T01:58:53.805Z,0.0,,,[],[],,,,,,34,35,65,45,43,Standard competitor,Baseline market data,Promotional discount,General Steam audience,Paid upfront,Comparable baseline,[],['review-data-missing-or-not-yet-established'],"Cloudheim - Supporter Pack is a standard competitor, opportunity score 43/100, 34% discount.",Use as baseline competitor data; enrich with reviews for deeper sentiment intelligence.
240,1547000,Grand Theft Auto: San Andreas – The Definitive Edition,https://store.steampowered.com/app/1547000/Grand_Theft_Auto_San_Andreas__The_Definitive_Edition/,"Jan 19, 2023",$19.79,1979,67.0,Mostly Positive,77.0,4424.0,['windows'],https://shared.fastly.steamstatic.com/store_item_assets/steam/apps/1547000/capsule_231x87.jpg?t=1741117455,2026-06-03T01:58:53.805Z,776.0,,,[],[],,,,,,62,84,75,45,67,Commercially aggressive,Pricing/monetization benchmark,Promotional discount,General Steam audience,Discount-driven sales,Comparable baseline,['aggressive-discounting'],[],"Grand Theft Auto: San Andreas – The Definitive Edition is a commercially aggressive, opportunity score 67/100, 77% positive from 4,424 reviews, 776 current players, 67% discount.","Compare discount depth, price tier, and monetization model against similar titles."
241,4770120,Premium Battle Pass Bundle - Rainbow Six Siege,https://store.steampowered.com/app/4770120/Premium_Battle_Pass_Bundle__Rainbow_Six_Siege/,"Jun 2, 2026",$19.99,1999,0.0,Mostly Negative,20.0,10.0,['windows'],https://shared.fastly.steamstatic.com/store_item_assets/steam/apps/4770120/15feb7d324303b7aae3c4426c9ada6d3663adba0/capsule_231x87.jpg?t=1780423230,2026-06-03T01:58:53.805Z,0.0,,,[],[],,,,,,40,22,60,55,43,Standard competitor,Baseline market data,Mid-market,General Steam audience,Paid upfront,Comparable baseline,['fresh-release'],"['weak-player-sentiment', 'low-review-confidence']","Premium Battle Pass Bundle - Rainbow Six Siege is a standard competitor, opportunity score 43/100, 20% positive from 10 reviews.",Use as baseline competitor data; enrich with reviews for deeper sentiment intelligence.
242,291550,Brawlhalla,https://store.steampowered.com/app/291550/Brawlhalla/,"Oct 17, 2017",Free,0,,Mostly Positive,78.0,175249.0,"['windows', 'mac']",https://shared.fastly.steamstatic.com/store_item_assets/steam/apps/291550/7027a215a0c0f1fa9c7c862ee2a8140ff7637646/capsule_231x87_alt_assets_8.jpg?t=1779901078,2026-06-03T01:58:53.805Z,11800.0,,,[],[],,,,,,71,88,62,57,71,Standard competitor,Baseline market data,Free-to-play,General Steam audience,Free acquisition funnel,Comparable baseline,"['loved-by-players', 'free-to-play']",[],"Brawlhalla is a standard competitor, opportunity score 71/100, 78% positive from 175,249 reviews, 11,800 current players.",Use as baseline competitor data; enrich with reviews for deeper sentiment intelligence.
243,945360,Among Us,https://store.steampowered.com/app/945360/Among_Us/,"Nov 16, 2018",$2.99,299,40.0,Very Positive,92.0,373479.0,['windows'],https://shared.fastly.steamstatic.com/store_item_assets/steam/apps/945360/capsule_231x87.jpg?t=1757444903,2026-06-03T01:58:53.805Z,7203.0,,,[],[],,,,,,71,100,80,45,75,Commercially aggressive,Pricing/monetization benchmark,Promotional discount,General Steam audience,Paid upfront,Comparable baseline,['loved-by-players'],[],"Among Us is a commercially aggressive, opportunity score 75/100, 92% positive from 373,479 reviews, 7,203 current players, 40% discount.","Compare discount depth, price tier, and monetization model against similar titles."
244,2217000,Rivals of Aether II,https://store.steampowered.com/app/2217000/Rivals_of_Aether_II/,"Oct 23, 2024",$14.99,1499,50.0,Mostly Positive,78.0,5755.0,['windows'],https://shared.fastly.steamstatic.com/store_item_assets/steam/apps/2217000/e185a032a21badcad77078e3372cedccee4d2746/capsule_231x87.jpg?t=1780336617,2026-06-03T01:58:53.805Z,995.0,,,[],[],,,,,,63,86,75,45,68,Commercially aggressive,Pricing/monetization benchmark,Promotional discount,General Steam audience,Discount-driven sales,Comparable baseline,"['loved-by-players', 'aggressive-discounting']",[],"Rivals of Aether II is a commercially aggressive, opportunity score 68/100, 78% positive from 5,755 reviews, 995 current players, 50% discount.","Compare discount depth, price tier, and monetization model against similar titles."
245,1363080,Manor Lords,https://store.steampowered.com/app/1363080/Manor_Lords/,"Apr 26, 2024",$25.99,2599,35.0,Very Positive,87.0,38633.0,['windows'],https://shared.fastly.steamstatic.com/store_item_assets/steam/apps/1363080/capsule_231x87.jpg?t=1779785894,2026-06-03T01:58:53.805Z,2298.0,,,[],[],,,,,,69,96,60,45,69,Standard competitor,Baseline market data,Promotional discount,General Steam audience,Paid upfront,Comparable baseline,['loved-by-players'],[],"Manor Lords is a standard competitor, opportunity score 69/100, 87% positive from 38,633 reviews, 2,298 current players, 35% discount.",Use as baseline competitor data; enrich with reviews for deeper sentiment intelligence.
246,976730,Halo: The Master Chief Collection,https://store.steampowered.com/app/976730/Halo_The_Master_Chief_Collection/,"Dec 3, 2019",$39.99,3999,0.0,Very Positive,91.0,161958.0,['windows'],https://shared.fastly.steamstatic.com/store_item_assets/steam/apps/976730/capsule_231x87.jpg?t=1774466074,2026-06-03T01:58:53.805Z,5605.0,,,[],[],,,,,,70,100,50,45,69,Standard competitor,Baseline market data,Premium,General Steam audience,Paid upfront,Comparable baseline,['loved-by-players'],[],"Halo: The Master Chief Collection is a standard competitor, opportunity score 69/100, 91% positive from 161,958 reviews, 5,605 current players.",Use as baseline competitor data; enrich with reviews for deeper sentiment intelligence.
247,3105440,Heroes of Might and Magic: Olden Era,https://store.steampowered.com/app/3105440/Heroes_of_Might_and_Magic_Olden_Era/,"Apr 30, 2026",$39.99,3999,0.0,Very Positive,88.0,5081.0,['windows'],https://shared.fastly.steamstatic.com/store_item_assets/steam/apps/3105440/740f5a03b7c20044f00041079d77b899a6a435c4/capsule_231x87.jpg?t=1779786083,2026-06-03T01:58:53.805Z,5226.0,,,[],[],,,,,,65,95,50,55,68,Standard competitor,Baseline market data,Premium,General Steam audience,Paid upfront,Comparable baseline,"['loved-by-players', 'fresh-release']",[],"Heroes of Might and Magic: Olden Era is a standard competitor, opportunity score 68/100, 88% positive from 5,081 reviews, 5,226 current players.",Use as baseline competitor data; enrich with reviews for deeper sentiment intelligence.
248,1237950,STAR WARS™ Battlefront™ II,https://store.steampowered.com/app/1237950/STAR_WARS_Battlefront_II/,"Jun 11, 2020",$39.99,3999,0.0,Very Positive,87.0,50964.0,['windows'],https://shared.fastly.steamstatic.com/store_item_assets/steam/apps/1237950/capsule_231x87.jpg?t=1777393714,2026-06-03T01:58:53.805Z,3025.0,,,[],[],,,,,,69,96,50,45,67,Standard competitor,Baseline market data,Premium,General Steam audience,Paid upfront,Comparable baseline,['loved-by-players'],[],"STAR WARS™ Battlefront™ II is a standard competitor, opportunity score 67/100, 87% positive from 50,964 reviews, 3,025 current players.",Use as baseline competitor data; enrich with reviews for deeper sentiment intelligence.
249,2495100,Hello Kitty Island Adventure,https://store.steampowered.com/app/2495100/Hello_Kitty_Island_Adventure/,"Jan 30, 2025",$23.99,2399,40.0,Very Positive,93.0,5888.0,['windows'],https://shared.fastly.steamstatic.com/store_item_assets/steam/apps/2495100/55b66fcd8f6ea7575c41a7e0a97e849d54eb8450/capsule_231x87.jpg?t=1776719582,2026-06-03T01:58:53.806Z,881.0,,,[],[],,,,,,63,100,75,45,71,Commercially aggressive,Pricing/monetization benchmark,Promotional discount,General Steam audience,Paid upfront,Comparable baseline,['loved-by-players'],[],"Hello Kitty Island Adventure is a commercially aggressive, opportunity score 71/100, 93% positive from 5,888 reviews, 881 current players, 40% discount.","Compare discount depth, price tier, and monetization model against similar titles."
250,1407200,World of Tanks,https://store.steampowered.com/app/1407200/World_of_Tanks/,"Apr 28, 2021",Free,0,,Mostly Positive,73.0,24707.0,['windows'],https://shared.fastly.steamstatic.com/store_item_assets/steam/apps/1407200/d7ebe4d7dfb1fe42c7eb4ded656356199dd4ac82/capsule_231x87.jpg?t=1779992736,2026-06-03T01:58:53.806Z,2022.0,,,[],[],,,,,,67,82,62,45,65,Standard competitor,Baseline market data,Free-to-play,General Steam audience,Free acquisition funnel,Comparable baseline,['free-to-play'],[],"World of Tanks is a standard competitor, opportunity score 65/100, 73% positive from 24,707 reviews, 2,022 current players.",Use as baseline competitor data; enrich with reviews for deeper sentiment intelligence.
251,2881650,Content Warning,https://store.steampowered.com/app/2881650/Content_Warning/,"Apr 1, 2024",$4.95,495,38.0,Very Positive,93.0,33759.0,['windows'],https://shared.fastly.steamstatic.com/store_item_assets/steam/apps/2881650/capsule_231x87.jpg?t=1775640428,2026-06-03T01:58:53.806Z,1352.0,,,[],[],,,,,,67,100,65,45,70,Standard competitor,Baseline market data,Promotional discount,General Steam audience,Paid upfront,Comparable baseline,['loved-by-players'],[],"Content Warning is a standard competitor, opportunity score 70/100, 93% positive from 33,759 reviews, 1,352 current players, 38% discount.",Use as baseline competitor data; enrich with reviews for deeper sentiment intelligence.
252,4224910,Ready or Not: Boiling Point,https://store.steampowered.com/app/4224910/Ready_or_Not_Boiling_Point/,"Mar 12, 2026",$4.99,499,50.0,Mostly Positive,79.0,1506.0,['windows'],https://shared.fastly.steamstatic.com/store_item_assets/steam/apps/4224910/346a2f53f8155051bbc218e3c7bfda3dc14a1d89/capsule_231x87.jpg?t=1773349381,2026-06-03T01:58:53.806Z,0.0,,,[],[],,,,,,51,85,80,55,66,Commercially aggressive,Pricing/monetization benchmark,Promotional discount,General Steam audience,Discount-driven sales,Comparable baseline,"['loved-by-players', 'aggressive-discounting', 'fresh-release']",[],"Ready or Not: Boiling Point is a commercially aggressive, opportunity score 66/100, 79% positive from 1,506 reviews, 50% discount.","Compare discount depth, price tier, and monetization model against similar titles."
253,2124120,SULFUR,https://store.steampowered.com/app/2124120/SULFUR/,"Oct 28, 2024",$13.99,1399,44.0,Very Positive,89.0,4890.0,['windows'],https://shared.fastly.steamstatic.com/store_item_assets/steam/apps/2124120/939ba19f0fa15e399329ae380b2de0cb15593ea3/capsule_231x87.jpg?t=1780264513,2026-06-03T01:58:53.806Z,1208.0,,,[],[],,,,,,63,96,75,45,70,Commercially aggressive,Pricing/monetization benchmark,Promotional discount,General Steam audience,Paid upfront,Comparable baseline,['loved-by-players'],[],"SULFUR is a commercially aggressive, opportunity score 70/100, 89% positive from 4,890 reviews, 1,208 current players, 44% discount.","Compare discount depth, price tier, and monetization model against similar titles."
254,2186680,"Warhammer 40,000: Rogue Trader",https://store.steampowered.com/app/2186680/Warhammer_40000_Rogue_Trader/,"Dec 7, 2023",$48.73,4999,0.0,Very Positive,86.0,17793.0,"['windows', 'mac']",https://shared.fastly.steamstatic.com/store_item_assets/steam/apps/2186680/ab031cfd5cf227ae2ec17b0ba93c468ec7c06978/capsule_231x87.jpg?t=1780047306,2026-06-03T01:58:53.806Z,3557.0,,,[],[],,,,,,67,95,50,45,66,Standard competitor,Baseline market data,Premium,General Steam audience,Paid upfront,Comparable baseline,['loved-by-players'],[],"Warhammer 40,000: Rogue Trader is a standard competitor, opportunity score 66/100, 86% positive from 17,793 reviews, 3,557 current players.",Use as baseline competitor data; enrich with reviews for deeper sentiment intelligence.
255,218620,PAYDAY 2,https://store.steampowered.com/app/218620/PAYDAY_2/,"Aug 13, 2013",$9.99,999,0.0,Very Positive,87.0,174470.0,"['windows', 'linux', 'vr']",https://shared.fastly.steamstatic.com/store_item_assets/steam/apps/218620/capsule_231x87.jpg?t=1779319712,2026-06-03T01:58:53.806Z,22942.0,,,[],[],,,,,,72,97,65,57,74,Standard competitor,Baseline market data,Budget,General Steam audience,Paid upfront,Comparable baseline,"['loved-by-players', 'healthy-community']",[],"PAYDAY 2 is a standard competitor, opportunity score 74/100, 87% positive from 174,470 reviews, 22,942 current players.",Use as baseline competitor data; enrich with reviews for deeper sentiment intelligence.
256,2592160,Dispatch,https://store.steampowered.com/app/2592160/Dispatch/,"Oct 22, 2025",$29.99,2999,0.0,Overwhelmingly Positive,97.0,103841.0,['windows'],https://shared.fastly.steamstatic.com/store_item_assets/steam/apps/2592160/925ffa7e3699d5c9c1369be5d4c3369f0e907e00/capsule_231x87.jpg?t=1779899220,2026-06-03T01:58:53.806Z,1002.0,,,[],[],,,,,,68,100,60,45,70,Standard competitor,Baseline market data,Mid-market,General Steam audience,Paid upfront,Comparable baseline,['loved-by-players'],[],"Dispatch is a standard competitor, opportunity score 70/100, 97% positive from 103,841 reviews, 1,002 current players.",Use as baseline competitor data; enrich with reviews for deeper sentiment intelligence.
257,3347400,GIRLS' FRONTLINE 2: EXILIUM,https://store.steampowered.com/app/3347400/GIRLS_FRONTLINE_2_EXILIUM/,"Feb 10, 2025",Free,0,,Mixed,67.0,2876.0,['windows'],https://shared.fastly.steamstatic.com/store_item_assets/steam/apps/3347400/046424b8c5d37971d3effe124b23bebab87f89f1/capsule_231x87.jpg?t=1778842367,2026-06-03T01:58:53.806Z,529.0,,,[],[],,,,,,60,74,62,45,61,Standard competitor,Baseline market data,Free-to-play,General Steam audience,Free acquisition funnel,Comparable baseline,['free-to-play'],['weak-player-sentiment'],"GIRLS' FRONTLINE 2: EXILIUM is a standard competitor, opportunity score 61/100, 67% positive from 2,876 reviews, 529 current players.",Use as baseline competitor data; enrich with reviews for deeper sentiment intelligence.
258,3326230,Hozy,https://store.steampowered.com/app/3326230/Hozy/,"Mar 30, 2026",$11.99,1199,20.0,Mostly Positive,79.0,1396.0,"['windows', 'mac']",https://shared.fastly.steamstatic.com/store_item_assets/steam/apps/3326230/b78178280e22c5ed7391d18fc4b070319b849e0d/capsule_231x87.jpg?t=1780305823,2026-06-03T01:58:53.806Z,370.0,,,[],[],,,,,,58,85,60,55,65,Loved niche title,Underserved audience clue,Mid-market,General Steam audience,Paid upfront,Comparable baseline,"['loved-by-players', 'fresh-release']",[],"Hozy is a loved niche title, opportunity score 65/100, 79% positive from 1,396 reviews, 370 current players, 20% discount.",Mine reviews for the exact language players use; niche love often exposes a product angle.
259,4371500,MechWarrior 5: Mercenaries - Chaos Reign,https://store.steampowered.com/app/4371500/MechWarrior_5_Mercenaries__Chaos_Reign/,"May 26, 2026",$19.99,1999,0.0,Mostly Positive,75.0,128.0,['windows'],https://shared.fastly.steamstatic.com/store_item_assets/steam/apps/4371500/5442990324009a921b8cb80d88e4833943fb8ae2/capsule_231x87.jpg?t=1780107553,2026-06-03T01:58:53.806Z,0.0,,,[],[],,,,,,45,79,60,55,59,Standard competitor,Baseline market data,Mid-market,General Steam audience,Paid upfront,Comparable baseline,['fresh-release'],[],"MechWarrior 5: Mercenaries - Chaos Reign is a standard competitor, opportunity score 59/100, 75% positive from 128 reviews.",Use as baseline competitor data; enrich with reviews for deeper sentiment intelligence.
260,714010,Aimlabs,https://store.steampowered.com/app/714010/Aimlabs/,"Jun 16, 2023",Free,0,,Very Positive,90.0,65532.0,['windows'],https://shared.fastly.steamstatic.com/store_item_assets/steam/apps/714010/a3b3a22fe2838899a46bdc272ec7efc726d22953/capsule_231x87_alt_assets_9.jpg?t=1778613667,2026-06-03T01:58:53.806Z,3226.0,,,[],[],,,,,,69,100,62,45,71,Standard competitor,Baseline market data,Free-to-play,General Steam audience,Free acquisition funnel,Comparable baseline,"['loved-by-players', 'free-to-play']",[],"Aimlabs is a standard competitor, opportunity score 71/100, 90% positive from 65,532 reviews, 3,226 current players.",Use as baseline competitor data; enrich with reviews for deeper sentiment intelligence.
261,4194800,Starvester,https://store.steampowered.com/app/4194800/Starvester/,"May 29, 2026",$6.29,629,10.0,Mostly Positive,72.0,382.0,['windows'],https://shared.fastly.steamstatic.com/store_item_assets/steam/apps/4194800/20d2f47421b1ab03cc1d4c118db377fcb1b3d77f/capsule_231x87.jpg?t=1780063422,2026-06-03T01:58:53.806Z,1367.0,,,[],[],,,,,,57,77,65,55,63,Standard competitor,Baseline market data,Budget,General Steam audience,Paid upfront,Comparable baseline,['fresh-release'],[],"Starvester is a standard competitor, opportunity score 63/100, 72% positive from 382 reviews, 1,367 current players, 10% discount.",Use as baseline competitor data; enrich with reviews for deeper sentiment intelligence.
262,2893570,DRAGON QUEST I & II HD-2D Remake,https://store.steampowered.com/app/2893570/DRAGON_QUEST_I__II_HD2D_Remake/,"Oct 30, 2025",$59.99,5999,0.0,Very Positive,83.0,1575.0,['windows'],https://shared.fastly.steamstatic.com/store_item_assets/steam/apps/2893570/5223489b1b3f4a4ab04e01699394021e147fdfcf/capsule_231x87.jpg?t=1773044632,2026-06-03T01:58:53.806Z,558.0,,,[],[],,,,,,59,89,50,45,62,Loved niche title,Underserved audience clue,Premium,General Steam audience,Paid upfront,Comparable baseline,['loved-by-players'],[],"DRAGON QUEST I & II HD-2D Remake is a loved niche title, opportunity score 62/100, 83% positive from 1,575 reviews, 558 current players.",Mine reviews for the exact language players use; niche love often exposes a product angle.
263,613100,House Flipper,https://store.steampowered.com/app/613100/House_Flipper/,"May 17, 2018",$2.49,249,90.0,Very Positive,94.0,45335.0,"['windows', 'mac']",https://shared.fastly.steamstatic.com/store_item_assets/steam/apps/613100/446e6c6faa35dd9303ae58753b532bdb4ff42960/capsule_231x87.jpg?t=1779279130,2026-06-03T01:58:53.806Z,3145.0,,,[],[],,,,,,69,100,90,45,76,Commercially aggressive,Pricing/monetization benchmark,Deep discount,General Steam audience,Discount-driven sales,Price pressure - competitor likely using discounts to drive rank,"['loved-by-players', 'aggressive-discounting']",[],"House Flipper is a commercially aggressive, opportunity score 76/100, 94% positive from 45,335 reviews, 3,145 current players, 90% discount.","Compare discount depth, price tier, and monetization model against similar titles."
264,2385530,PGA TOUR 2K25,https://store.steampowered.com/app/2385530/PGA_TOUR_2K25/,"Feb 27, 2025",$39.99,3999,0.0,Mixed,69.0,3078.0,['windows'],https://shared.fastly.steamstatic.com/store_item_assets/steam/apps/2385530/0da4393a00dc8bbf857cd725fb45814be20546a7/capsule_231x87.jpg?t=1776269178,2026-06-03T01:58:53.806Z,2021.0,,,[],[],,,,,,62,76,50,45,60,Standard competitor,Baseline market data,Premium,General Steam audience,Paid upfront,Comparable baseline,[],['weak-player-sentiment'],"PGA TOUR 2K25 is a standard competitor, opportunity score 60/100, 69% positive from 3,078 reviews, 2,021 current players.",Use as baseline competitor data; enrich with reviews for deeper sentiment intelligence.
265,380600,Fishing Planet,https://store.steampowered.com/app/380600/Fishing_Planet/,"Aug 28, 2017",Free,0,,Very Positive,84.0,28203.0,"['windows', 'mac', 'linux']",https://shared.fastly.steamstatic.com/store_item_assets/steam/apps/380600/58dd792f1f11caeed351f3d4359e4de459a5c8d4/capsule_231x87.jpg?t=1777626213,2026-06-03T01:58:53.806Z,2400.0,,,[],[],,,,,,67,93,62,45,68,Standard competitor,Baseline market data,Free-to-play,General Steam audience,Free acquisition funnel,Comparable baseline,"['loved-by-players', 'free-to-play']",[],"Fishing Planet is a standard competitor, opportunity score 68/100, 84% positive from 28,203 reviews, 2,400 current players.",Use as baseline competitor data; enrich with reviews for deeper sentiment intelligence.
266,246620,Plague Inc: Evolved,https://store.steampowered.com/app/246620/Plague_Inc_Evolved/,"Feb 18, 2016",$2.99,299,80.0,Very Positive,93.0,25871.0,"['windows', 'mac', 'linux']",https://shared.fastly.steamstatic.com/store_item_assets/steam/apps/246620/6360836e806dacf895d368663da4bb7c626bb661/capsule_231x87.jpg?t=1779100239,2026-06-03T01:58:53.806Z,1288.0,,,[],[],,,,,,66,100,90,45,75,Commercially aggressive,Pricing/monetization benchmark,Deep discount,General Steam audience,Discount-driven sales,Price pressure - competitor likely using discounts to drive rank,"['loved-by-players', 'aggressive-discounting']",[],"Plague Inc: Evolved is a commercially aggressive, opportunity score 75/100, 93% positive from 25,871 reviews, 1,288 current players, 80% discount.","Compare discount depth, price tier, and monetization model against similar titles."
267,1857080,The Last Starship,https://store.steampowered.com/app/1857080/The_Last_Starship/,"Feb 3, 2026",$9.99,999,50.0,Mostly Positive,75.0,1428.0,"['windows', 'mac']",https://shared.fastly.steamstatic.com/store_item_assets/steam/apps/1857080/a9dd7f8d10c19ee37ccfa47a44cf90023115d059/capsule_231x87.jpg?t=1778693855,2026-06-03T01:58:53.806Z,408.0,,,[],[],,,,,,57,81,80,45,65,Commercially aggressive,Pricing/monetization benchmark,Promotional discount,General Steam audience,Discount-driven sales,Comparable baseline,['aggressive-discounting'],[],"The Last Starship is a commercially aggressive, opportunity score 65/100, 75% positive from 1,428 reviews, 408 current players, 50% discount.","Compare discount depth, price tier, and monetization model against similar titles."
268,4351410,House Flipper 2 - Sakura DLC,https://store.steampowered.com/app/4351410/House_Flipper_2__Sakura_DLC/,"May 21, 2026",$13.49,1349,10.0,Mostly Positive,78.0,88.0,['windows'],https://shared.fastly.steamstatic.com/store_item_assets/steam/apps/4351410/985eb9edb9f65bc80f3f6c7077fe87e86e14c1ef/capsule_231x87.jpg?t=1779369847,2026-06-03T01:58:53.806Z,0.0,,,[],[],,,,,,43,82,60,55,59,Standard competitor,Baseline market data,Mid-market,General Steam audience,Paid upfront,Comparable baseline,['fresh-release'],['low-review-confidence'],"House Flipper 2 - Sakura DLC is a standard competitor, opportunity score 59/100, 78% positive from 88 reviews, 10% discount.",Use as baseline competitor data; enrich with reviews for deeper sentiment intelligence.
269,892970,Valheim,https://store.steampowered.com/app/892970/Valheim/,"Feb 2, 2021",$19.99,1999,0.0,Very Positive,94.0,255447.0,"['windows', 'mac', 'linux']",https://shared.fastly.steamstatic.com/store_item_assets/steam/apps/892970/3b25991b8a19244cfd979a2766e7490cc7894e09/capsule_231x87.jpg?t=1765967243,2026-06-03T01:58:53.806Z,13523.0,,,[],[],,,,,,70,100,60,57,73,Standard competitor,Baseline market data,Mid-market,General Steam audience,Paid upfront,Comparable baseline,"['loved-by-players', 'healthy-community']",[],"Valheim is a standard competitor, opportunity score 73/100, 94% positive from 255,447 reviews, 13,523 current players.",Use as baseline competitor data; enrich with reviews for deeper sentiment intelligence.
270,4373820,Season 3 Battlefield Pro - Battlefield™ 6 and REDSEC,https://store.steampowered.com/app/4373820/Season_3_Battlefield_Pro__Battlefield_6_and_REDSEC/,"May 12, 2026",$24.99,2499,0.0,Mixed,69.0,63.0,['windows'],https://shared.fastly.steamstatic.com/store_item_assets/steam/apps/4373820/c6733d482a640f4754a73ff4f6d914f5e872dc3a/capsule_231x87.jpg?t=1778612388,2026-06-03T01:58:53.806Z,0.0,,,[],[],,,,,,42,73,60,55,56,Standard competitor,Baseline market data,Mid-market,General Steam audience,Paid upfront,Comparable baseline,['fresh-release'],"['weak-player-sentiment', 'low-review-confidence']","Season 3 Battlefield Pro - Battlefield™ 6 and REDSEC is a standard competitor, opportunity score 56/100, 69% positive from 63 reviews.",Use as baseline competitor data; enrich with reviews for deeper sentiment intelligence.
271,1313140,Cult of the Lamb,https://store.steampowered.com/app/1313140/Cult_of_the_Lamb/,"Aug 11, 2022",$24.99,2499,0.0,Overwhelmingly Positive,96.0,58710.0,"['windows', 'mac']",https://shared.fastly.steamstatic.com/store_item_assets/steam/apps/1313140/1ac7c83bd1ce239a12d8e67b8ebc45765bb60319/capsule_231x87.jpg?t=1769836674,2026-06-03T01:58:53.806Z,1743.0,,,[],[],,,,,,68,100,60,45,70,Standard competitor,Baseline market data,Mid-market,General Steam audience,Paid upfront,Comparable baseline,['loved-by-players'],[],"Cult of the Lamb is a standard competitor, opportunity score 70/100, 96% positive from 58,710 reviews, 1,743 current players.",Use as baseline competitor data; enrich with reviews for deeper sentiment intelligence.
272,2306620,Risk of Rain 2: Seekers of the Storm,https://store.steampowered.com/app/2306620/Risk_of_Rain_2_Seekers_of_the_Storm/,"Aug 27, 2024",$9.74,974,35.0,Mixed,54.0,9654.0,['windows'],https://shared.fastly.steamstatic.com/store_item_assets/steam/apps/2306620/34cc93c82ce10d48699a532203f8a127a2037965/capsule_231x87.jpg?t=1750149470,2026-06-03T01:58:53.807Z,0.0,,,[],[],,,,,,54,62,65,45,56,Standard competitor,Baseline market data,Promotional discount,General Steam audience,Paid upfront,Comparable baseline,[],['weak-player-sentiment'],"Risk of Rain 2: Seekers of the Storm is a standard competitor, opportunity score 56/100, 54% positive from 9,654 reviews, 35% discount.",Use as baseline competitor data; enrich with reviews for deeper sentiment intelligence.
273,2417610,METAL GEAR SOLID Δ: SNAKE EATER,https://store.steampowered.com/app/2417610/METAL_GEAR_SOLID_D_SNAKE_EATER/,"Aug 28, 2025",$47.99,4799,40.0,Very Positive,84.0,7659.0,['windows'],https://shared.fastly.steamstatic.com/store_item_assets/steam/apps/2417610/fcf468fafa62aa13ac11f1ad2f84cab740eac6af/capsule_231x87.jpg?t=1762249119,2026-06-03T01:58:53.807Z,273.0,,,[],[],,,,,,61,92,65,45,66,Standard competitor,Baseline market data,Promotional discount,General Steam audience,Paid upfront,Comparable baseline,['loved-by-players'],[],"METAL GEAR SOLID Δ: SNAKE EATER is a standard competitor, opportunity score 66/100, 84% positive from 7,659 reviews, 273 current players, 40% discount.",Use as baseline competitor data; enrich with reviews for deeper sentiment intelligence.
274,3894440,NO BACKUP,https://store.steampowered.com/app/3894440/NO_BACKUP/,"May 9, 2026",$9.99,999,0.0,Mixed,68.0,582.0,['windows'],https://shared.fastly.steamstatic.com/store_item_assets/steam/apps/3894440/93615fa95d4095dacfed0e81cc7571452f2d6074/capsule_231x87.jpg?t=1780443332,2026-06-03T01:58:53.807Z,166.0,,,[],[],,,,,,54,74,65,55,61,Standard competitor,Baseline market data,Budget,General Steam audience,Paid upfront,Comparable baseline,['fresh-release'],['weak-player-sentiment'],"NO BACKUP is a standard competitor, opportunity score 61/100, 68% positive from 582 reviews, 166 current players.",Use as baseline competitor data; enrich with reviews for deeper sentiment intelligence.
275,1997040,MARVEL SNAP,https://store.steampowered.com/app/1997040/MARVEL_SNAP/,"Aug 22, 2023",Free,0,,Mixed,67.0,19839.0,['windows'],https://shared.fastly.steamstatic.com/store_item_assets/steam/apps/1997040/989d5832e452c66c5f9162321edfe9c2f200c37a/capsule_231x87.jpg?t=1777781345,2026-06-03T01:58:53.807Z,2155.0,,,[],[],,,,,,66,76,62,45,63,Standard competitor,Baseline market data,Free-to-play,General Steam audience,Free acquisition funnel,Comparable baseline,"['demand-quality-gap', 'free-to-play']",['weak-player-sentiment'],"MARVEL SNAP is a standard competitor, opportunity score 63/100, 67% positive from 19,839 reviews, 2,155 current players.",Use as baseline competitor data; enrich with reviews for deeper sentiment intelligence.
276,3115220,Town to City,https://store.steampowered.com/app/3115220/Town_to_City/,"May 26, 2026",$26.99,2699,10.0,Overwhelmingly Positive,97.0,3741.0,['windows'],https://shared.fastly.steamstatic.com/store_item_assets/steam/apps/3115220/49904e06541c5856f7881e9be1c97fcf9244575c/capsule_231x87_alt_assets_2.jpg?t=1779955349,2026-06-03T01:58:53.807Z,637.0,,,[],[],,,,,,60,100,60,55,69,Standard competitor,Baseline market data,Mid-market,General Steam audience,Paid upfront,Comparable baseline,"['loved-by-players', 'fresh-release']",[],"Town to City is a standard competitor, opportunity score 69/100, 97% positive from 3,741 reviews, 637 current players, 10% discount.",Use as baseline competitor data; enrich with reviews for deeper sentiment intelligence.
277,2138330,Cyberpunk 2077: Phantom Liberty,https://store.steampowered.com/app/2138330/Cyberpunk_2077_Phantom_Liberty/,"Sep 25, 2023",$29.99,2999,0.0,Very Positive,91.0,10546.0,"['windows', 'mac']",https://shared.fastly.steamstatic.com/store_item_assets/steam/apps/2138330/3d2b6a051a7e2fc4ff654d95d6876c24d6dda13d/capsule_231x87.jpg?t=1768305060,2026-06-03T01:58:53.807Z,0.0,,,[],[],,,,,,54,99,60,45,65,Loved niche title,Underserved audience clue,Mid-market,General Steam audience,Paid upfront,Comparable baseline,['loved-by-players'],[],"Cyberpunk 2077: Phantom Liberty is a loved niche title, opportunity score 65/100, 91% positive from 10,546 reviews.",Mine reviews for the exact language players use; niche love often exposes a product angle.
278,799960,Wizard101,https://store.steampowered.com/app/799960/Wizard101/,"Sep 6, 2018",Free,0,,Very Positive,83.0,8421.0,['windows'],https://shared.fastly.steamstatic.com/store_item_assets/steam/apps/799960/capsule_231x87.jpg?t=1778853004,2026-06-03T01:58:53.807Z,735.0,,,[],[],,,,,,62,91,62,45,66,Standard competitor,Baseline market data,Free-to-play,General Steam audience,Free acquisition funnel,Comparable baseline,"['loved-by-players', 'free-to-play']",[],"Wizard101 is a standard competitor, opportunity score 66/100, 83% positive from 8,421 reviews, 735 current players.",Use as baseline competitor data; enrich with reviews for deeper sentiment intelligence.
279,2958130,Jurassic World Evolution 3,https://store.steampowered.com/app/2958130/Jurassic_World_Evolution_3/,"Oct 21, 2025",$59.99,5999,0.0,Very Positive,93.0,5828.0,['windows'],https://shared.fastly.steamstatic.com/store_item_assets/steam/apps/2958130/767bbed48a0426d14562f4aba32bd30abefb79ec/capsule_231x87.jpg?t=1770121149,2026-06-03T01:58:53.807Z,1090.0,,,[],[],,,,,,62,100,50,45,66,Standard competitor,Baseline market data,Premium,General Steam audience,Paid upfront,Comparable baseline,['loved-by-players'],[],"Jurassic World Evolution 3 is a standard competitor, opportunity score 66/100, 93% positive from 5,828 reviews, 1,090 current players.",Use as baseline competitor data; enrich with reviews for deeper sentiment intelligence.
280,594570,Total War: WARHAMMER II,https://store.steampowered.com/app/594570/Total_War_WARHAMMER_II/,"Sep 28, 2017",$45.00,5999,0.0,Very Positive,93.0,50704.0,"['windows', 'mac', 'linux']",https://shared.fastly.steamstatic.com/store_item_assets/steam/apps/594570/capsule_231x87.jpg?t=1780389571,2026-06-03T01:58:53.807Z,684.0,,,[],[],,,,,,66,100,50,45,67,Standard competitor,Baseline market data,Premium,General Steam audience,Paid upfront,Comparable baseline,['loved-by-players'],[],"Total War: WARHAMMER II is a standard competitor, opportunity score 67/100, 93% positive from 50,704 reviews, 684 current players.",Use as baseline competitor data; enrich with reviews for deeper sentiment intelligence.
281,1290000,PowerWash Simulator,https://store.steampowered.com/app/1290000/PowerWash_Simulator/,"Jul 14, 2022",$12.49,1249,50.0,Overwhelmingly Positive,97.0,38100.0,['windows'],https://shared.fastly.steamstatic.com/store_item_assets/steam/apps/1290000/9d9f1f777477c1b7286f153be8f9e317eeabbfd3/capsule_231x87.jpg?t=1780392261,2026-06-03T01:58:53.807Z,1639.0,,,[],[],,,,,,66,100,75,45,72,Commercially aggressive,Pricing/monetization benchmark,Promotional discount,General Steam audience,Discount-driven sales,Comparable baseline,"['loved-by-players', 'aggressive-discounting']",[],"PowerWash Simulator is a commercially aggressive, opportunity score 72/100, 97% positive from 38,100 reviews, 1,639 current players, 50% discount.","Compare discount depth, price tier, and monetization model against similar titles."
282,3009300,Teamfight Manager 2,https://store.steampowered.com/app/3009300/Teamfight_Manager_2/,"May 25, 2026",$19.99,1999,0.0,Mixed,62.0,1317.0,"['windows', 'mac', 'linux']",https://shared.fastly.steamstatic.com/store_item_assets/steam/apps/3009300/22a695164eb3a76e44d4183a4dd492d2f1b4a7a0/capsule_231x87.jpg?t=1780379360,2026-06-03T01:58:53.807Z,2629.0,,,[],[],,,,,,59,68,60,55,61,Standard competitor,Baseline market data,Mid-market,General Steam audience,Paid upfront,Comparable baseline,['fresh-release'],['weak-player-sentiment'],"Teamfight Manager 2 is a standard competitor, opportunity score 61/100, 62% positive from 1,317 reviews, 2,629 current players.",Use as baseline competitor data; enrich with reviews for deeper sentiment intelligence.
283,3526710,Everything is Crab: The Animal Evolution Roguelite,https://store.steampowered.com/app/3526710/Everything_is_Crab_The_Animal_Evolution_Roguelite/,"May 8, 2026",$9.99,999,0.0,Very Positive,87.0,2384.0,['windows'],https://shared.fastly.steamstatic.com/store_item_assets/steam/apps/3526710/c2d4ec993a1958fcbeae3a1b8bd71c0bab7f941b/capsule_231x87.jpg?t=1779981441,2026-06-03T01:58:53.807Z,2835.0,,,[],[],,,,,,61,94,65,55,69,Standard competitor,Baseline market data,Budget,General Steam audience,Paid upfront,Comparable baseline,"['loved-by-players', 'fresh-release']",[],"Everything is Crab: The Animal Evolution Roguelite is a standard competitor, opportunity score 69/100, 87% positive from 2,384 reviews, 2,835 current players.",Use as baseline competitor data; enrich with reviews for deeper sentiment intelligence.
284,3557620,Blue Archive,https://store.steampowered.com/app/3557620/Blue_Archive/,"Jul 3, 2025",Free,0,,Very Positive,93.0,8987.0,['windows'],https://shared.fastly.steamstatic.com/store_item_assets/steam/apps/3557620/1bf892b91fc9832afaf2478fad7ed7e35e2d1dec/capsule_231x87.jpg?t=1779773548,2026-06-03T01:58:53.807Z,7866.0,,,[],[],,,,,,65,100,62,45,69,Standard competitor,Baseline market data,Free-to-play,General Steam audience,Free acquisition funnel,Comparable baseline,"['loved-by-players', 'free-to-play']",[],"Blue Archive is a standard competitor, opportunity score 69/100, 93% positive from 8,987 reviews, 7,866 current players.",Use as baseline competitor data; enrich with reviews for deeper sentiment intelligence.
285,1913370,OPERATOR,https://store.steampowered.com/app/1913370/OPERATOR/,"Aug 1, 2023",$19.99,1999,0.0,Very Positive,85.0,4423.0,['windows'],https://shared.fastly.steamstatic.com/store_item_assets/steam/apps/1913370/c4ae8879133e0ba854a1eb0f5a3dfdf589d58c0b/capsule_231x87.jpg?t=1780431318,2026-06-03T01:58:53.807Z,809.0,,,[],[],,,,,,61,92,60,45,65,Standard competitor,Baseline market data,Mid-market,General Steam audience,Paid upfront,Comparable baseline,['loved-by-players'],[],"OPERATOR is a standard competitor, opportunity score 65/100, 85% positive from 4,423 reviews, 809 current players.",Use as baseline competitor data; enrich with reviews for deeper sentiment intelligence.
286,3061570,Persona5: The Phantom X,https://store.steampowered.com/app/3061570/Persona5_The_Phantom_X/,"Jun 25, 2025",Free,0,,Mixed,48.0,8516.0,['windows'],https://shared.fastly.steamstatic.com/store_item_assets/steam/apps/3061570/07b0e821002a9f6a2e2fe057de2f8eb860b85087/capsule_231x87.jpg?t=1777013509,2026-06-03T01:58:53.807Z,3156.0,,,[],[],,,,,,64,56,62,45,58,Standard competitor,Baseline market data,Free-to-play,General Steam audience,Free acquisition funnel,Comparable baseline,['free-to-play'],['weak-player-sentiment'],"Persona5: The Phantom X is a standard competitor, opportunity score 58/100, 48% positive from 8,516 reviews, 3,156 current players.",Use as baseline competitor data; enrich with reviews for deeper sentiment intelligence.
287,2424420,Avatar Legends: The Fighting Game,https://store.steampowered.com/app/2424420/Avatar_Legends_The_Fighting_Game/,"Jul 2, 2026",$29.99,2999,0.0,,,,['windows'],https://shared.fastly.steamstatic.com/store_item_assets/steam/apps/2424420/dcef7b95df1d2aecabee12d6579ebfb07108f0d5/capsule_231x87.jpg?t=1774905779,2026-06-03T01:58:53.807Z,,,,[],[],,,,,,32,35,60,55,43,Standard competitor,Baseline market data,Mid-market,General Steam audience,Paid upfront,Comparable baseline,['fresh-release'],['review-data-missing-or-not-yet-established'],"Avatar Legends: The Fighting Game is a standard competitor, opportunity score 43/100.",Use as baseline competitor data; enrich with reviews for deeper sentiment intelligence.
288,668580,Atomic Heart,https://store.steampowered.com/app/668580/Atomic_Heart/,"Feb 20, 2023",$14.99,1499,75.0,Mostly Positive,78.0,13167.0,['windows'],https://shared.fastly.steamstatic.com/store_item_assets/steam/apps/668580/capsule_231x87.jpg?t=1776355944,2026-06-03T01:58:53.807Z,655.0,,,[],[],,,,,,62,86,85,45,69,Commercially aggressive,Pricing/monetization benchmark,Deep discount,General Steam audience,Discount-driven sales,Price pressure - competitor likely using discounts to drive rank,"['loved-by-players', 'aggressive-discounting']",[],"Atomic Heart is a commercially aggressive, opportunity score 69/100, 78% positive from 13,167 reviews, 655 current players, 75% discount.","Compare discount depth, price tier, and monetization model against similar titles."
289,3643170,Roadside Research,https://store.steampowered.com/app/3643170/Roadside_Research/,"Feb 12, 2026",$12.99,1299,0.0,Very Positive,88.0,1963.0,['windows'],https://shared.fastly.steamstatic.com/store_item_assets/steam/apps/3643170/21581aa4557b8fbd15e71efa0bac483ad66f4216/capsule_231x87.jpg?t=1779196620,2026-06-03T01:58:53.807Z,789.0,,,[],[],,,,,,58,95,60,45,65,Loved niche title,Underserved audience clue,Mid-market,General Steam audience,Paid upfront,Comparable baseline,['loved-by-players'],[],"Roadside Research is a loved niche title, opportunity score 65/100, 88% positive from 1,963 reviews, 789 current players.",Mine reviews for the exact language players use; niche love often exposes a product angle.
290,3616260,"MAZEBOUND: Hunt, Gather, Run!",https://store.steampowered.com/app/3616260/MAZEBOUND_Hunt_Gather_Run/,"May 13, 2026",$9.99,999,0.0,Very Positive,81.0,240.0,['windows'],https://shared.fastly.steamstatic.com/store_item_assets/steam/apps/3616260/73ff0330648548012c8450e0f9f3653309d25966/capsule_231x87.jpg?t=1780181524,2026-06-03T01:58:53.807Z,360.0,,,[],[],,,,,,52,86,65,55,64,Loved niche title,Underserved audience clue,Budget,General Steam audience,Paid upfront,Comparable baseline,"['loved-by-players', 'fresh-release']",[],"MAZEBOUND: Hunt, Gather, Run! is a loved niche title, opportunity score 64/100, 81% positive from 240 reviews, 360 current players.",Mine reviews for the exact language players use; niche love often exposes a product angle.
291,1384160,GUILTY GEAR -STRIVE-,https://store.steampowered.com/app/1384160/GUILTY_GEAR_STRIVE/,"Jun 11, 2021",$39.99,3999,0.0,Very Positive,91.0,32287.0,['windows'],https://shared.fastly.steamstatic.com/store_item_assets/steam/apps/1384160/078c6f623ab033c4671a61c1f5391a1a915c7576/capsule_231x87.jpg?t=1778742247,2026-06-03T01:58:53.807Z,2130.0,,,[],[],,,,,,66,100,50,45,67,Standard competitor,Baseline market data,Premium,General Steam audience,Paid upfront,Comparable baseline,['loved-by-players'],[],"GUILTY GEAR -STRIVE- is a standard competitor, opportunity score 67/100, 91% positive from 32,287 reviews, 2,130 current players.",Use as baseline competitor data; enrich with reviews for deeper sentiment intelligence.
292,3717070,WWE 2K26,https://store.steampowered.com/app/3717070/WWE_2K26/,"Mar 12, 2026",$52.49,5249,25.0,Mixed,54.0,1792.0,['windows'],https://shared.fastly.steamstatic.com/store_item_assets/steam/apps/3717070/4cecfcf443b45ab80000959ef724d82ced333157/capsule_231x87.jpg?t=1779114993,2026-06-03T01:58:53.808Z,1009.0,,,[],[],,,,,,58,61,50,55,57,Standard competitor,Baseline market data,Premium,General Steam audience,Paid upfront,Comparable baseline,['fresh-release'],['weak-player-sentiment'],"WWE 2K26 is a standard competitor, opportunity score 57/100, 54% positive from 1,792 reviews, 1,009 current players, 25% discount.",Use as baseline competitor data; enrich with reviews for deeper sentiment intelligence.
293,1669000,Age of Wonders 4,https://store.steampowered.com/app/1669000/Age_of_Wonders_4/,"May 2, 2023",$49.99,4999,0.0,Very Positive,82.0,10649.0,['windows'],https://shared.fastly.steamstatic.com/store_item_assets/steam/apps/1669000/6a0ead8a0addec6bd4b7f5984b3e767e8a1ffde7/capsule_231x87.jpg?t=1779195454,2026-06-03T01:58:53.808Z,1817.0,,,[],[],,,,,,63,90,50,45,64,Standard competitor,Baseline market data,Premium,General Steam audience,Paid upfront,Comparable baseline,['loved-by-players'],[],"Age of Wonders 4 is a standard competitor, opportunity score 64/100, 82% positive from 10,649 reviews, 1,817 current players.",Use as baseline competitor data; enrich with reviews for deeper sentiment intelligence.
294,4439280,Forza Horizon 6 Time Attack Car Pack,https://store.steampowered.com/app/4439280/Forza_Horizon_6_Time_Attack_Car_Pack/,"May 18, 2026",$9.99,999,0.0,Positive,100.0,21.0,['windows'],https://shared.fastly.steamstatic.com/store_item_assets/steam/apps/4439280/d0edf27e91b0cc7beeeb66af1ccc8f876e3c2e11/capsule_231x87.jpg?t=1779162807,2026-06-03T01:58:53.808Z,0.0,,,[],[],,,,,,39,100,65,55,63,Loved niche title,Underserved audience clue,Budget,General Steam audience,Paid upfront,Niche love - small but passionate audience,"['loved-by-players', 'fresh-release']",['low-review-confidence'],"Forza Horizon 6 Time Attack Car Pack is a loved niche title, opportunity score 63/100, 100% positive from 21 reviews.",Mine reviews for the exact language players use; niche love often exposes a product angle.
295,3784030,RACCOIN: Coin Pusher Roguelike,https://store.steampowered.com/app/3784030/RACCOIN_Coin_Pusher_Roguelike/,"Mar 31, 2026",$11.99,1199,0.0,Very Positive,85.0,2200.0,['windows'],https://shared.fastly.steamstatic.com/store_item_assets/steam/apps/3784030/dfb53b10d59e7cd25002754a7ebb8fafd0eed902/capsule_231x87.jpg?t=1780046167,2026-06-03T01:58:53.808Z,591.0,,,[],[],,,,,,58,92,60,55,66,Loved niche title,Underserved audience clue,Mid-market,General Steam audience,Paid upfront,Comparable baseline,"['loved-by-players', 'fresh-release']",[],"RACCOIN: Coin Pusher Roguelike is a loved niche title, opportunity score 66/100, 85% positive from 2,200 reviews, 591 current players.",Mine reviews for the exact language players use; niche love often exposes a product angle.
296,9900,Star Trek Online,https://store.steampowered.com/app/9900/Star_Trek_Online/,"Jan 31, 2012",Free,0,,Mostly Positive,79.0,16665.0,['windows'],https://shared.fastly.steamstatic.com/store_item_assets/steam/apps/9900/aa38cbad688d0a640737cee6e93be9573f6ff55e/capsule_231x87.jpg?t=1780089918,2026-06-03T01:58:53.808Z,445.0,,,[],[],,,,,,62,87,62,45,65,Standard competitor,Baseline market data,Free-to-play,General Steam audience,Free acquisition funnel,Comparable baseline,"['loved-by-players', 'free-to-play']",[],"Star Trek Online is a standard competitor, opportunity score 65/100, 79% positive from 16,665 reviews, 445 current players.",Use as baseline competitor data; enrich with reviews for deeper sentiment intelligence.
297,2001120,Split Fiction,https://store.steampowered.com/app/2001120/Split_Fiction/,"Mar 6, 2025",$49.99,4999,0.0,Overwhelmingly Positive,96.0,22597.0,['windows'],https://shared.fastly.steamstatic.com/store_item_assets/steam/apps/2001120/1988bcdc421d71cbe4c8c07940967e7a0cd752be/capsule_231x87.jpg?t=1763484567,2026-06-03T01:58:53.808Z,1529.0,,,[],[],,,,,,64,100,50,45,66,Standard competitor,Baseline market data,Premium,General Steam audience,Paid upfront,Comparable baseline,['loved-by-players'],[],"Split Fiction is a standard competitor, opportunity score 66/100, 96% positive from 22,597 reviews, 1,529 current players.",Use as baseline competitor data; enrich with reviews for deeper sentiment intelligence.
298,513710,SCUM,https://store.steampowered.com/app/513710/SCUM/,"Jun 17, 2025",$17.99,1799,60.0,Mostly Positive,74.0,37542.0,['windows'],https://shared.fastly.steamstatic.com/store_item_assets/steam/apps/513710/e78cbdf627252c4d666fd65bac293199f6ddc048/capsule_231x87_alt_assets_1.jpg?t=1779716240,2026-06-03T01:58:53.808Z,6335.0,,,[],[],,,,,,67,83,75,45,68,Commercially aggressive,Pricing/monetization benchmark,Promotional discount,General Steam audience,Discount-driven sales,Comparable baseline,['aggressive-discounting'],[],"SCUM is a commercially aggressive, opportunity score 68/100, 74% positive from 37,542 reviews, 6,335 current players, 60% discount.","Compare discount depth, price tier, and monetization model against similar titles."
299,881020,Granblue Fantasy: Relink,https://store.steampowered.com/app/881020/Granblue_Fantasy_Relink/,"Jan 31, 2024",$39.99,3999,0.0,Very Positive,92.0,11260.0,['windows'],https://shared.fastly.steamstatic.com/store_item_assets/steam/apps/881020/6c0fd615d362313d08d76e530ceb72265bbade2f/capsule_231x87.jpg?t=1780396545,2026-06-03T01:58:53.808Z,1906.0,,,[],[],,,,,,63,100,50,45,66,Standard competitor,Baseline market data,Premium,General Steam audience,Paid upfront,Comparable baseline,['loved-by-players'],[],"Granblue Fantasy: Relink is a standard competitor, opportunity score 66/100, 92% positive from 11,260 reviews, 1,906 current players.",Use as baseline competitor data; enrich with reviews for deeper sentiment intelligence.
300,552500,Warhammer: Vermintide 2,https://store.steampowered.com/app/552500/Warhammer_Vermintide_2/,"Mar 8, 2018",$1.49,149,95.0,Very Positive,90.0,43671.0,['windows'],https://shared.fastly.steamstatic.com/store_item_assets/steam/apps/552500/capsule_231x87.jpg?t=1764008361,2026-06-03T01:58:53.808Z,2001.0,,,[],[],,,,,,66,99,90,45,75,Commercially aggressive,Pricing/monetization benchmark,Deep discount,General Steam audience,Discount-driven sales,Price pressure - competitor likely using discounts to drive rank,"['loved-by-players', 'aggressive-discounting']",[],"Warhammer: Vermintide 2 is a commercially aggressive, opportunity score 75/100, 90% positive from 43,671 reviews, 2,001 current players, 95% discount.","Compare discount depth, price tier, and monetization model against similar titles."
301,767560,War Robots,https://store.steampowered.com/app/767560/War_Robots/,"Apr 4, 2018",Free,0,,Mixed,59.0,12297.0,['windows'],https://shared.fastly.steamstatic.com/store_item_assets/steam/apps/767560/84c2908ff77748d5be8ab7ded9a02427845c2fdf/capsule_231x87.jpg?t=1776271542,2026-06-03T01:59:38.563Z,1279.0,,,[],[],,,,,,63,67,62,45,60,Standard competitor,Baseline market data,Free-to-play,General Steam audience,Free acquisition funnel,Comparable baseline,['free-to-play'],['weak-player-sentiment'],"War Robots is a standard competitor, opportunity score 60/100, 59% positive from 12,297 reviews, 1,279 current players.",Use as baseline competitor data; enrich with reviews for deeper sentiment intelligence.
302,550,Left 4 Dead 2,https://store.steampowered.com/app/550/Left_4_Dead_2/,"Nov 16, 2009",$9.99,999,0.0,Overwhelmingly Positive,97.0,227889.0,"['windows', 'linux']",https://shared.fastly.steamstatic.com/store_item_assets/steam/apps/550/capsule_231x87.jpg?t=1772742214,2026-06-03T01:59:38.563Z,28162.0,,,[],[],,,,,,70,100,65,57,74,Standard competitor,Baseline market data,Budget,General Steam audience,Paid upfront,Comparable baseline,"['loved-by-players', 'healthy-community']",[],"Left 4 Dead 2 is a standard competitor, opportunity score 74/100, 97% positive from 227,889 reviews, 28,162 current players.",Use as baseline competitor data; enrich with reviews for deeper sentiment intelligence.
303,1167630,Teardown,https://store.steampowered.com/app/1167630/Teardown/,"Apr 21, 2022",$29.99,2999,0.0,Overwhelmingly Positive,95.0,73972.0,['windows'],https://shared.fastly.steamstatic.com/store_item_assets/steam/apps/1167630/84cdc9c69746daeee59a56b5269596ebbdb014fb/capsule_231x87_alt_assets_5.jpg?t=1779880867,2026-06-03T01:59:38.564Z,1965.0,,,[],[],,,,,,66,100,60,45,69,Standard competitor,Baseline market data,Mid-market,General Steam audience,Paid upfront,Comparable baseline,['loved-by-players'],[],"Teardown is a standard competitor, opportunity score 69/100, 95% positive from 73,972 reviews, 1,965 current players.",Use as baseline competitor data; enrich with reviews for deeper sentiment intelligence.
304,1437760,Peripeteia,https://store.steampowered.com/app/1437760/Peripeteia/,"Feb 21, 2025",$18.88,1899,22.0,Very Positive,83.0,1773.0,['windows'],https://shared.fastly.steamstatic.com/store_item_assets/steam/apps/1437760/7f8e848883510351c137ea4c923d741a6bb4892d/capsule_231x87.jpg?t=1779434056,2026-06-03T01:59:38.564Z,54.0,,,[],[],,,,,,54,89,60,45,62,Loved niche title,Underserved audience clue,Mid-market,General Steam audience,Paid upfront,Comparable baseline,['loved-by-players'],[],"Peripeteia is a loved niche title, opportunity score 62/100, 83% positive from 1,773 reviews, 54 current players, 22% discount.",Mine reviews for the exact language players use; niche love often exposes a product angle.
305,1184050,Gears Tactics,https://store.steampowered.com/app/1184050/Gears_Tactics/,"Apr 28, 2020",$14.99,1499,50.0,Mostly Positive,78.0,3634.0,['windows'],https://shared.fastly.steamstatic.com/store_item_assets/steam/apps/1184050/capsule_231x87.jpg?t=1694616448,2026-06-03T01:59:38.564Z,81.0,,,[],[],,,,,,56,85,75,45,65,Commercially aggressive,Pricing/monetization benchmark,Promotional discount,General Steam audience,Discount-driven sales,Comparable baseline,"['loved-by-players', 'aggressive-discounting']",[],"Gears Tactics is a commercially aggressive, opportunity score 65/100, 78% positive from 3,634 reviews, 81 current players, 50% discount.","Compare discount depth, price tier, and monetization model against similar titles."
306,4304930,Chef Knight,https://store.steampowered.com/app/4304930/Chef_Knight/,"Jun 1, 2026",$5.39,539,10.0,Very Positive,94.0,157.0,['windows'],https://shared.fastly.steamstatic.com/store_item_assets/steam/apps/4304930/16d8b0df7b584d64b461e9558fb5b6a51d157b12/capsule_231x87.jpg?t=1780334140,2026-06-03T01:59:38.564Z,413.0,,,[],[],,,,,,51,98,65,55,66,Loved niche title,Underserved audience clue,Budget,General Steam audience,Paid upfront,Comparable baseline,"['loved-by-players', 'fresh-release']",[],"Chef Knight is a loved niche title, opportunity score 66/100, 94% positive from 157 reviews, 413 current players, 10% discount.",Mine reviews for the exact language players use; niche love often exposes a product angle.
307,1824220,Chivalry 2,https://store.steampowered.com/app/1824220/Chivalry_2/,"Jun 12, 2022",$5.99,599,85.0,Very Positive,81.0,22480.0,['windows'],https://shared.fastly.steamstatic.com/store_item_assets/steam/apps/1824220/capsule_231x87.jpg?t=1744201613,2026-06-03T01:59:38.564Z,2344.0,,,[],[],,,,,,64,90,90,45,72,Commercially aggressive,Pricing/monetization benchmark,Deep discount,General Steam audience,Discount-driven sales,Price pressure - competitor likely using discounts to drive rank,"['loved-by-players', 'aggressive-discounting']",[],"Chivalry 2 is a commercially aggressive, opportunity score 72/100, 81% positive from 22,480 reviews, 2,344 current players, 85% discount.","Compare discount depth, price tier, and monetization model against similar titles."
308,585420,Trailmakers,https://store.steampowered.com/app/585420/Trailmakers/,"Sep 18, 2019",$24.99,2499,0.0,Very Positive,92.0,21184.0,['windows'],https://shared.fastly.steamstatic.com/store_item_assets/steam/apps/585420/14bb7ef405602704b243b528114ce6090dcc6a87/capsule_231x87.jpg?t=1777025968,2026-06-03T01:59:38.564Z,1427.0,,,[],[],,,,,,64,100,60,45,68,Standard competitor,Baseline market data,Mid-market,General Steam audience,Paid upfront,Comparable baseline,['loved-by-players'],[],"Trailmakers is a standard competitor, opportunity score 68/100, 92% positive from 21,184 reviews, 1,427 current players.",Use as baseline competitor data; enrich with reviews for deeper sentiment intelligence.
309,2698940,The Crew Motorfest,https://store.steampowered.com/app/2698940/The_Crew_Motorfest/,"Apr 18, 2024",$13.99,1399,80.0,Mostly Positive,77.0,9479.0,['windows'],https://shared.fastly.steamstatic.com/store_item_assets/steam/apps/2698940/b10d861da7e81ea1ad0af0283e047c5d08ec86d7/capsule_231x87.jpg?t=1779811864,2026-06-03T01:59:38.564Z,992.0,,,[],[],,,,,,61,85,85,45,69,Commercially aggressive,Pricing/monetization benchmark,Deep discount,General Steam audience,Discount-driven sales,Price pressure - competitor likely using discounts to drive rank,"['loved-by-players', 'aggressive-discounting']",[],"The Crew Motorfest is a commercially aggressive, opportunity score 69/100, 77% positive from 9,479 reviews, 992 current players, 80% discount.","Compare discount depth, price tier, and monetization model against similar titles."
310,2406770,Bodycam,https://store.steampowered.com/app/2406770/Bodycam/,"Jun 7, 2024",$33.32,3332,0.0,Mostly Positive,74.0,23418.0,['windows'],https://shared.fastly.steamstatic.com/store_item_assets/steam/apps/2406770/774bce09296c295dd7bd38e870b85724ba57470b/capsule_231x87.jpg?t=1774977157,2026-06-03T01:59:38.564Z,418.0,,,[],[],,,,,,62,83,50,45,61,Standard competitor,Baseline market data,Premium,General Steam audience,Paid upfront,Comparable baseline,[],[],"Bodycam is a standard competitor, opportunity score 61/100, 74% positive from 23,418 reviews, 418 current players.",Use as baseline competitor data; enrich with reviews for deeper sentiment intelligence.
311,1607890,Risk of Rain 2: Survivors of the Void,https://store.steampowered.com/app/1607890/Risk_of_Rain_2_Survivors_of_the_Void/,"Mar 1, 2022",$9.74,974,35.0,Very Positive,87.0,4182.0,['windows'],https://shared.fastly.steamstatic.com/store_item_assets/steam/apps/1607890/capsule_231x87.jpg?t=1699645162,2026-06-03T01:59:38.564Z,0.0,,,[],[],,,,,,50,94,65,45,63,Loved niche title,Underserved audience clue,Promotional discount,General Steam audience,Paid upfront,Comparable baseline,['loved-by-players'],[],"Risk of Rain 2: Survivors of the Void is a loved niche title, opportunity score 63/100, 87% positive from 4,182 reviews, 35% discount.",Mine reviews for the exact language players use; niche love often exposes a product angle.
312,3720100,ARK: Lost Colony Expansion Pass,https://store.steampowered.com/app/3720100/ARK_Lost_Colony_Expansion_Pass/,"Jun 18, 2025",$29.99,2999,0.0,Mostly Negative,37.0,986.0,['windows'],https://shared.fastly.steamstatic.com/store_item_assets/steam/apps/3720100/33be731311791d3c8cddd7476d25a82d696ae520/capsule_231x87.jpg?t=1771376563,2026-06-03T01:59:38.564Z,0.0,,,[],[],,,,,,47,43,60,45,48,Standard competitor,Baseline market data,Mid-market,General Steam audience,Paid upfront,Comparable baseline,[],['weak-player-sentiment'],"ARK: Lost Colony Expansion Pass is a standard competitor, opportunity score 48/100, 37% positive from 986 reviews.",Use as baseline competitor data; enrich with reviews for deeper sentiment intelligence.
313,4244510,Pratfall,https://store.steampowered.com/app/4244510/Pratfall/,"Apr 20, 2026",$7.99,799,0.0,Very Positive,90.0,1359.0,['windows'],https://shared.fastly.steamstatic.com/store_item_assets/steam/apps/4244510/e50e78b2fa42aae2370ac4162668387a1e434013/capsule_231x87.jpg?t=1779269102,2026-06-03T01:59:38.564Z,666.0,,,[],[],,,,,,56,96,65,55,68,Loved niche title,Underserved audience clue,Budget,General Steam audience,Paid upfront,Comparable baseline,"['loved-by-players', 'fresh-release']",[],"Pratfall is a loved niche title, opportunity score 68/100, 90% positive from 1,359 reviews, 666 current players.",Mine reviews for the exact language players use; niche love often exposes a product angle.
314,1671210,DELTARUNE,https://store.steampowered.com/app/1671210/DELTARUNE/,"Jun 4, 2025",$24.99,2499,0.0,Overwhelmingly Positive,98.0,61478.0,"['windows', 'mac']",https://shared.fastly.steamstatic.com/store_item_assets/steam/apps/1671210/capsule_231x87.jpg?t=1749252480,2026-06-03T01:59:38.564Z,1319.0,,,[],[],,,,,,65,100,60,45,69,Standard competitor,Baseline market data,Mid-market,General Steam audience,Paid upfront,Comparable baseline,['loved-by-players'],[],"DELTARUNE is a standard competitor, opportunity score 69/100, 98% positive from 61,478 reviews, 1,319 current players.",Use as baseline competitor data; enrich with reviews for deeper sentiment intelligence.
315,2536520,Diablo II: Resurrected – Infernal Edition,https://store.steampowered.com/app/2536520/Diablo_II_Resurrected__Infernal_Edition/,"Feb 11, 2026",$39.99,3999,0.0,Very Positive,86.0,3117.0,['windows'],https://shared.fastly.steamstatic.com/store_item_assets/steam/apps/2536520/2a400c5821131f4525919029b03adf1168fdffd3/capsule_231x87.jpg?t=1774399170,2026-06-03T01:59:38.564Z,4151.0,,,[],[],,,,,,60,93,50,45,63,Standard competitor,Baseline market data,Premium,General Steam audience,Paid upfront,Comparable baseline,['loved-by-players'],[],"Diablo II: Resurrected – Infernal Edition is a standard competitor, opportunity score 63/100, 86% positive from 3,117 reviews, 4,151 current players.",Use as baseline competitor data; enrich with reviews for deeper sentiment intelligence.
316,346110,ARK: Survival Evolved,https://store.steampowered.com/app/346110/ARK_Survival_Evolved/,"Aug 27, 2017",$14.99,1499,0.0,Very Positive,80.0,254527.0,"['windows', 'mac']",https://shared.fastly.steamstatic.com/store_item_assets/steam/apps/346110/capsule_231x87.jpg?t=1765677889,2026-06-03T01:59:38.564Z,14313.0,,,[],[],,,,,,69,90,60,57,70,Standard competitor,Baseline market data,Mid-market,General Steam audience,Paid upfront,Comparable baseline,['loved-by-players'],[],"ARK: Survival Evolved is a standard competitor, opportunity score 70/100, 80% positive from 254,527 reviews, 14,313 current players.",Use as baseline competitor data; enrich with reviews for deeper sentiment intelligence.
317,3841510,DYNASTY WARRIORS 3: Complete Edition Remastered,https://store.steampowered.com/app/3841510/DYNASTY_WARRIORS_3_Complete_Edition_Remastered/,"Sep 30, 2026",$39.99,3999,0.0,,,,['windows'],https://shared.fastly.steamstatic.com/store_item_assets/steam/apps/3841510/138dca4c3b486c7a9449388bb007c9056737d6af/capsule_231x87.jpg?t=1780445525,2026-06-03T01:59:38.564Z,,,,[],[],,,,,,31,35,50,45,39,Standard competitor,Baseline market data,Premium,General Steam audience,Paid upfront,Comparable baseline,[],['review-data-missing-or-not-yet-established'],"DYNASTY WARRIORS 3: Complete Edition Remastered is a standard competitor, opportunity score 39/100.",Use as baseline competitor data; enrich with reviews for deeper sentiment intelligence.
318,3280350,DEATH STRANDING 2: ON THE BEACH,https://store.steampowered.com/app/3280350/DEATH_STRANDING_2_ON_THE_BEACH/,"Mar 19, 2026",$69.99,6999,0.0,Overwhelmingly Positive,95.0,4955.0,['windows'],https://shared.fastly.steamstatic.com/store_item_assets/steam/apps/3280350/6e07f61e2585bae97d2406d45666a7ee70543792/capsule_231x87.jpg?t=1774022345,2026-06-03T01:59:38.564Z,1887.0,,,[],[],,,,,,60,100,40,55,65,Standard competitor,Baseline market data,High-ticket,General Steam audience,Paid upfront,Comparable baseline,"['loved-by-players', 'fresh-release']",[],"DEATH STRANDING 2: ON THE BEACH is a standard competitor, opportunity score 65/100, 95% positive from 4,955 reviews, 1,887 current players.",Use as baseline competitor data; enrich with reviews for deeper sentiment intelligence.
319,4013290,"Warhammer 40,000: Darktide - Hive Scum Class",https://store.steampowered.com/app/4013290/Warhammer_40000_Darktide__Hive_Scum_Class/,"Dec 2, 2025",$8.99,899,25.0,Mixed,46.0,1956.0,['windows'],https://shared.fastly.steamstatic.com/store_item_assets/steam/apps/4013290/851d049d47fdfd81d11dda4d0873cfb8f42fa0d8/capsule_231x87.jpg?t=1764702121,2026-06-03T01:59:38.564Z,0.0,,,[],[],,,,,,48,53,65,45,52,Standard competitor,Baseline market data,Budget,General Steam audience,Paid upfront,Comparable baseline,[],['weak-player-sentiment'],"Warhammer 40,000: Darktide - Hive Scum Class is a standard competitor, opportunity score 52/100, 46% positive from 1,956 reviews, 25% discount.",Use as baseline competitor data; enrich with reviews for deeper sentiment intelligence.
320,1796470,Haste,https://store.steampowered.com/app/1796470/Haste/,"Apr 1, 2025",$11.99,1199,40.0,Very Positive,93.0,8332.0,"['windows', 'mac', 'linux']",https://shared.fastly.steamstatic.com/store_item_assets/steam/apps/1796470/5b6b1129c5e2c5d26847ac730cc1ca49408b8154/capsule_231x87.jpg?t=1775640343,2026-06-03T01:59:38.564Z,409.0,,,[],[],,,,,,59,100,75,45,70,Commercially aggressive,Pricing/monetization benchmark,Promotional discount,General Steam audience,Paid upfront,Comparable baseline,['loved-by-players'],[],"Haste is a commercially aggressive, opportunity score 70/100, 93% positive from 8,332 reviews, 409 current players, 40% discount.","Compare discount depth, price tier, and monetization model against similar titles."
321,374320,DARK SOULS™ III,https://store.steampowered.com/app/374320/DARK_SOULS_III/,"Apr 11, 2016",$59.99,5999,0.0,Very Positive,94.0,106325.0,['windows'],https://shared.fastly.steamstatic.com/store_item_assets/steam/apps/374320/capsule_231x87.jpg?t=1748630784,2026-06-03T01:59:38.564Z,3896.0,,,[],[],,,,,,66,100,50,45,67,Standard competitor,Baseline market data,Premium,General Steam audience,Paid upfront,Comparable baseline,['loved-by-players'],[],"DARK SOULS™ III is a standard competitor, opportunity score 67/100, 94% positive from 106,325 reviews, 3,896 current players.",Use as baseline competitor data; enrich with reviews for deeper sentiment intelligence.
322,312520,Rain World,https://store.steampowered.com/app/312520/Rain_World/,"Mar 28, 2017",$11.12,1124,65.0,Overwhelmingly Positive,95.0,28547.0,['windows'],https://shared.fastly.steamstatic.com/store_item_assets/steam/apps/312520/d68d137786bd8fd4e056e056273f2bf0bc2a338d/capsule_231x87.jpg?t=1779907904,2026-06-03T01:59:38.564Z,1061.0,,,[],[],,,,,,64,100,75,45,71,Commercially aggressive,Pricing/monetization benchmark,Promotional discount,General Steam audience,Discount-driven sales,Comparable baseline,"['loved-by-players', 'aggressive-discounting']",[],"Rain World is a commercially aggressive, opportunity score 71/100, 95% positive from 28,547 reviews, 1,061 current players, 65% discount.","Compare discount depth, price tier, and monetization model against similar titles."
323,2397300,Half Sword,https://store.steampowered.com/app/2397300/Half_Sword/,"Jan 30, 2026",$24.99,2499,0.0,Mixed,67.0,17656.0,['windows'],https://shared.fastly.steamstatic.com/store_item_assets/steam/apps/2397300/d268df5c35e568c8d65fec5f2f129a3813db4100/capsule_231x87.jpg?t=1769873014,2026-06-03T01:59:38.564Z,907.0,,,[],[],,,,,,62,75,60,45,61,Standard competitor,Baseline market data,Mid-market,General Steam audience,Paid upfront,Comparable baseline,[],['weak-player-sentiment'],"Half Sword is a standard competitor, opportunity score 61/100, 67% positive from 17,656 reviews, 907 current players.",Use as baseline competitor data; enrich with reviews for deeper sentiment intelligence.
324,3357960,KuloNiku: Bowl Up!,https://store.steampowered.com/app/3357960/KuloNiku_Bowl_Up/,"Apr 7, 2026",$9.59,959,20.0,Overwhelmingly Positive,96.0,1562.0,"['windows', 'mac']",https://shared.fastly.steamstatic.com/store_item_assets/steam/apps/3357960/17e17d65132d701dbe1dcb47a790f93314190b9e/capsule_231x87_alt_assets_2.jpg?t=1780402628,2026-06-03T01:59:38.564Z,219.0,,,[],[],,,,,,55,100,65,55,68,Loved niche title,Underserved audience clue,Budget,General Steam audience,Paid upfront,Comparable baseline,"['loved-by-players', 'fresh-release']",[],"KuloNiku: Bowl Up! is a loved niche title, opportunity score 68/100, 96% positive from 1,562 reviews, 219 current players, 20% discount.",Mine reviews for the exact language players use; niche love often exposes a product angle.
325,24200,DC Universe™ Online,https://store.steampowered.com/app/24200/DC_Universe_Online/,"Nov 2, 2011",Free,0,,Mostly Positive,79.0,12602.0,['windows'],https://shared.fastly.steamstatic.com/store_item_assets/steam/apps/24200/0c495409a0674f8719be91a1397fd5dc08d10d27/capsule_231x87.jpg?t=1780442623,2026-06-03T01:59:38.564Z,758.0,,,[],[],,,,,,61,87,62,45,65,Standard competitor,Baseline market data,Free-to-play,General Steam audience,Free acquisition funnel,Comparable baseline,"['loved-by-players', 'free-to-play']",[],"DC Universe™ Online is a standard competitor, opportunity score 65/100, 79% positive from 12,602 reviews, 758 current players.",Use as baseline competitor data; enrich with reviews for deeper sentiment intelligence.
326,1604030,V Rising,https://store.steampowered.com/app/1604030/V_Rising/,"May 8, 2024",$34.99,3499,0.0,Very Positive,89.0,54268.0,['windows'],https://shared.fastly.steamstatic.com/store_item_assets/steam/apps/1604030/9b1b1d0c19ed80e9446c6a3ce37e9fdacf7f14c1/capsule_231x87.jpg?t=1776271883,2026-06-03T01:59:38.564Z,5636.0,,,[],[],,,,,,67,98,50,45,67,Standard competitor,Baseline market data,Premium,General Steam audience,Paid upfront,Comparable baseline,['loved-by-players'],[],"V Rising is a standard competitor, opportunity score 67/100, 89% positive from 54,268 reviews, 5,636 current players.",Use as baseline competitor data; enrich with reviews for deeper sentiment intelligence.
327,3834090,YAPYAP,https://store.steampowered.com/app/3834090/YAPYAP/,"Feb 3, 2026",$9.99,999,0.0,Very Positive,84.0,3260.0,"['windows', 'mac']",https://shared.fastly.steamstatic.com/store_item_assets/steam/apps/3834090/572e23522fedc8be0b352d3556f0119e1ca077ea/capsule_231x87.jpg?t=1775943797,2026-06-03T01:59:38.564Z,504.0,,,[],[],,,,,,57,91,65,45,65,Loved niche title,Underserved audience clue,Budget,General Steam audience,Paid upfront,Comparable baseline,['loved-by-players'],[],"YAPYAP is a loved niche title, opportunity score 65/100, 84% positive from 3,260 reviews, 504 current players.",Mine reviews for the exact language players use; niche love often exposes a product angle.
328,2432860,MENACE,https://store.steampowered.com/app/2432860/MENACE/,"Feb 5, 2026",$29.99,2999,25.0,Very Positive,91.0,7316.0,['windows'],https://shared.fastly.steamstatic.com/store_item_assets/steam/apps/2432860/f3da7e906c7a3126ad95691f10ee9e8eb8650e09/capsule_231x87.jpg?t=1779786144,2026-06-03T01:59:38.565Z,926.0,,,[],[],,,,,,60,99,60,45,67,Standard competitor,Baseline market data,Mid-market,General Steam audience,Paid upfront,Comparable baseline,['loved-by-players'],[],"MENACE is a standard competitor, opportunity score 67/100, 91% positive from 7,316 reviews, 926 current players, 25% discount.",Use as baseline competitor data; enrich with reviews for deeper sentiment intelligence.
329,2681030,Outbound,https://store.steampowered.com/app/2681030/Outbound/,"May 11, 2026",$24.99,2499,0.0,Mostly Positive,73.0,1313.0,['windows'],https://shared.fastly.steamstatic.com/store_item_assets/steam/apps/2681030/bd08ddcd2a4ab45d6bec5192f2122aaddee188aa/capsule_231x87.jpg?t=1780075327,2026-06-03T01:59:38.565Z,528.0,,,[],[],,,,,,55,79,60,55,62,Standard competitor,Baseline market data,Mid-market,General Steam audience,Paid upfront,Comparable baseline,['fresh-release'],[],"Outbound is a standard competitor, opportunity score 62/100, 73% positive from 1,313 reviews, 528 current players.",Use as baseline competitor data; enrich with reviews for deeper sentiment intelligence.
330,2950340,LEGO® Harry Potter™ Collection,https://store.steampowered.com/app/2950340/LEGO_Harry_Potter_Collection/,"Oct 8, 2024",$5.99,599,85.0,Very Positive,82.0,1231.0,['windows'],https://shared.fastly.steamstatic.com/store_item_assets/steam/apps/2950340/6686af5451d9a07b79d76ca2bc04d69b8de05b39/capsule_231x87.jpg?t=1765510619,2026-06-03T01:59:38.565Z,416.0,,,[],[],,,,,,54,88,90,45,68,Commercially aggressive,Pricing/monetization benchmark,Deep discount,General Steam audience,Discount-driven sales,Price pressure - competitor likely using discounts to drive rank,"['loved-by-players', 'aggressive-discounting']",[],"LEGO® Harry Potter™ Collection is a commercially aggressive, opportunity score 68/100, 82% positive from 1,231 reviews, 416 current players, 85% discount.","Compare discount depth, price tier, and monetization model against similar titles."
331,1172710,Dune: Awakening,https://store.steampowered.com/app/1172710/Dune_Awakening/,"Jun 10, 2025",$49.99,4999,0.0,Mostly Positive,71.0,45574.0,['windows'],https://shared.fastly.steamstatic.com/store_item_assets/steam/apps/1172710/1122dbb1046ee63f4dc8d7da1355f5d3d31f0fa0/capsule_231x87.jpg?t=1780435742,2026-06-03T01:59:38.565Z,7364.0,,,[],[],,,,,,66,80,50,45,62,Standard competitor,Baseline market data,Premium,General Steam audience,Paid upfront,Comparable baseline,[],[],"Dune: Awakening is a standard competitor, opportunity score 62/100, 71% positive from 45,574 reviews, 7,364 current players.",Use as baseline competitor data; enrich with reviews for deeper sentiment intelligence.
332,653530,Return of the Obra Dinn,https://store.steampowered.com/app/653530/Return_of_the_Obra_Dinn/,"Oct 18, 2018",$11.99,1199,40.0,Overwhelmingly Positive,96.0,18119.0,"['windows', 'mac']",https://shared.fastly.steamstatic.com/store_item_assets/steam/apps/653530/capsule_231x87.jpg?t=1686697594,2026-06-03T01:59:38.565Z,334.0,,,[],[],,,,,,61,100,75,45,70,Commercially aggressive,Pricing/monetization benchmark,Promotional discount,General Steam audience,Paid upfront,Comparable baseline,['loved-by-players'],[],"Return of the Obra Dinn is a commercially aggressive, opportunity score 70/100, 96% positive from 18,119 reviews, 334 current players, 40% discount.","Compare discount depth, price tier, and monetization model against similar titles."
333,1588550,Cairn,https://store.steampowered.com/app/1588550/Cairn/,"Jan 29, 2026",$23.99,2399,20.0,Very Positive,94.0,8659.0,['windows'],https://shared.fastly.steamstatic.com/store_item_assets/steam/apps/1588550/b46958afa6fe4a8da8329782be422284e184661b/capsule_231x87.jpg?t=1770987275,2026-06-03T01:59:38.565Z,489.0,,,[],[],,,,,,59,100,60,45,67,Loved niche title,Underserved audience clue,Mid-market,General Steam audience,Paid upfront,Comparable baseline,['loved-by-players'],[],"Cairn is a loved niche title, opportunity score 67/100, 94% positive from 8,659 reviews, 489 current players, 20% discount.",Mine reviews for the exact language players use; niche love often exposes a product angle.
334,3873970,NASCAR 25,https://store.steampowered.com/app/3873970/NASCAR_25/,"Nov 11, 2025",$49.99,4999,0.0,Mostly Positive,71.0,1558.0,['windows'],https://shared.fastly.steamstatic.com/store_item_assets/steam/apps/3873970/1ac961fa0c08c1d2a52767b4358ed2f72a3d5d99/capsule_231x87.jpg?t=1766082114,2026-06-03T01:59:38.565Z,449.0,,,[],[],,,,,,55,77,50,45,58,Standard competitor,Baseline market data,Premium,General Steam audience,Paid upfront,Comparable baseline,[],[],"NASCAR 25 is a standard competitor, opportunity score 58/100, 71% positive from 1,558 reviews, 449 current players.",Use as baseline competitor data; enrich with reviews for deeper sentiment intelligence.
335,255710,Cities: Skylines,https://store.steampowered.com/app/255710/Cities_Skylines/,"Mar 10, 2015",$29.99,2999,0.0,Very Positive,92.0,99659.0,"['windows', 'mac', 'linux']",https://shared.fastly.steamstatic.com/store_item_assets/steam/apps/255710/4cf458b43b41e4f86d3e4e604e7a7577c7926b01/capsule_231x87.jpg?t=1777568415,2026-06-03T01:59:38.565Z,5726.0,,,[],[],,,,,,66,100,60,45,69,Standard competitor,Baseline market data,Mid-market,General Steam audience,Paid upfront,Comparable baseline,['loved-by-players'],[],"Cities: Skylines is a standard competitor, opportunity score 69/100, 92% positive from 99,659 reviews, 5,726 current players.",Use as baseline competitor data; enrich with reviews for deeper sentiment intelligence.
336,1621690,Core Keeper,https://store.steampowered.com/app/1621690/Core_Keeper/,"Aug 27, 2024",$11.99,1199,40.0,Very Positive,94.0,22971.0,"['windows', 'linux']",https://shared.fastly.steamstatic.com/store_item_assets/steam/apps/1621690/5b19828e142f23d88e5213280d8e226408dabbbf/capsule_231x87.jpg?t=1779981713,2026-06-03T01:59:38.565Z,3954.0,,,[],[],,,,,,64,100,75,45,71,Commercially aggressive,Pricing/monetization benchmark,Promotional discount,General Steam audience,Paid upfront,Comparable baseline,['loved-by-players'],[],"Core Keeper is a commercially aggressive, opportunity score 71/100, 94% positive from 22,971 reviews, 3,954 current players, 40% discount.","Compare discount depth, price tier, and monetization model against similar titles."
337,848450,Subnautica: Below Zero,https://store.steampowered.com/app/848450/Subnautica_Below_Zero/,"May 13, 2021",$29.99,2999,0.0,Very Positive,89.0,54704.0,"['windows', 'mac']",https://shared.fastly.steamstatic.com/store_item_assets/steam/apps/848450/capsule_231x87.jpg?t=1777456254,2026-06-03T01:59:38.565Z,2783.0,,,[],[],,,,,,65,98,60,45,68,Standard competitor,Baseline market data,Mid-market,General Steam audience,Paid upfront,Comparable baseline,['loved-by-players'],[],"Subnautica: Below Zero is a standard competitor, opportunity score 68/100, 89% positive from 54,704 reviews, 2,783 current players.",Use as baseline competitor data; enrich with reviews for deeper sentiment intelligence.
338,2129530,REANIMAL,https://store.steampowered.com/app/2129530/REANIMAL/,"Feb 13, 2026",$39.99,3999,0.0,Very Positive,82.0,5043.0,['windows'],https://shared.fastly.steamstatic.com/store_item_assets/steam/apps/2129530/0e28f1b3446dd979013ca3df83a3ced5d7ca611b/capsule_231x87.jpg?t=1771918402,2026-06-03T01:59:38.565Z,461.0,,,[],[],,,,,,57,89,50,45,61,Loved niche title,Underserved audience clue,Premium,General Steam audience,Paid upfront,Comparable baseline,['loved-by-players'],[],"REANIMAL is a loved niche title, opportunity score 61/100, 82% positive from 5,043 reviews, 461 current players.",Mine reviews for the exact language players use; niche love often exposes a product angle.
339,12210,Grand Theft Auto IV: The Complete Edition,https://store.steampowered.com/app/12210/Grand_Theft_Auto_IV_The_Complete_Edition/,"Mar 24, 2020",$5.99,599,70.0,Very Positive,81.0,70163.0,['windows'],https://shared.fastly.steamstatic.com/store_item_assets/steam/apps/12210/capsule_231x87.jpg?t=1721061564,2026-06-03T01:59:38.565Z,2674.0,,,[],[],,,,,,65,91,90,45,73,Commercially aggressive,Pricing/monetization benchmark,Deep discount,General Steam audience,Discount-driven sales,Price pressure - competitor likely using discounts to drive rank,"['loved-by-players', 'aggressive-discounting']",[],"Grand Theft Auto IV: The Complete Edition is a commercially aggressive, opportunity score 73/100, 81% positive from 70,163 reviews, 2,674 current players, 70% discount.","Compare discount depth, price tier, and monetization model against similar titles."
340,412020,Metro Exodus,https://store.steampowered.com/app/412020/Metro_Exodus/,"Feb 14, 2020",$4.49,449,85.0,Very Positive,87.0,33991.0,"['windows', 'mac', 'linux']",https://shared.fastly.steamstatic.com/store_item_assets/steam/apps/412020/capsule_231x87.jpg?t=1750772804,2026-06-03T01:59:38.565Z,687.0,,,[],[],,,,,,62,96,90,45,73,Commercially aggressive,Pricing/monetization benchmark,Deep discount,General Steam audience,Discount-driven sales,Price pressure - competitor likely using discounts to drive rank,"['loved-by-players', 'aggressive-discounting']",[],"Metro Exodus is a commercially aggressive, opportunity score 73/100, 87% positive from 33,991 reviews, 687 current players, 85% discount.","Compare discount depth, price tier, and monetization model against similar titles."
341,322170,Geometry Dash,https://store.steampowered.com/app/322170/Geometry_Dash/,"Dec 22, 2014",$4.99,499,0.0,Very Positive,93.0,279185.0,"['windows', 'mac']",https://shared.fastly.steamstatic.com/store_item_assets/steam/apps/322170/capsule_231x87.jpg?t=1775300400,2026-06-03T01:59:38.565Z,48668.0,,,[],[],,,,,,69,100,65,57,74,Standard competitor,Baseline market data,Budget,General Steam audience,Paid upfront,Comparable baseline,"['loved-by-players', 'healthy-community']",[],"Geometry Dash is a standard competitor, opportunity score 74/100, 93% positive from 279,185 reviews, 48,668 current players.",Use as baseline competitor data; enrich with reviews for deeper sentiment intelligence.
342,1971870,Mortal Kombat 1,https://store.steampowered.com/app/1971870/Mortal_Kombat_1/,"Sep 19, 2023",$49.99,4999,0.0,Mostly Positive,72.0,16820.0,['windows'],https://shared.fastly.steamstatic.com/store_item_assets/steam/apps/1971870/capsule_231x87.jpg?t=1778795130,2026-06-03T01:59:38.565Z,2006.0,,,[],[],,,,,,62,80,50,45,61,Standard competitor,Baseline market data,Premium,General Steam audience,Paid upfront,Comparable baseline,[],[],"Mortal Kombat 1 is a standard competitor, opportunity score 61/100, 72% positive from 16,820 reviews, 2,006 current players.",Use as baseline competitor data; enrich with reviews for deeper sentiment intelligence.
343,244850,Space Engineers,https://store.steampowered.com/app/244850/Space_Engineers/,"Feb 28, 2019",$19.99,1999,0.0,Very Positive,89.0,67367.0,['windows'],https://shared.fastly.steamstatic.com/store_item_assets/steam/apps/244850/fb2e727ebd7f66ca86bb5098c67a0826b6d59767/capsule_231x87.jpg?t=1777915333,2026-06-03T01:59:38.565Z,3469.0,,,[],[],,,,,,65,99,60,45,69,Standard competitor,Baseline market data,Mid-market,General Steam audience,Paid upfront,Comparable baseline,['loved-by-players'],[],"Space Engineers is a standard competitor, opportunity score 69/100, 89% positive from 67,367 reviews, 3,469 current players.",Use as baseline competitor data; enrich with reviews for deeper sentiment intelligence.
344,3609080,StarSavior,https://store.steampowered.com/app/3609080/StarSavior/,"Dec 10, 2025",Free,0,,Mostly Positive,72.0,1116.0,['windows'],https://shared.fastly.steamstatic.com/store_item_assets/steam/apps/3609080/314ffd661646f7b3e5e064a33ee7e3aa292f41cf/capsule_231x87.jpg?t=1779090827,2026-06-03T01:59:38.565Z,2045.0,,,[],[],,,,,,56,78,62,45,60,Standard competitor,Baseline market data,Free-to-play,General Steam audience,Free acquisition funnel,Comparable baseline,['free-to-play'],[],"StarSavior is a standard competitor, opportunity score 60/100, 72% positive from 1,116 reviews, 2,045 current players.",Use as baseline competitor data; enrich with reviews for deeper sentiment intelligence.
345,1145350,Hades II,https://store.steampowered.com/app/1145350/Hades_II/,"Sep 25, 2025",$29.99,2999,0.0,Overwhelmingly Positive,96.0,63644.0,"['windows', 'mac']",https://shared.fastly.steamstatic.com/store_item_assets/steam/apps/1145350/10c9138570a8d7ac9144f601ab0f2ccbc820337e/capsule_231x87.jpg?t=1779901265,2026-06-03T01:59:38.565Z,4096.0,,,[],[],,,,,,66,100,60,45,69,Standard competitor,Baseline market data,Mid-market,General Steam audience,Paid upfront,Comparable baseline,['loved-by-players'],[],"Hades II is a standard competitor, opportunity score 69/100, 96% positive from 63,644 reviews, 4,096 current players.",Use as baseline competitor data; enrich with reviews for deeper sentiment intelligence.
346,1631270,StarRupture,https://store.steampowered.com/app/1631270/StarRupture/,"Jan 6, 2026",$15.99,1599,20.0,Very Positive,82.0,6347.0,['windows'],https://shared.fastly.steamstatic.com/store_item_assets/steam/apps/1631270/574fc3eb0de68f9350cab375774b00e7e47efe27/capsule_231x87_alt_assets_3.jpg?t=1778741421,2026-06-03T01:59:38.565Z,1381.0,,,[],[],,,,,,59,90,60,45,64,Loved niche title,Underserved audience clue,Mid-market,General Steam audience,Paid upfront,Comparable baseline,['loved-by-players'],[],"StarRupture is a loved niche title, opportunity score 64/100, 82% positive from 6,347 reviews, 1,381 current players, 20% discount.",Mine reviews for the exact language players use; niche love often exposes a product angle.
347,632470,Disco Elysium - The Final Cut,https://store.steampowered.com/app/632470/Disco_Elysium__The_Final_Cut/,"Oct 15, 2019",$9.99,999,75.0,Very Positive,92.0,56232.0,"['windows', 'mac']",https://shared.fastly.steamstatic.com/store_item_assets/steam/apps/632470/capsule_231x87.jpg?t=1779877985,2026-06-03T01:59:38.565Z,1365.0,,,[],[],,,,,,64,100,90,45,74,Commercially aggressive,Pricing/monetization benchmark,Deep discount,General Steam audience,Discount-driven sales,Price pressure - competitor likely using discounts to drive rank,"['loved-by-players', 'aggressive-discounting']",[],"Disco Elysium - The Final Cut is a commercially aggressive, opportunity score 74/100, 92% positive from 56,232 reviews, 1,365 current players, 75% discount.","Compare discount depth, price tier, and monetization model against similar titles."
348,2050650,Resident Evil 4,https://store.steampowered.com/app/2050650/Resident_Evil_4/,"Jan 24, 2019",$39.99,3999,0.0,Overwhelmingly Positive,96.0,65509.0,['windows'],https://shared.fastly.steamstatic.com/store_item_assets/steam/apps/2050650/capsule_231x87.jpg?t=1772502922,2026-06-03T01:59:38.565Z,5134.0,,,[],[],,,,,,65,100,50,45,67,Standard competitor,Baseline market data,Premium,General Steam audience,Paid upfront,Comparable baseline,['loved-by-players'],[],"Resident Evil 4 is a standard competitor, opportunity score 67/100, 96% positive from 65,509 reviews, 5,134 current players.",Use as baseline competitor data; enrich with reviews for deeper sentiment intelligence.
349,548430,Deep Rock Galactic,https://store.steampowered.com/app/548430/Deep_Rock_Galactic/,"May 13, 2020",$29.99,2999,0.0,Overwhelmingly Positive,97.0,169871.0,['windows'],https://shared.fastly.steamstatic.com/store_item_assets/steam/apps/548430/capsule_231x87.jpg?t=1775555380,2026-06-03T01:59:38.565Z,4363.0,,,[],[],,,,,,65,100,60,45,69,Standard competitor,Baseline market data,Mid-market,General Steam audience,Paid upfront,Comparable baseline,['loved-by-players'],[],"Deep Rock Galactic is a standard competitor, opportunity score 69/100, 97% positive from 169,871 reviews, 4,363 current players.",Use as baseline competitor data; enrich with reviews for deeper sentiment intelligence.
350,3265700,Vampire Crawlers: The Turbo Wildcard from Vampire Survivors,https://store.steampowered.com/app/3265700/Vampire_Crawlers_The_Turbo_Wildcard_from_Vampire_Survivors/,"Apr 21, 2026",$9.99,999,0.0,Overwhelmingly Positive,95.0,7563.0,"['windows', 'mac']",https://shared.fastly.steamstatic.com/store_item_assets/steam/apps/3265700/7e1d03c69fe971343ba08977b7478882b90e0432/capsule_231x87.jpg?t=1776925935,2026-06-03T01:59:38.565Z,1796.0,,,[],[],,,,,,60,100,65,55,70,Standard competitor,Baseline market data,Budget,General Steam audience,Paid upfront,Comparable baseline,"['loved-by-players', 'fresh-release']",[],"Vampire Crawlers: The Turbo Wildcard from Vampire Survivors is a standard competitor, opportunity score 70/100, 95% positive from 7,563 reviews, 1,796 current players.",Use as baseline competitor data; enrich with reviews for deeper sentiment intelligence.
351,594650,Hunt: Showdown 1896,https://store.steampowered.com/app/594650/Hunt_Showdown_1896/,"Aug 27, 2019",$29.99,2999,0.0,Mostly Positive,77.0,93440.0,['windows'],https://shared.fastly.steamstatic.com/store_item_assets/steam/apps/594650/db8d00180552bbcf7068dffda7bf5ce8b4ae0041/capsule_231x87.jpg?t=1780323191,2026-06-03T01:59:38.565Z,8377.0,,,[],[],,,,,,66,87,60,45,66,Standard competitor,Baseline market data,Mid-market,General Steam audience,Paid upfront,Comparable baseline,['loved-by-players'],[],"Hunt: Showdown 1896 is a standard competitor, opportunity score 66/100, 77% positive from 93,440 reviews, 8,377 current players.",Use as baseline competitor data; enrich with reviews for deeper sentiment intelligence.
352,2379780,Balatro,https://store.steampowered.com/app/2379780/Balatro/,"Feb 20, 2024",$14.99,1499,0.0,Overwhelmingly Positive,98.0,101052.0,"['windows', 'mac']",https://shared.fastly.steamstatic.com/store_item_assets/steam/apps/2379780/554b5f66f60e80b43f910cba21d23af16ed897be/capsule_231x87.jpg?t=1779304872,2026-06-03T01:59:38.565Z,7594.0,,,[],[],,,,,,66,100,60,45,69,Standard competitor,Baseline market data,Mid-market,General Steam audience,Paid upfront,Comparable baseline,['loved-by-players'],[],"Balatro is a standard competitor, opportunity score 69/100, 98% positive from 101,052 reviews, 7,594 current players.",Use as baseline competitor data; enrich with reviews for deeper sentiment intelligence.
353,3556750,"Warhammer 40,000: Dawn of War - Definitive Edition",https://store.steampowered.com/app/3556750/Warhammer_40000_Dawn_of_War__Definitive_Edition/,"Aug 14, 2025",$20.99,2099,30.0,Very Positive,85.0,6203.0,['windows'],https://shared.fastly.steamstatic.com/store_item_assets/steam/apps/3556750/c05bc617fc1714f914761bb9e4260e97e5954ef6/capsule_231x87.jpg?t=1779383177,2026-06-03T01:59:38.565Z,1158.0,,,[],[],,,,,,59,93,60,45,65,Loved niche title,Underserved audience clue,Promotional discount,General Steam audience,Paid upfront,Comparable baseline,['loved-by-players'],[],"Warhammer 40,000: Dawn of War - Definitive Edition is a loved niche title, opportunity score 65/100, 85% positive from 6,203 reviews, 1,158 current players, 30% discount.",Mine reviews for the exact language players use; niche love often exposes a product angle.
354,2215430,Ghost of Tsushima DIRECTOR'S CUT,https://store.steampowered.com/app/2215430/Ghost_of_Tsushima_DIRECTORS_CUT/,"May 16, 2024",$59.99,5999,0.0,Very Positive,93.0,37333.0,['windows'],https://shared.fastly.steamstatic.com/store_item_assets/steam/apps/2215430/capsule_231x87.jpg?t=1763409398,2026-06-03T01:59:38.566Z,2039.0,,,[],[],,,,,,63,100,50,45,66,Standard competitor,Baseline market data,Premium,General Steam audience,Paid upfront,Comparable baseline,['loved-by-players'],[],"Ghost of Tsushima DIRECTOR'S CUT is a standard competitor, opportunity score 66/100, 93% positive from 37,333 reviews, 2,039 current players.",Use as baseline competitor data; enrich with reviews for deeper sentiment intelligence.
355,4086760,Arcane Merchant,https://store.steampowered.com/app/4086760/Arcane_Merchant/,"Jun 1, 2026",$13.49,1349,10.0,Positive,83.0,49.0,['windows'],https://shared.fastly.steamstatic.com/store_item_assets/steam/apps/4086760/4fdaa24e8826704936054be5633a869dec8709dd/capsule_231x87.jpg?t=1780345651,2026-06-03T01:59:38.566Z,204.0,,,[],[],,,,,,45,86,60,55,60,Loved niche title,Underserved audience clue,Mid-market,General Steam audience,Paid upfront,Niche love - small but passionate audience,"['loved-by-players', 'fresh-release']",['low-review-confidence'],"Arcane Merchant is a loved niche title, opportunity score 60/100, 83% positive from 49 reviews, 204 current players, 10% discount.",Mine reviews for the exact language players use; niche love often exposes a product angle.
356,3483740,Cast n Chill,https://store.steampowered.com/app/3483740/Cast_n_Chill/,"Jun 16, 2025",$10.49,1049,30.0,Overwhelmingly Positive,96.0,4531.0,"['windows', 'mac']",https://shared.fastly.steamstatic.com/store_item_assets/steam/apps/3483740/69a88dc7c3311e0db03d43816ceb585f49295113/capsule_231x87.jpg?t=1779967332,2026-06-03T01:59:38.566Z,868.0,,,[],[],,,,,,58,100,60,45,66,Loved niche title,Underserved audience clue,Promotional discount,General Steam audience,Paid upfront,Comparable baseline,['loved-by-players'],[],"Cast n Chill is a loved niche title, opportunity score 66/100, 96% positive from 4,531 reviews, 868 current players, 30% discount.",Mine reviews for the exact language players use; niche love often exposes a product angle.
357,2353060,Invincible VS,https://store.steampowered.com/app/2353060/Invincible_VS/,"Apr 30, 2026",$49.99,4999,0.0,Mostly Positive,76.0,2125.0,['windows'],https://shared.fastly.steamstatic.com/store_item_assets/steam/apps/2353060/cc34d6912e7e38aef8a40fc7df107379b2a27330/capsule_231x87.jpg?t=1778289865,2026-06-03T01:59:38.566Z,302.0,,,[],[],,,,,,54,83,50,55,61,Standard competitor,Baseline market data,Premium,General Steam audience,Paid upfront,Comparable baseline,['fresh-release'],[],"Invincible VS is a standard competitor, opportunity score 61/100, 76% positive from 2,125 reviews, 302 current players.",Use as baseline competitor data; enrich with reviews for deeper sentiment intelligence.
358,356190,Middle-earth™: Shadow of War™,https://store.steampowered.com/app/356190/Middleearth_Shadow_of_War/,"Oct 9, 2017",$4.99,499,90.0,Very Positive,88.0,36093.0,['windows'],https://shared.fastly.steamstatic.com/store_item_assets/steam/apps/356190/capsule_231x87.jpg?t=1747346596,2026-06-03T01:59:38.566Z,1592.0,,,[],[],,,,,,63,97,90,45,73,Commercially aggressive,Pricing/monetization benchmark,Deep discount,General Steam audience,Discount-driven sales,Price pressure - competitor likely using discounts to drive rank,"['loved-by-players', 'aggressive-discounting']",[],"Middle-earth™: Shadow of War™ is a commercially aggressive, opportunity score 73/100, 88% positive from 36,093 reviews, 1,592 current players, 90% discount.","Compare discount depth, price tier, and monetization model against similar titles."
359,3486960,American Truck Simulator - Illinois,https://store.steampowered.com/app/3486960/American_Truck_Simulator__Illinois/,"May 14, 2026",$11.99,1199,0.0,Mostly Positive,79.0,174.0,"['windows', 'mac', 'linux']",https://shared.fastly.steamstatic.com/store_item_assets/steam/apps/3486960/990622824fa073663cef5c656a50b13552a4ad0a/capsule_231x87.jpg?t=1778915522,2026-06-03T01:59:38.566Z,0.0,,,[],[],,,,,,41,83,60,55,58,Standard competitor,Baseline market data,Mid-market,General Steam audience,Paid upfront,Comparable baseline,['fresh-release'],[],"American Truck Simulator - Illinois is a standard competitor, opportunity score 58/100, 79% positive from 174 reviews.",Use as baseline competitor data; enrich with reviews for deeper sentiment intelligence.
360,359320,Elite Dangerous,https://store.steampowered.com/app/359320/Elite_Dangerous/,"Apr 2, 2015",$5.99,599,70.0,Mostly Positive,76.0,52742.0,"['windows', 'vr']",https://shared.fastly.steamstatic.com/store_item_assets/steam/apps/359320/capsule_231x87.jpg?t=1759842966,2026-06-03T01:59:38.566Z,3953.0,,,[],[],,,,,,65,85,90,45,71,Commercially aggressive,Pricing/monetization benchmark,Deep discount,General Steam audience,Discount-driven sales,Price pressure - competitor likely using discounts to drive rank,"['loved-by-players', 'aggressive-discounting']",[],"Elite Dangerous is a commercially aggressive, opportunity score 71/100, 76% positive from 52,742 reviews, 3,953 current players, 70% discount.","Compare discount depth, price tier, and monetization model against similar titles."
361,1665460,eFootball™,https://store.steampowered.com/app/1665460/eFootball/,"Sep 29, 2021",Free,0,,Mixed,48.0,28500.0,['windows'],https://shared.fastly.steamstatic.com/store_item_assets/steam/apps/1665460/32e6faeb8844e658d09a09f02656fd40392e05dc/capsule_231x87.jpg?t=1779934985,2026-06-03T01:59:38.566Z,14374.0,,,[],[],,,,,,65,57,62,57,61,Standard competitor,Baseline market data,Free-to-play,General Steam audience,Free acquisition funnel,Comparable baseline,"['demand-quality-gap', 'free-to-play']",['weak-player-sentiment'],"eFootball™ is a standard competitor, opportunity score 61/100, 48% positive from 28,500 reviews, 14,374 current players.",Use as baseline competitor data; enrich with reviews for deeper sentiment intelligence.
362,1963610,Road to Vostok,https://store.steampowered.com/app/1963610/Road_to_Vostok/,"Apr 7, 2026",$19.99,1999,0.0,Very Positive,85.0,5279.0,['windows'],https://shared.fastly.steamstatic.com/store_item_assets/steam/apps/1963610/capsule_231x87.jpg?t=1775573759,2026-06-03T01:59:38.566Z,601.0,,,[],[],,,,,,57,92,60,55,66,Loved niche title,Underserved audience clue,Mid-market,General Steam audience,Paid upfront,Comparable baseline,"['loved-by-players', 'fresh-release']",[],"Road to Vostok is a loved niche title, opportunity score 66/100, 85% positive from 5,279 reviews, 601 current players.",Mine reviews for the exact language players use; niche love often exposes a product angle.
363,364360,Total War: WARHAMMER,https://store.steampowered.com/app/364360/Total_War_WARHAMMER/,"May 24, 2016",$45.00,5999,0.0,Very Positive,82.0,18128.0,"['windows', 'mac', 'linux']",https://shared.fastly.steamstatic.com/store_item_assets/steam/apps/364360/capsule_231x87.jpg?t=1780389642,2026-06-03T01:59:38.566Z,189.0,,,[],[],,,,,,58,91,50,45,62,Loved niche title,Underserved audience clue,Premium,General Steam audience,Paid upfront,Comparable baseline,['loved-by-players'],[],"Total War: WARHAMMER is a loved niche title, opportunity score 62/100, 82% positive from 18,128 reviews, 189 current players.",Mine reviews for the exact language players use; niche love often exposes a product angle.
364,2927200,Mount & Blade II: Bannerlord - War Sails,https://store.steampowered.com/app/2927200/Mount__Blade_II_Bannerlord__War_Sails/,"Nov 26, 2025",$24.99,2499,0.0,Mixed,54.0,2325.0,['windows'],https://shared.fastly.steamstatic.com/store_item_assets/steam/apps/2927200/7135a7884f42cd719fa463f2db147ffbed33f3a0/capsule_231x87.jpg?t=1779464737,2026-06-03T01:59:38.566Z,0.0,,,[],[],,,,,,47,61,60,45,53,Standard competitor,Baseline market data,Mid-market,General Steam audience,Paid upfront,Comparable baseline,[],['weak-player-sentiment'],"Mount & Blade II: Bannerlord - War Sails is a standard competitor, opportunity score 53/100, 54% positive from 2,325 reviews.",Use as baseline competitor data; enrich with reviews for deeper sentiment intelligence.
365,2670630,Supermarket Simulator,https://store.steampowered.com/app/2670630/Supermarket_Simulator/,"Jun 19, 2025",$19.99,1999,0.0,Very Positive,92.0,33514.0,"['windows', 'mac']",https://shared.fastly.steamstatic.com/store_item_assets/steam/apps/2670630/af5b359eff1a63720c22eb691a190501b5568571/capsule_231x87.jpg?t=1778755926,2026-06-03T01:59:38.566Z,2303.0,,,[],[],,,,,,63,100,60,45,68,Standard competitor,Baseline market data,Mid-market,General Steam audience,Paid upfront,Comparable baseline,['loved-by-players'],[],"Supermarket Simulator is a standard competitor, opportunity score 68/100, 92% positive from 33,514 reviews, 2,303 current players.",Use as baseline competitor data; enrich with reviews for deeper sentiment intelligence.
366,2567870,Chained Together,https://store.steampowered.com/app/2567870/Chained_Together/,"Jun 19, 2024",$3.99,399,20.0,Very Positive,91.0,19809.0,['windows'],https://shared.fastly.steamstatic.com/store_item_assets/steam/apps/2567870/capsule_231x87.jpg?t=1780398049,2026-06-03T01:59:38.566Z,1103.0,,,[],[],,,,,,61,100,65,45,68,Standard competitor,Baseline market data,Budget,General Steam audience,Paid upfront,Comparable baseline,['loved-by-players'],[],"Chained Together is a standard competitor, opportunity score 68/100, 91% positive from 19,809 reviews, 1,103 current players, 20% discount.",Use as baseline competitor data; enrich with reviews for deeper sentiment intelligence.
367,489630,"Warhammer 40,000: Gladius - Relics of War",https://store.steampowered.com/app/489630/Warhammer_40000_Gladius__Relics_of_War/,"Jul 12, 2018",$39.99,3999,0.0,Very Positive,81.0,5172.0,"['windows', 'linux']",https://shared.fastly.steamstatic.com/store_item_assets/steam/apps/489630/7db6a6cc6410a5d9e0c3c3b40a9ddb2b74bf575c/capsule_231x87.jpg?t=1779382255,2026-06-03T01:59:38.566Z,1823.0,,,[],[],,,,,,58,88,50,45,61,Loved niche title,Underserved audience clue,Premium,General Steam audience,Paid upfront,Comparable baseline,['loved-by-players'],[],"Warhammer 40,000: Gladius - Relics of War is a loved niche title, opportunity score 61/100, 81% positive from 5,172 reviews, 1,823 current players.",Mine reviews for the exact language players use; niche love often exposes a product angle.
368,2131680,METAL GEAR & METAL GEAR 2: Solid Snake,https://store.steampowered.com/app/2131680/METAL_GEAR__METAL_GEAR_2_Solid_Snake/,"Oct 24, 2023",$19.99,1999,0.0,Very Positive,84.0,651.0,['windows'],https://shared.fastly.steamstatic.com/store_item_assets/steam/apps/2131680/capsule_231x87.jpg?t=1724876235,2026-06-03T01:59:38.566Z,28.0,,,[],[],,,,,,48,90,60,45,60,Loved niche title,Underserved audience clue,Mid-market,General Steam audience,Paid upfront,Niche love - small but passionate audience,['loved-by-players'],[],"METAL GEAR & METAL GEAR 2: Solid Snake is a loved niche title, opportunity score 60/100, 84% positive from 651 reviews, 28 current players.",Mine reviews for the exact language players use; niche love often exposes a product angle.
369,2104890,RoadCraft,https://store.steampowered.com/app/2104890/RoadCraft/,"May 20, 2025",$23.99,2399,40.0,Mostly Positive,72.0,6624.0,['windows'],https://shared.fastly.steamstatic.com/store_item_assets/steam/apps/2104890/7ce99650fb029708a582cf1a9d4b483d09466af6/capsule_231x87.jpg?t=1779958802,2026-06-03T01:59:38.566Z,976.0,,,[],[],,,,,,58,80,75,45,64,Commercially aggressive,Pricing/monetization benchmark,Promotional discount,General Steam audience,Paid upfront,Comparable baseline,[],[],"RoadCraft is a commercially aggressive, opportunity score 64/100, 72% positive from 6,624 reviews, 976 current players, 40% discount.","Compare discount depth, price tier, and monetization model against similar titles."
370,202970,Call of Duty®: Black Ops II,https://store.steampowered.com/app/202970/Call_of_Duty_Black_Ops_II/,"Nov 12, 2012",$59.99,5999,0.0,Very Positive,84.0,12371.0,['windows'],https://shared.fastly.steamstatic.com/store_item_assets/steam/apps/202970/capsule_231x87.jpg?t=1748037715,2026-06-03T01:59:38.566Z,119.0,,,[],[],,,,,,56,92,50,45,62,Loved niche title,Underserved audience clue,Premium,General Steam audience,Paid upfront,Comparable baseline,['loved-by-players'],[],"Call of Duty®: Black Ops II is a loved niche title, opportunity score 62/100, 84% positive from 12,371 reviews, 119 current players.",Mine reviews for the exact language players use; niche love often exposes a product angle.
371,3180070,"No, I'm not a Human",https://store.steampowered.com/app/3180070/No_Im_not_a_Human/,"Sep 15, 2025",$14.99,1499,0.0,Very Positive,93.0,8988.0,['windows'],https://shared.fastly.steamstatic.com/store_item_assets/steam/apps/3180070/a0296bed6a8cc9d5effb1d1eebf55525b695bad7/capsule_231x87.jpg?t=1780307363,2026-06-03T01:59:38.566Z,344.0,,,[],[],,,,,,57,100,60,45,66,Loved niche title,Underserved audience clue,Mid-market,General Steam audience,Paid upfront,Comparable baseline,['loved-by-players'],[],"No, I'm not a Human is a loved niche title, opportunity score 66/100, 93% positive from 8,988 reviews, 344 current players.",Mine reviews for the exact language players use; niche love often exposes a product angle.
372,3046600,Onimusha 2: Samurai's Destiny,https://store.steampowered.com/app/3046600/Onimusha_2_Samurais_Destiny/,"Mar 22, 2025",$14.99,1499,50.0,Very Positive,86.0,533.0,['windows'],https://shared.fastly.steamstatic.com/store_item_assets/steam/apps/3046600/af42a3d8a847854dc1fe3c161f798f6050fe4547/capsule_231x87.jpg?t=1763712388,2026-06-03T01:59:38.566Z,28.0,,,[],[],,,,,,47,91,75,45,63,Commercially aggressive,Pricing/monetization benchmark,Promotional discount,General Steam audience,Discount-driven sales,Niche love - small but passionate audience,"['loved-by-players', 'aggressive-discounting']",[],"Onimusha 2: Samurai's Destiny is a commercially aggressive, opportunity score 63/100, 86% positive from 533 reviews, 28 current players, 50% discount.","Compare discount depth, price tier, and monetization model against similar titles."
373,2507950,Delta Force,https://store.steampowered.com/app/2507950/Delta_Force/,"Dec 4, 2024",Free,0,,Mixed,65.0,66313.0,['windows'],https://shared.fastly.steamstatic.com/store_item_assets/steam/apps/2507950/913bcf016304ba1723b743a51f888346e1c9a25b/capsule_231x87_alt_assets_11.jpg?t=1779265091,2026-06-03T01:59:38.566Z,42303.0,,,[],[],,,,,,67,75,62,57,66,Standard competitor,Baseline market data,Free-to-play,General Steam audience,Free acquisition funnel,Comparable baseline,"['demand-quality-gap', 'free-to-play']",['weak-player-sentiment'],"Delta Force is a standard competitor, opportunity score 66/100, 65% positive from 66,313 reviews, 42,303 current players.",Use as baseline competitor data; enrich with reviews for deeper sentiment intelligence.
374,2325290,Sky: Children of the Light,https://store.steampowered.com/app/2325290/Sky_Children_of_the_Light/,"Apr 10, 2024",Free,0,,Very Positive,86.0,11268.0,['windows'],https://shared.fastly.steamstatic.com/store_item_assets/steam/apps/2325290/ddd918fcf5f5e2089db0acd0cf9d5028a6bc8f21/capsule_231x87.jpg?t=1779837720,2026-06-03T01:59:38.566Z,2791.0,,,[],[],,,,,,60,94,62,45,66,Standard competitor,Baseline market data,Free-to-play,General Steam audience,Free acquisition funnel,Comparable baseline,"['loved-by-players', 'free-to-play']",[],"Sky: Children of the Light is a standard competitor, opportunity score 66/100, 86% positive from 11,268 reviews, 2,791 current players.",Use as baseline competitor data; enrich with reviews for deeper sentiment intelligence.
375,2294660,The Quinfall,https://store.steampowered.com/app/2294660/The_Quinfall/,"Feb 6, 2026",$9.99,999,0.0,Mixed,52.0,3199.0,['windows'],https://shared.fastly.steamstatic.com/store_item_assets/steam/apps/2294660/045f4cfe3b0cc528381e2ab78d4c63482f279167/capsule_231x87.jpg?t=1773702812,2026-06-03T01:59:38.566Z,1549.0,,,[],[],,,,,,57,59,65,45,57,Standard competitor,Baseline market data,Budget,General Steam audience,Paid upfront,Comparable baseline,[],['weak-player-sentiment'],"The Quinfall is a standard competitor, opportunity score 57/100, 52% positive from 3,199 reviews, 1,549 current players.",Use as baseline competitor data; enrich with reviews for deeper sentiment intelligence.
376,379430,Kingdom Come: Deliverance,https://store.steampowered.com/app/379430/Kingdom_Come_Deliverance/,"Feb 13, 2018",$5.99,599,80.0,Very Positive,83.0,62343.0,['windows'],https://shared.fastly.steamstatic.com/store_item_assets/steam/apps/379430/fa82785b12a0eecc4c37668f746feead770b9379/capsule_231x87.jpg?t=1770998376,2026-06-03T01:59:38.566Z,2898.0,,,[],[],,,,,,64,93,90,45,73,Commercially aggressive,Pricing/monetization benchmark,Deep discount,General Steam audience,Discount-driven sales,Price pressure - competitor likely using discounts to drive rank,"['loved-by-players', 'aggressive-discounting']",[],"Kingdom Come: Deliverance is a commercially aggressive, opportunity score 73/100, 83% positive from 62,343 reviews, 2,898 current players, 80% discount.","Compare discount depth, price tier, and monetization model against similar titles."
377,1525290,OddFauna : Secret of the Terrabeast,https://store.steampowered.com/app/1525290/OddFauna__Secret_of_the_Terrabeast/,"Jun 2, 2026",$24.99,2499,0.0,,,,['windows'],https://shared.fastly.steamstatic.com/store_item_assets/steam/apps/1525290/5985eadf3cedca1ba4c07b25da358b283299e637/capsule_231x87.jpg?t=1780419763,2026-06-03T01:59:38.566Z,52.0,,,[],[],,,,,,33,35,60,55,43,Standard competitor,Baseline market data,Mid-market,General Steam audience,Paid upfront,Comparable baseline,['fresh-release'],['review-data-missing-or-not-yet-established'],"OddFauna : Secret of the Terrabeast is a standard competitor, opportunity score 43/100, 52 current players.",Use as baseline competitor data; enrich with reviews for deeper sentiment intelligence.
378,3224770,Umamusume: Pretty Derby,https://store.steampowered.com/app/3224770/Umamusume_Pretty_Derby/,"Jun 24, 2025",Free,0,,Very Positive,93.0,39884.0,['windows'],https://shared.fastly.steamstatic.com/store_item_assets/steam/apps/3224770/8ec1b9ecbdf9af10a1c21aaf1b2a2f3be58bf097/capsule_231x87.jpg?t=1773306345,2026-06-03T01:59:38.566Z,6256.0,,,[],[],,,,,,64,100,62,45,69,Standard competitor,Baseline market data,Free-to-play,General Steam audience,Free acquisition funnel,Comparable baseline,"['loved-by-players', 'free-to-play']",[],"Umamusume: Pretty Derby is a standard competitor, opportunity score 69/100, 93% positive from 39,884 reviews, 6,256 current players.",Use as baseline competitor data; enrich with reviews for deeper sentiment intelligence.
379,2531310,The Last of Us™ Part II Remastered,https://store.steampowered.com/app/2531310/The_Last_of_Us_Part_II_Remastered/,"Apr 3, 2025",$49.99,4999,0.0,Very Positive,91.0,13257.0,['windows'],https://shared.fastly.steamstatic.com/store_item_assets/steam/apps/2531310/29904ca69ae022479d64207cc40ce549d0a68acb/capsule_231x87.jpg?t=1750959180,2026-06-03T01:59:38.566Z,1273.0,,,[],[],,,,,,59,99,50,45,64,Loved niche title,Underserved audience clue,Premium,General Steam audience,Paid upfront,Comparable baseline,['loved-by-players'],[],"The Last of Us™ Part II Remastered is a loved niche title, opportunity score 64/100, 91% positive from 13,257 reviews, 1,273 current players.",Mine reviews for the exact language players use; niche love often exposes a product angle.
380,1284190,The Planet Crafter,https://store.steampowered.com/app/1284190/The_Planet_Crafter/,"Apr 10, 2024",$23.99,2399,0.0,Overwhelmingly Positive,95.0,35793.0,['windows'],https://shared.fastly.steamstatic.com/store_item_assets/steam/apps/1284190/222d70290d7be33cd553e4767871371828738af9/capsule_231x87.jpg?t=1774532885,2026-06-03T01:59:38.566Z,2655.0,,,[],[],,,,,,62,100,60,45,68,Standard competitor,Baseline market data,Mid-market,General Steam audience,Paid upfront,Comparable baseline,['loved-by-players'],[],"The Planet Crafter is a standard competitor, opportunity score 68/100, 95% positive from 35,793 reviews, 2,655 current players.",Use as baseline competitor data; enrich with reviews for deeper sentiment intelligence.
381,2996040,Teenage Mutant Ninja Turtles: Splintered Fate,https://store.steampowered.com/app/2996040/Teenage_Mutant_Ninja_Turtles_Splintered_Fate/,"Nov 6, 2024",$7.49,749,75.0,Very Positive,85.0,2279.0,['windows'],https://shared.fastly.steamstatic.com/store_item_assets/steam/apps/2996040/a5a19cb7fddef4eb44a93d9c68e55f0c546ed1dc/capsule_231x87.jpg?t=1779383215,2026-06-03T01:59:38.567Z,289.0,,,[],[],,,,,,53,92,90,45,69,Commercially aggressive,Pricing/monetization benchmark,Deep discount,General Steam audience,Discount-driven sales,Price pressure - competitor likely using discounts to drive rank,"['loved-by-players', 'aggressive-discounting']",[],"Teenage Mutant Ninja Turtles: Splintered Fate is a commercially aggressive, opportunity score 69/100, 85% positive from 2,279 reviews, 289 current players, 75% discount.","Compare discount depth, price tier, and monetization model against similar titles."
382,3070070,TCG Card Shop Simulator,https://store.steampowered.com/app/3070070/TCG_Card_Shop_Simulator/,"Sep 15, 2024",$12.99,1299,0.0,Overwhelmingly Positive,97.0,32376.0,['windows'],https://shared.fastly.steamstatic.com/store_item_assets/steam/apps/3070070/b3dae7c79dfb4381561d0ee466dde3d2f41246c8/capsule_231x87.jpg?t=1762475483,2026-06-03T01:59:38.567Z,2232.0,,,[],[],,,,,,62,100,60,45,68,Standard competitor,Baseline market data,Mid-market,General Steam audience,Paid upfront,Comparable baseline,['loved-by-players'],[],"TCG Card Shop Simulator is a standard competitor, opportunity score 68/100, 97% positive from 32,376 reviews, 2,232 current players.",Use as baseline competitor data; enrich with reviews for deeper sentiment intelligence.
383,2634890,MARVEL vs. CAPCOM Fighting Collection: Arcade Classics,https://store.steampowered.com/app/2634890/MARVEL_vs_CAPCOM_Fighting_Collection_Arcade_Classics/,"Sep 11, 2024",$19.99,1999,60.0,Very Positive,93.0,1901.0,['windows'],https://shared.fastly.steamstatic.com/store_item_assets/steam/apps/2634890/727e7bfb4be8c4eea984cc9feab5662323a95b5c/capsule_231x87.jpg?t=1745452970,2026-06-03T01:59:38.567Z,138.0,,,[],[],,,,,,52,100,75,45,67,Commercially aggressive,Pricing/monetization benchmark,Promotional discount,General Steam audience,Discount-driven sales,Comparable baseline,"['loved-by-players', 'aggressive-discounting']",[],"MARVEL vs. CAPCOM Fighting Collection: Arcade Classics is a commercially aggressive, opportunity score 67/100, 93% positive from 1,901 reviews, 138 current players, 60% discount.","Compare discount depth, price tier, and monetization model against similar titles."
384,3110760,Alabaster Dawn,https://store.steampowered.com/app/3110760/Alabaster_Dawn/,"May 7, 2026",$24.99,2499,0.0,Overwhelmingly Positive,95.0,1776.0,"['windows', 'linux']",https://shared.fastly.steamstatic.com/store_item_assets/steam/apps/3110760/6d0608220ab5a84b3c7659756416e65e8811a33e/capsule_231x87.jpg?t=1778168918,2026-06-03T01:59:38.567Z,152.0,,,[],[],,,,,,52,100,60,55,66,Loved niche title,Underserved audience clue,Mid-market,General Steam audience,Paid upfront,Comparable baseline,"['loved-by-players', 'fresh-release']",[],"Alabaster Dawn is a loved niche title, opportunity score 66/100, 95% positive from 1,776 reviews, 152 current players.",Mine reviews for the exact language players use; niche love often exposes a product angle.
385,371970,Barony,https://store.steampowered.com/app/371970/Barony/,"Jun 23, 2015",$19.99,1999,0.0,Very Positive,91.0,8542.0,"['windows', 'mac', 'linux']",https://shared.fastly.steamstatic.com/store_item_assets/steam/apps/371970/dbf26f8eaf1174caa3c266a5194734cdddc4e491/capsule_231x87.jpg?t=1769704265,2026-06-03T01:59:38.567Z,700.0,,,[],[],,,,,,57,99,60,45,66,Loved niche title,Underserved audience clue,Mid-market,General Steam audience,Paid upfront,Comparable baseline,['loved-by-players'],[],"Barony is a loved niche title, opportunity score 66/100, 91% positive from 8,542 reviews, 700 current players.",Mine reviews for the exact language players use; niche love often exposes a product angle.
386,2904040,Cheap Car Repair,https://store.steampowered.com/app/2904040/Cheap_Car_Repair/,"May 28, 2026",$14.22,1476,54.0,Very Positive,91.0,1261.0,['windows'],https://shared.fastly.steamstatic.com/store_item_assets/steam/apps/2904040/9304517f41be9f792616594aa964d08c9c07455b/capsule_231x87.jpg?t=1779977714,2026-06-03T01:59:38.567Z,548.0,,,[],[],,,,,,53,97,75,55,69,Commercially aggressive,Pricing/monetization benchmark,Promotional discount,General Steam audience,Discount-driven sales,Comparable baseline,"['loved-by-players', 'aggressive-discounting', 'fresh-release']",[],"Cheap Car Repair is a commercially aggressive, opportunity score 69/100, 91% positive from 1,261 reviews, 548 current players, 54% discount.","Compare discount depth, price tier, and monetization model against similar titles."
387,805550,Assetto Corsa Competizione,https://store.steampowered.com/app/805550/Assetto_Corsa_Competizione/,"May 29, 2019",$39.99,3999,0.0,Very Positive,92.0,13981.0,"['windows', 'vr']",https://shared.fastly.steamstatic.com/store_item_assets/steam/apps/805550/capsule_231x87.jpg?t=1766404577,2026-06-03T01:59:38.567Z,1410.0,,,[],[],,,,,,59,100,50,45,65,Loved niche title,Underserved audience clue,Premium,General Steam audience,Paid upfront,Comparable baseline,['loved-by-players'],[],"Assetto Corsa Competizione is a loved niche title, opportunity score 65/100, 92% positive from 13,981 reviews, 1,410 current players.",Mine reviews for the exact language players use; niche love often exposes a product angle.
388,444200,World of Tanks Blitz,https://store.steampowered.com/app/444200/World_of_Tanks_Blitz/,"Nov 9, 2016",Free,0,,Mostly Positive,74.0,24348.0,"['windows', 'mac']",https://shared.fastly.steamstatic.com/store_item_assets/steam/apps/444200/04fc4abfe58c7934bbfc12830d9975210846c815/capsule_231x87.jpg?t=1779384119,2026-06-03T01:59:38.567Z,1755.0,,,[],[],,,,,,60,83,62,45,63,Standard competitor,Baseline market data,Free-to-play,General Steam audience,Free acquisition funnel,Comparable baseline,['free-to-play'],[],"World of Tanks Blitz is a standard competitor, opportunity score 63/100, 74% positive from 24,348 reviews, 1,755 current players.",Use as baseline competitor data; enrich with reviews for deeper sentiment intelligence.
389,4424920,ARC Raiders - The Wasp Hunter Set,https://store.steampowered.com/app/4424920/ARC_Raiders__The_Wasp_Hunter_Set/,"Mar 31, 2026",$20.00,2000,0.0,Very Positive,91.0,61.0,['windows'],https://shared.fastly.steamstatic.com/store_item_assets/steam/apps/4424920/106bbf677ea098c0779a2b164e6b662ccc57ed12/capsule_231x87.jpg?t=1775596405,2026-06-03T01:59:38.567Z,0.0,,,[],[],,,,,,37,95,60,55,60,Loved niche title,Underserved audience clue,Mid-market,General Steam audience,Paid upfront,Niche love - small but passionate audience,"['loved-by-players', 'fresh-release']",['low-review-confidence'],"ARC Raiders - The Wasp Hunter Set is a loved niche title, opportunity score 60/100, 91% positive from 61 reviews.",Mine reviews for the exact language players use; niche love often exposes a product angle.
390,4090980,Escape from Tarkov - The Unheard Steam Edition Expansion Pack,https://store.steampowered.com/app/4090980/Escape_from_Tarkov__The_Unheard_Steam_Edition_Expansion_Pack/,"May 20, 2026",,0,,Very Positive,87.0,66.0,['windows'],https://shared.fastly.steamstatic.com/store_item_assets/steam/apps/4090980/7ef72070491f015f43b85d96e908614bab55bf7c/capsule_231x87.jpg?t=1779294515,2026-06-03T01:59:38.567Z,0.0,,,[],[],,,,,,37,91,50,55,57,Loved niche title,Underserved audience clue,Unknown price,General Steam audience,Paid upfront,Niche love - small but passionate audience,"['loved-by-players', 'fresh-release']","['price-not-visible', 'low-review-confidence']","Escape from Tarkov - The Unheard Steam Edition Expansion Pack is a loved niche title, opportunity score 57/100, 87% positive from 66 reviews.",Mine reviews for the exact language players use; niche love often exposes a product angle.
391,2879840,Escape Simulator 2,https://store.steampowered.com/app/2879840/Escape_Simulator_2/,"Oct 27, 2025",$15.99,1599,20.0,Very Positive,92.0,1749.0,"['windows', 'mac']",https://shared.fastly.steamstatic.com/store_item_assets/steam/apps/2879840/0a61cc7ecdad4b45924863568e8c246ee2ca7841/capsule_231x87_alt_assets_1.jpg?t=1779989310,2026-06-03T01:59:38.567Z,573.0,,,[],[],,,,,,53,98,60,45,64,Loved niche title,Underserved audience clue,Mid-market,General Steam audience,Paid upfront,Comparable baseline,['loved-by-players'],[],"Escape Simulator 2 is a loved niche title, opportunity score 64/100, 92% positive from 1,749 reviews, 573 current players, 20% discount.",Mine reviews for the exact language players use; niche love often exposes a product angle.
392,107410,Arma 3,https://store.steampowered.com/app/107410/Arma_3/,"Sep 12, 2013",$29.99,2999,0.0,Very Positive,91.0,110499.0,"['windows', 'mac']",https://shared.fastly.steamstatic.com/store_item_assets/steam/apps/107410/capsule_231x87.jpg?t=1777566947,2026-06-03T01:59:38.567Z,5707.0,,,[],[],,,,,,64,100,60,45,68,Standard competitor,Baseline market data,Mid-market,General Steam audience,Paid upfront,Comparable baseline,['loved-by-players'],[],"Arma 3 is a standard competitor, opportunity score 68/100, 91% positive from 110,499 reviews, 5,707 current players.",Use as baseline competitor data; enrich with reviews for deeper sentiment intelligence.
393,1272080,PAYDAY 3,https://store.steampowered.com/app/1272080/PAYDAY_3/,"Sep 21, 2023",$19.79,1979,67.0,Mixed,43.0,31182.0,['windows'],https://shared.fastly.steamstatic.com/store_item_assets/steam/apps/1272080/d9dee2bbe5a522ae555b62ac651230370cc23542/capsule_231x87_alt_assets_10.jpg?t=1779192452,2026-06-03T01:59:38.567Z,652.0,,,[],[],,,,,,60,52,75,45,58,Commercially aggressive,Pricing/monetization benchmark,Promotional discount,General Steam audience,Discount-driven sales,Comparable baseline,['aggressive-discounting'],['weak-player-sentiment'],"PAYDAY 3 is a commercially aggressive, opportunity score 58/100, 43% positive from 31,182 reviews, 652 current players, 67% discount.","Compare discount depth, price tier, and monetization model against similar titles."
394,1746860,The Elder Scrolls V: Skyrim Anniversary Upgrade,https://store.steampowered.com/app/1746860/The_Elder_Scrolls_V_Skyrim_Anniversary_Upgrade/,"Nov 10, 2021",$9.99,999,50.0,Mixed,48.0,4154.0,['windows'],https://shared.fastly.steamstatic.com/store_item_assets/steam/apps/1746860/capsule_231x87.jpg?t=1726757961,2026-06-03T01:59:38.567Z,0.0,,,[],[],,,,,,47,55,80,45,55,Commercially aggressive,Pricing/monetization benchmark,Promotional discount,General Steam audience,Discount-driven sales,Comparable baseline,['aggressive-discounting'],['weak-player-sentiment'],"The Elder Scrolls V: Skyrim Anniversary Upgrade is a commercially aggressive, opportunity score 55/100, 48% positive from 4,154 reviews, 50% discount.","Compare discount depth, price tier, and monetization model against similar titles."
395,2168680,Nuclear Option,https://store.steampowered.com/app/2168680/Nuclear_Option/,"Oct 15, 2023",$19.99,1999,0.0,Overwhelmingly Positive,95.0,7070.0,['windows'],https://shared.fastly.steamstatic.com/store_item_assets/steam/apps/2168680/23d24a19fe1887319d49309bb307d416f263304d/capsule_231x87.jpg?t=1779673669,2026-06-03T01:59:38.567Z,882.0,,,[],[],,,,,,57,100,60,45,66,Loved niche title,Underserved audience clue,Mid-market,General Steam audience,Paid upfront,Comparable baseline,['loved-by-players'],[],"Nuclear Option is a loved niche title, opportunity score 66/100, 95% positive from 7,070 reviews, 882 current players.",Mine reviews for the exact language players use; niche love often exposes a product angle.
396,3022790,RimWorld - Odyssey,https://store.steampowered.com/app/3022790/RimWorld__Odyssey/,"Jul 11, 2025",$24.99,2499,0.0,Very Positive,92.0,1972.0,"['windows', 'mac', 'linux']",https://shared.fastly.steamstatic.com/store_item_assets/steam/apps/3022790/0ec2e24dc7d478bef541ef6f93ec7d24a1f8cffd/capsule_231x87.jpg?t=1776266857,2026-06-03T01:59:38.567Z,0.0,,,[],[],,,,,,45,99,60,45,62,Loved niche title,Underserved audience clue,Mid-market,General Steam audience,Paid upfront,Niche love - small but passionate audience,['loved-by-players'],[],"RimWorld - Odyssey is a loved niche title, opportunity score 62/100, 92% positive from 1,972 reviews.",Mine reviews for the exact language players use; niche love often exposes a product angle.
397,1044720,Farthest Frontier,https://store.steampowered.com/app/1044720/Farthest_Frontier/,"Oct 23, 2025",$19.24,1924,45.0,Very Positive,86.0,10630.0,['windows'],https://shared.fastly.steamstatic.com/store_item_assets/steam/apps/1044720/8df0acfcb12034d958a52c17fd07868bdf076f70/capsule_231x87.jpg?t=1774274689,2026-06-03T01:59:38.567Z,1785.0,,,[],[],,,,,,58,94,75,45,68,Commercially aggressive,Pricing/monetization benchmark,Promotional discount,General Steam audience,Paid upfront,Comparable baseline,['loved-by-players'],[],"Farthest Frontier is a commercially aggressive, opportunity score 68/100, 86% positive from 10,630 reviews, 1,785 current players, 45% discount.","Compare discount depth, price tier, and monetization model against similar titles."
398,368500,Assassin's Creed® Syndicate,https://store.steampowered.com/app/368500/Assassins_Creed_Syndicate/,"Nov 18, 2015",$7.49,749,75.0,Mostly Positive,78.0,10005.0,['windows'],https://shared.fastly.steamstatic.com/store_item_assets/steam/apps/368500/capsule_231x87.jpg?t=1766772262,2026-06-03T01:59:38.567Z,342.0,,,[],[],,,,,,56,86,90,45,68,Commercially aggressive,Pricing/monetization benchmark,Deep discount,General Steam audience,Discount-driven sales,Price pressure - competitor likely using discounts to drive rank,"['loved-by-players', 'aggressive-discounting']",[],"Assassin's Creed® Syndicate is a commercially aggressive, opportunity score 68/100, 78% positive from 10,005 reviews, 342 current players, 75% discount.","Compare discount depth, price tier, and monetization model against similar titles."
399,3710910,"Warhammer 40,000: Darktide - Arbites Class",https://store.steampowered.com/app/3710910/Warhammer_40000_Darktide__Arbites_Class/,"Jun 23, 2025",$7.79,779,35.0,Mixed,64.0,1248.0,['windows'],https://shared.fastly.steamstatic.com/store_item_assets/steam/apps/3710910/991f1342131bf5c810d294dc391fe42fdbe7d266/capsule_231x87.jpg?t=1763488422,2026-06-03T01:59:38.567Z,0.0,,,[],[],,,,,,44,70,65,45,55,Standard competitor,Baseline market data,Promotional discount,General Steam audience,Paid upfront,Comparable baseline,[],['weak-player-sentiment'],"Warhammer 40,000: Darktide - Arbites Class is a standard competitor, opportunity score 55/100, 64% positive from 1,248 reviews, 35% discount.",Use as baseline competitor data; enrich with reviews for deeper sentiment intelligence.
400,268910,Cuphead,https://store.steampowered.com/app/268910/Cuphead/,"Sep 29, 2017",$19.99,1999,0.0,Overwhelmingly Positive,96.0,63206.0,"['windows', 'mac']",https://shared.fastly.steamstatic.com/store_item_assets/steam/apps/268910/capsule_231x87.jpg?t=1709068852,2026-06-03T01:59:38.567Z,1712.0,,,[],[],,,,,,62,100,60,45,68,Standard competitor,Baseline market data,Mid-market,General Steam audience,Paid upfront,Comparable baseline,['loved-by-players'],[],"Cuphead is a standard competitor, opportunity score 68/100, 96% positive from 63,206 reviews, 1,712 current players.",Use as baseline competitor data; enrich with reviews for deeper sentiment intelligence.
401,1629520,A Little to the Left,https://store.steampowered.com/app/1629520/A_Little_to_the_Left/,"Nov 8, 2022",$5.99,599,60.0,Very Positive,92.0,9670.0,"['windows', 'mac']",https://shared.fastly.steamstatic.com/store_item_assets/steam/apps/1629520/capsule_231x87.jpg?t=1779988692,2026-06-03T02:00:28.059Z,508.0,,,[],[],,,,,,56,100,80,45,70,Commercially aggressive,Pricing/monetization benchmark,Promotional discount,General Steam audience,Discount-driven sales,Comparable baseline,"['loved-by-players', 'aggressive-discounting']",[],"A Little to the Left is a commercially aggressive, opportunity score 70/100, 92% positive from 9,670 reviews, 508 current players, 60% discount.","Compare discount depth, price tier, and monetization model against similar titles."
402,1888930,The Last of Us™ Part I,https://store.steampowered.com/app/1888930/The_Last_of_Us_Part_I/,"Mar 28, 2023",$59.99,5999,0.0,Very Positive,83.0,27864.0,['windows'],https://shared.fastly.steamstatic.com/store_item_assets/steam/apps/1888930/capsule_231x87.jpg?t=1750959031,2026-06-03T02:00:28.059Z,922.0,,,[],[],,,,,,60,92,50,45,63,Standard competitor,Baseline market data,Premium,General Steam audience,Paid upfront,Comparable baseline,['loved-by-players'],[],"The Last of Us™ Part I is a standard competitor, opportunity score 63/100, 83% positive from 27,864 reviews, 922 current players.",Use as baseline competitor data; enrich with reviews for deeper sentiment intelligence.
403,529340,Victoria 3,https://store.steampowered.com/app/529340/Victoria_3/,"Oct 25, 2022",$49.99,4999,0.0,Mostly Positive,70.0,20295.0,"['windows', 'mac', 'linux']",https://shared.fastly.steamstatic.com/store_item_assets/steam/apps/529340/d72c006e9ca7e63defc3c71c7985e32711505ac3/capsule_231x87_alt_assets_9.jpg?t=1777914005,2026-06-03T02:00:28.059Z,4910.0,,,[],[],,,,,,61,79,50,45,60,Standard competitor,Baseline market data,Premium,General Steam audience,Paid upfront,Comparable baseline,[],[],"Victoria 3 is a standard competitor, opportunity score 60/100, 70% positive from 20,295 reviews, 4,910 current players.",Use as baseline competitor data; enrich with reviews for deeper sentiment intelligence.
404,2016590,Dark and Darker,https://store.steampowered.com/app/2016590/Dark_and_Darker/,"Jun 7, 2024",Free,0,,Mixed,66.0,46484.0,['windows'],https://shared.fastly.steamstatic.com/store_item_assets/steam/apps/2016590/capsule_231x87.jpg?t=1777389390,2026-06-03T02:00:28.059Z,7656.0,,,[],[],,,,,,63,75,62,45,62,Standard competitor,Baseline market data,Free-to-play,General Steam audience,Free acquisition funnel,Comparable baseline,['free-to-play'],['weak-player-sentiment'],"Dark and Darker is a standard competitor, opportunity score 62/100, 66% positive from 46,484 reviews, 7,656 current players.",Use as baseline competitor data; enrich with reviews for deeper sentiment intelligence.
405,289070,Sid Meier’s Civilization® VI,https://store.steampowered.com/app/289070/Sid_Meiers_Civilization_VI/,"Oct 20, 2016",$59.99,5999,0.0,Very Positive,84.0,106312.0,"['windows', 'mac', 'linux']",https://shared.fastly.steamstatic.com/store_item_assets/steam/apps/289070/capsule_231x87.jpg?t=1740607040,2026-06-03T02:00:28.059Z,21975.0,,,[],[],,,,,,65,94,50,57,68,Standard competitor,Baseline market data,Premium,General Steam audience,Paid upfront,Comparable baseline,['loved-by-players'],[],"Sid Meier’s Civilization® VI is a standard competitor, opportunity score 68/100, 84% positive from 106,312 reviews, 21,975 current players.",Use as baseline competitor data; enrich with reviews for deeper sentiment intelligence.
406,292030,The Witcher 3: Wild Hunt,https://store.steampowered.com/app/292030/The_Witcher_3_Wild_Hunt/,"May 18, 2015",$39.99,3999,0.0,Overwhelmingly Positive,96.0,236034.0,['windows'],https://shared.fastly.steamstatic.com/store_item_assets/steam/apps/292030/abf6e7b3b01ed20c35a8dc0a009a8f9fc3e57b93/capsule_231x87.jpg?t=1768303991,2026-06-03T02:00:28.059Z,9139.0,,,[],[],,,,,,64,100,50,45,66,Standard competitor,Baseline market data,Premium,General Steam audience,Paid upfront,Comparable baseline,['loved-by-players'],[],"The Witcher 3: Wild Hunt is a standard competitor, opportunity score 66/100, 96% positive from 236,034 reviews, 9,139 current players.",Use as baseline competitor data; enrich with reviews for deeper sentiment intelligence.
407,1435790,Escape Simulator,https://store.steampowered.com/app/1435790/Escape_Simulator/,"Oct 19, 2021",$11.99,1199,40.0,Overwhelmingly Positive,95.0,8869.0,"['windows', 'mac', 'vr']",https://shared.fastly.steamstatic.com/store_item_assets/steam/apps/1435790/cf9cec174c5ff6778a1b04be21febeb06db3190f/capsule_231x87_alt_assets_21.jpg?t=1779831582,2026-06-03T02:00:28.059Z,405.0,,,[],[],,,,,,55,100,75,45,68,Commercially aggressive,Pricing/monetization benchmark,Promotional discount,General Steam audience,Paid upfront,Comparable baseline,['loved-by-players'],[],"Escape Simulator is a commercially aggressive, opportunity score 68/100, 95% positive from 8,869 reviews, 405 current players, 40% discount.","Compare discount depth, price tier, and monetization model against similar titles."
408,3936730,STARDUST: Wish of Witch,https://store.steampowered.com/app/3936730/STARDUST_Wish_of_Witch/,"May 28, 2026",$22.49,2249,10.0,Very Positive,81.0,332.0,['windows'],https://shared.fastly.steamstatic.com/store_item_assets/steam/apps/3936730/f8a851aa7ac4b025579411c7d143ceddadd555d8/capsule_231x87.jpg?t=1780330501,2026-06-03T02:00:28.059Z,277.0,,,[],[],,,,,,47,86,60,55,61,Loved niche title,Underserved audience clue,Mid-market,General Steam audience,Paid upfront,Niche love - small but passionate audience,"['loved-by-players', 'fresh-release']",[],"STARDUST: Wish of Witch is a loved niche title, opportunity score 61/100, 81% positive from 332 reviews, 277 current players, 10% discount.",Mine reviews for the exact language players use; niche love often exposes a product angle.
409,655500,MX Bikes,https://store.steampowered.com/app/655500/MX_Bikes/,"Oct 7, 2019",$34.99,3499,0.0,Very Positive,94.0,24674.0,['windows'],https://shared.fastly.steamstatic.com/store_item_assets/steam/apps/655500/capsule_231x87.jpg?t=1700586164,2026-06-03T02:00:28.060Z,3517.0,,,[],[],,,,,,60,100,50,45,65,Standard competitor,Baseline market data,Premium,General Steam audience,Paid upfront,Comparable baseline,['loved-by-players'],[],"MX Bikes is a standard competitor, opportunity score 65/100, 94% positive from 24,674 reviews, 3,517 current players.",Use as baseline competitor data; enrich with reviews for deeper sentiment intelligence.
410,2358720,Black Myth: Wukong,https://store.steampowered.com/app/2358720/Black_Myth_Wukong/,"Aug 19, 2024",$59.99,5999,0.0,Very Positive,93.0,69233.0,['windows'],https://shared.fastly.steamstatic.com/store_item_assets/steam/apps/2358720/b7f722ddd5e23503f598586aa3700dd4d827bb2d/capsule_231x87.jpg?t=1760601605,2026-06-03T02:00:28.060Z,3886.0,,,[],[],,,,,,62,100,50,45,66,Standard competitor,Baseline market data,Premium,General Steam audience,Paid upfront,Comparable baseline,['loved-by-players'],[],"Black Myth: Wukong is a standard competitor, opportunity score 66/100, 93% positive from 69,233 reviews, 3,886 current players.",Use as baseline competitor data; enrich with reviews for deeper sentiment intelligence.
411,645390,Factorio: Space Age,https://store.steampowered.com/app/645390/Factorio_Space_Age/,"Oct 21, 2024",$35.00,3500,0.0,Very Positive,91.0,4190.0,"['windows', 'mac', 'linux']",https://shared.fastly.steamstatic.com/store_item_assets/steam/apps/645390/capsule_231x87.jpg?t=1729525903,2026-06-03T02:00:28.060Z,0.0,,,[],[],,,,,,46,98,50,45,60,Loved niche title,Underserved audience clue,Premium,General Steam audience,Paid upfront,Niche love - small but passionate audience,['loved-by-players'],[],"Factorio: Space Age is a loved niche title, opportunity score 60/100, 91% positive from 4,190 reviews.",Mine reviews for the exact language players use; niche love often exposes a product angle.
412,2948190,World of Sea Battle,https://store.steampowered.com/app/2948190/World_of_Sea_Battle/,"Oct 21, 2025",Free,0,,Mostly Positive,71.0,2834.0,['windows'],https://shared.fastly.steamstatic.com/store_item_assets/steam/apps/2948190/136d2fc65f81dcc895a4b10633b0e95830c79a6c/capsule_231x87.jpg?t=1773844559,2026-06-03T02:00:28.060Z,1483.0,,,[],[],,,,,,54,78,62,45,60,Standard competitor,Baseline market data,Free-to-play,General Steam audience,Free acquisition funnel,Comparable baseline,['free-to-play'],[],"World of Sea Battle is a standard competitor, opportunity score 60/100, 71% positive from 2,834 reviews, 1,483 current players.",Use as baseline competitor data; enrich with reviews for deeper sentiment intelligence.
413,4439260,Forza Horizon 6 Welcome Pack,https://store.steampowered.com/app/4439260/Forza_Horizon_6_Welcome_Pack/,"May 18, 2026",$4.99,499,0.0,Positive,90.0,41.0,['windows'],https://shared.fastly.steamstatic.com/store_item_assets/steam/apps/4439260/b1c3a54632b2757b715fc762e61272df23708ef0/capsule_231x87.jpg?t=1779162776,2026-06-03T02:00:28.060Z,0.0,,,[],[],,,,,,35,93,65,55,60,Loved niche title,Underserved audience clue,Budget,General Steam audience,Paid upfront,Niche love - small but passionate audience,"['loved-by-players', 'fresh-release']",['low-review-confidence'],"Forza Horizon 6 Welcome Pack is a loved niche title, opportunity score 60/100, 90% positive from 41 reviews.",Mine reviews for the exact language players use; niche love often exposes a product angle.
414,1119730,"Ranch Simulator: Build, Hunt, Farm",https://store.steampowered.com/app/1119730/Ranch_Simulator_Build_Hunt_Farm/,"Nov 3, 2023",$3.74,374,85.0,Mostly Positive,77.0,11383.0,['windows'],https://shared.fastly.steamstatic.com/store_item_assets/steam/apps/1119730/98e52d9cf4913fdb494228e3c7f8e8153b6e0dcf/capsule_231x87_alt_assets_7.jpg?t=1779729751,2026-06-03T02:00:28.060Z,2117.0,,,[],[],,,,,,58,85,90,45,69,Commercially aggressive,Pricing/monetization benchmark,Deep discount,General Steam audience,Discount-driven sales,Price pressure - competitor likely using discounts to drive rank,"['loved-by-players', 'aggressive-discounting']",[],"Ranch Simulator: Build, Hunt, Farm is a commercially aggressive, opportunity score 69/100, 77% positive from 11,383 reviews, 2,117 current players, 85% discount.","Compare discount depth, price tier, and monetization model against similar titles."
415,1614550,Astro Colony,https://store.steampowered.com/app/1614550/Astro_Colony/,"Jun 2, 2026",$16.99,1699,15.0,Very Positive,82.0,1264.0,['windows'],https://shared.fastly.steamstatic.com/store_item_assets/steam/apps/1614550/bf263954831aa59d77a1f16bab43064e56cf5f03/capsule_231x87.jpg?t=1780423298,2026-06-03T02:00:28.060Z,149.0,,,[],[],,,,,,50,88,60,55,63,Loved niche title,Underserved audience clue,Mid-market,General Steam audience,Paid upfront,Comparable baseline,"['loved-by-players', 'fresh-release']",[],"Astro Colony is a loved niche title, opportunity score 63/100, 82% positive from 1,264 reviews, 149 current players, 15% discount.",Mine reviews for the exact language players use; niche love often exposes a product angle.
416,2499860,DRAGON QUEST VII Reimagined,https://store.steampowered.com/app/2499860/DRAGON_QUEST_VII_Reimagined/,"Feb 5, 2026",$59.99,5999,0.0,Very Positive,88.0,1867.0,['windows'],https://shared.fastly.steamstatic.com/store_item_assets/steam/apps/2499860/9d1e5917fb47c7af55a5134a6f7eb302fea2fb16/capsule_231x87.jpg?t=1772804835,2026-06-03T02:00:28.060Z,947.0,,,[],[],,,,,,53,95,50,45,61,Loved niche title,Underserved audience clue,Premium,General Steam audience,Paid upfront,Comparable baseline,['loved-by-players'],[],"DRAGON QUEST VII Reimagined is a loved niche title, opportunity score 61/100, 88% positive from 1,867 reviews, 947 current players.",Mine reviews for the exact language players use; niche love often exposes a product angle.
417,2943650,FragPunk,https://store.steampowered.com/app/2943650/FragPunk/,"Mar 6, 2025",Free,0,,Mostly Positive,75.0,23548.0,['windows'],https://shared.fastly.steamstatic.com/store_item_assets/steam/apps/2943650/4081aee8b8468386da49b394c7af8deb3f9f0341/capsule_231x87_alt_assets_7.jpg?t=1779357643,2026-06-03T02:00:28.060Z,1234.0,,,[],[],,,,,,59,84,62,45,63,Standard competitor,Baseline market data,Free-to-play,General Steam audience,Free acquisition funnel,Comparable baseline,['free-to-play'],[],"FragPunk is a standard competitor, opportunity score 63/100, 75% positive from 23,548 reviews, 1,234 current players.",Use as baseline competitor data; enrich with reviews for deeper sentiment intelligence.
418,2399420,Le Mans Ultimate,https://store.steampowered.com/app/2399420/Le_Mans_Ultimate/,"Jul 22, 2025",$39.99,3999,0.0,Mostly Positive,78.0,6027.0,"['windows', 'vr']",https://shared.fastly.steamstatic.com/store_item_assets/steam/apps/2399420/2da0772b63dcb1b58d3dea234fb578de1880f9c3/capsule_231x87.jpg?t=1780055402,2026-06-03T02:00:28.060Z,1341.0,,,[],[],,,,,,56,86,50,45,60,Loved niche title,Underserved audience clue,Premium,General Steam audience,Paid upfront,Comparable baseline,['loved-by-players'],[],"Le Mans Ultimate is a loved niche title, opportunity score 60/100, 78% positive from 6,027 reviews, 1,341 current players.",Mine reviews for the exact language players use; niche love often exposes a product angle.
419,3868310,My Wife Threw Out My Card Collection (So I Bought a Dump to Find Them All) ⭐,https://store.steampowered.com/app/3868310/My_Wife_Threw_Out_My_Card_Collection_So_I_Bought_a_Dump_to_Find_Them_All/,"Nov 25, 2025",$5.96,596,25.0,Mixed,67.0,1407.0,['windows'],https://shared.fastly.steamstatic.com/store_item_assets/steam/apps/3868310/f9d2501bfd03db2a3f5fd30c00734c01a5baeb15/capsule_231x87.jpg?t=1777021548,2026-06-03T02:00:28.060Z,196.0,,,[],[],,,,,,50,73,65,45,58,Standard competitor,Baseline market data,Budget,General Steam audience,Paid upfront,Comparable baseline,[],['weak-player-sentiment'],"My Wife Threw Out My Card Collection (So I Bought a Dump to Find Them All) ⭐ is a standard competitor, opportunity score 58/100, 67% positive from 1,407 reviews, 196 current players, 25% discount.",Use as baseline competitor data; enrich with reviews for deeper sentiment intelligence.
420,210970,The Witness,https://store.steampowered.com/app/210970/The_Witness/,"Jan 26, 2016",$7.99,799,80.0,Very Positive,82.0,8793.0,"['windows', 'mac']",https://shared.fastly.steamstatic.com/store_item_assets/steam/apps/210970/capsule_231x87.jpg?t=1720810823,2026-06-03T02:00:28.060Z,193.0,,,[],[],,,,,,54,90,90,45,68,Commercially aggressive,Pricing/monetization benchmark,Deep discount,General Steam audience,Discount-driven sales,Price pressure - competitor likely using discounts to drive rank,"['loved-by-players', 'aggressive-discounting']",[],"The Witness is a commercially aggressive, opportunity score 68/100, 82% positive from 8,793 reviews, 193 current players, 80% discount.","Compare discount depth, price tier, and monetization model against similar titles."
421,238320,Outlast,https://store.steampowered.com/app/238320/Outlast/,"Sep 4, 2013",$3.74,374,75.0,Overwhelmingly Positive,96.0,28352.0,"['windows', 'mac', 'linux']",https://shared.fastly.steamstatic.com/store_item_assets/steam/apps/238320/capsule_231x87.jpg?t=1666817106,2026-06-03T02:00:28.060Z,627.0,,,[],[],,,,,,58,100,90,45,72,Commercially aggressive,Pricing/monetization benchmark,Deep discount,General Steam audience,Discount-driven sales,Price pressure - competitor likely using discounts to drive rank,"['loved-by-players', 'aggressive-discounting']",[],"Outlast is a commercially aggressive, opportunity score 72/100, 96% positive from 28,352 reviews, 627 current players, 75% discount.","Compare discount depth, price tier, and monetization model against similar titles."
422,3679080,The Seven Deadly Sins: Origin,https://store.steampowered.com/app/3679080/The_Seven_Deadly_Sins_Origin/,"Mar 16, 2026",Free,0,,Mixed,58.0,3957.0,['windows'],https://shared.fastly.steamstatic.com/store_item_assets/steam/apps/3679080/f7ce109f339c8ad6c1f8839313c64806a9edc203/capsule_231x87.jpg?t=1778661305,2026-06-03T02:00:28.060Z,2930.0,,,[],[],,,,,,56,65,62,55,59,Standard competitor,Baseline market data,Free-to-play,General Steam audience,Free acquisition funnel,Comparable baseline,"['free-to-play', 'fresh-release']",['weak-player-sentiment'],"The Seven Deadly Sins: Origin is a standard competitor, opportunity score 59/100, 58% positive from 3,957 reviews, 2,930 current players.",Use as baseline competitor data; enrich with reviews for deeper sentiment intelligence.
423,1295510,DRAGON QUEST® XI S: Echoes of an Elusive Age™ - Definitive Edition,https://store.steampowered.com/app/1295510/DRAGON_QUEST_XI_S_Echoes_of_an_Elusive_Age__Definitive_Edition/,"Dec 4, 2020",$39.99,3999,0.0,Very Positive,92.0,3857.0,['windows'],https://shared.fastly.steamstatic.com/store_item_assets/steam/apps/1295510/capsule_231x87.jpg?t=1774588986,2026-06-03T02:00:28.060Z,1398.0,,,[],[],,,,,,55,99,50,45,63,Loved niche title,Underserved audience clue,Premium,General Steam audience,Paid upfront,Comparable baseline,['loved-by-players'],[],"DRAGON QUEST® XI S: Echoes of an Elusive Age™ - Definitive Edition is a loved niche title, opportunity score 63/100, 92% positive from 3,857 reviews, 1,398 current players.",Mine reviews for the exact language players use; niche love often exposes a product angle.
424,1455840,Dorfromantik,https://store.steampowered.com/app/1455840/Dorfromantik/,"Apr 28, 2022",$8.39,839,40.0,Overwhelmingly Positive,96.0,15521.0,['windows'],https://shared.fastly.steamstatic.com/store_item_assets/steam/apps/1455840/capsule_231x87.jpg?t=1780408912,2026-06-03T02:00:28.060Z,412.0,,,[],[],,,,,,56,100,80,45,70,Commercially aggressive,Pricing/monetization benchmark,Promotional discount,General Steam audience,Paid upfront,Comparable baseline,['loved-by-players'],[],"Dorfromantik is a commercially aggressive, opportunity score 70/100, 96% positive from 15,521 reviews, 412 current players, 40% discount.","Compare discount depth, price tier, and monetization model against similar titles."
425,1466060,Tainted Grail: The Fall of Avalon,https://store.steampowered.com/app/1466060/Tainted_Grail_The_Fall_of_Avalon/,"May 23, 2025",$44.99,4499,0.0,Very Positive,88.0,17947.0,['windows'],https://shared.fastly.steamstatic.com/store_item_assets/steam/apps/1466060/b206ec038e28366626149529b8e873d1ed9d7a7a/capsule_231x87.jpg?t=1779465911,2026-06-03T02:00:28.060Z,1001.0,,,[],[],,,,,,58,97,50,45,64,Loved niche title,Underserved audience clue,Premium,General Steam audience,Paid upfront,Comparable baseline,['loved-by-players'],[],"Tainted Grail: The Fall of Avalon is a loved niche title, opportunity score 64/100, 88% positive from 17,947 reviews, 1,001 current players.",Mine reviews for the exact language players use; niche love often exposes a product angle.
426,1481170,ZEPHON,https://store.steampowered.com/app/1481170/ZEPHON/,"Nov 8, 2024",$19.99,1999,50.0,Very Positive,84.0,1685.0,"['windows', 'linux']",https://shared.fastly.steamstatic.com/store_item_assets/steam/apps/1481170/2ed920aa54cb8e0329ae2f06d03d1c0d368f6bf1/capsule_231x87.jpg?t=1779954102,2026-06-03T02:00:28.061Z,233.0,,,[],[],,,,,,50,90,75,45,64,Commercially aggressive,Pricing/monetization benchmark,Promotional discount,General Steam audience,Discount-driven sales,Comparable baseline,"['loved-by-players', 'aggressive-discounting']",[],"ZEPHON is a commercially aggressive, opportunity score 64/100, 84% positive from 1,685 reviews, 233 current players, 50% discount.","Compare discount depth, price tier, and monetization model against similar titles."
427,1466860,Age of Empires IV: Anniversary Edition,https://store.steampowered.com/app/1466860/Age_of_Empires_IV_Anniversary_Edition/,"Oct 28, 2021",$39.99,3999,0.0,Very Positive,86.0,28039.0,['windows'],https://shared.fastly.steamstatic.com/store_item_assets/steam/apps/1466860/capsule_231x87.jpg?t=1780422736,2026-06-03T02:00:28.061Z,5901.0,,,[],[],,,,,,61,95,50,45,64,Standard competitor,Baseline market data,Premium,General Steam audience,Paid upfront,Comparable baseline,['loved-by-players'],[],"Age of Empires IV: Anniversary Edition is a standard competitor, opportunity score 64/100, 86% positive from 28,039 reviews, 5,901 current players.",Use as baseline competitor data; enrich with reviews for deeper sentiment intelligence.
428,242760,The Forest,https://store.steampowered.com/app/242760/The_Forest/,"Apr 30, 2018",$19.99,1999,0.0,Overwhelmingly Positive,95.0,175816.0,"['windows', 'vr']",https://shared.fastly.steamstatic.com/store_item_assets/steam/apps/242760/capsule_231x87.jpg?t=1699381053,2026-06-03T02:00:28.061Z,2584.0,,,[],[],,,,,,61,100,60,45,67,Standard competitor,Baseline market data,Mid-market,General Steam audience,Paid upfront,Comparable baseline,['loved-by-players'],[],"The Forest is a standard competitor, opportunity score 67/100, 95% positive from 175,816 reviews, 2,584 current players.",Use as baseline competitor data; enrich with reviews for deeper sentiment intelligence.
429,2852190,Monster Hunter Stories 3: Twisted Reflection,https://store.steampowered.com/app/2852190/Monster_Hunter_Stories_3_Twisted_Reflection/,"Mar 12, 2026",$69.99,6999,0.0,Very Positive,84.0,2155.0,['windows'],https://shared.fastly.steamstatic.com/store_item_assets/steam/apps/2852190/d42ab41c29c230c2e855c32f6669f37043187b70/capsule_231x87.jpg?t=1778720498,2026-06-03T02:00:28.061Z,663.0,,,[],[],,,,,,52,91,40,55,60,Loved niche title,Underserved audience clue,High-ticket,General Steam audience,Paid upfront,Comparable baseline,"['loved-by-players', 'fresh-release']",[],"Monster Hunter Stories 3: Twisted Reflection is a loved niche title, opportunity score 60/100, 84% positive from 2,155 reviews, 663 current players.",Mine reviews for the exact language players use; niche love often exposes a product angle.
430,2963800,DrainSim,https://store.steampowered.com/app/2963800/DrainSim/,"Mar 3, 2026",$14.99,1499,0.0,Very Positive,92.0,1735.0,['windows'],https://shared.fastly.steamstatic.com/store_item_assets/steam/apps/2963800/ee1cd134b988de72ee53720389a137e136fef062/capsule_231x87.jpg?t=1776593184,2026-06-03T02:00:28.061Z,386.0,,,[],[],,,,,,51,98,60,45,63,Loved niche title,Underserved audience clue,Mid-market,General Steam audience,Paid upfront,Comparable baseline,['loved-by-players'],[],"DrainSim is a loved niche title, opportunity score 63/100, 92% positive from 1,735 reviews, 386 current players.",Mine reviews for the exact language players use; niche love often exposes a product angle.
431,4468750,LEGO® Batman™: Legacy of the Dark Knight Deluxe Edition Upgrade,https://store.steampowered.com/app/4468750/LEGO_Batman_Legacy_of_the_Dark_Knight_Deluxe_Edition_Upgrade/,"May 22, 2026",$24.99,2499,0.0,Positive,100.0,23.0,['windows'],https://shared.fastly.steamstatic.com/store_item_assets/steam/apps/4468750/3c971e26ce44c87d94e042db734bf741485e4a2d/capsule_231x87.jpg?t=1779474186,2026-06-03T02:00:28.061Z,0.0,,,[],[],,,,,,33,100,60,55,60,Loved niche title,Underserved audience clue,Mid-market,General Steam audience,Paid upfront,Niche love - small but passionate audience,"['loved-by-players', 'fresh-release']",['low-review-confidence'],"LEGO® Batman™: Legacy of the Dark Knight Deluxe Edition Upgrade is a loved niche title, opportunity score 60/100, 100% positive from 23 reviews.",Mine reviews for the exact language players use; niche love often exposes a product angle.
432,4551040,Animal Company,https://store.steampowered.com/app/4551040/Animal_Company/,"May 21, 2026",$19.99,1999,0.0,Mostly Positive,77.0,199.0,['windows'],https://shared.fastly.steamstatic.com/store_item_assets/steam/apps/4551040/d4ac0cef4e1df3a2f7416eb932dd26a2fb2e3174/capsule_231x87.jpg?t=1780161677,2026-06-03T02:00:28.062Z,95.0,,,[],[],,,,,,44,82,60,55,59,Standard competitor,Baseline market data,Mid-market,General Steam audience,Paid upfront,Comparable baseline,['fresh-release'],[],"Animal Company is a standard competitor, opportunity score 59/100, 77% positive from 199 reviews, 95 current players.",Use as baseline competitor data; enrich with reviews for deeper sentiment intelligence.
433,1593500,God of War,https://store.steampowered.com/app/1593500/God_of_War/,"Jan 14, 2022",$49.99,4999,0.0,Overwhelmingly Positive,96.0,59098.0,['windows'],https://shared.fastly.steamstatic.com/store_item_assets/steam/apps/1593500/capsule_231x87.jpg?t=1763059412,2026-06-03T02:00:28.062Z,1639.0,,,[],[],,,,,,60,100,50,45,65,Standard competitor,Baseline market data,Premium,General Steam audience,Paid upfront,Comparable baseline,['loved-by-players'],[],"God of War is a standard competitor, opportunity score 65/100, 96% positive from 59,098 reviews, 1,639 current players.",Use as baseline competitor data; enrich with reviews for deeper sentiment intelligence.
434,2198150,Tiny Glade,https://store.steampowered.com/app/2198150/Tiny_Glade/,"Sep 23, 2024",$13.49,1349,10.0,Overwhelmingly Positive,97.0,13308.0,"['windows', 'mac', 'linux']",https://shared.fastly.steamstatic.com/store_item_assets/steam/apps/2198150/04e34a74d1939044b8ab95afb5144bc4fd841300/capsule_231x87.jpg?t=1778677622,2026-06-03T02:00:28.062Z,235.0,,,[],[],,,,,,55,100,60,45,65,Loved niche title,Underserved audience clue,Mid-market,General Steam audience,Paid upfront,Comparable baseline,['loved-by-players'],[],"Tiny Glade is a loved niche title, opportunity score 65/100, 97% positive from 13,308 reviews, 235 current players, 10% discount.",Mine reviews for the exact language players use; niche love often exposes a product angle.
435,2982610,Stonemachia,https://store.steampowered.com/app/2982610/Stonemachia/,"May 26, 2026",$17.99,1799,10.0,Very Positive,96.0,451.0,['windows'],https://shared.fastly.steamstatic.com/store_item_assets/steam/apps/2982610/56d1f77bda05123701c3884d0b617045a9539cc6/capsule_231x87.jpg?t=1779875826,2026-06-03T02:00:28.062Z,193.0,,,[],[],,,,,,47,100,60,55,64,Loved niche title,Underserved audience clue,Mid-market,General Steam audience,Paid upfront,Niche love - small but passionate audience,"['loved-by-players', 'fresh-release']",[],"Stonemachia is a loved niche title, opportunity score 64/100, 96% positive from 451 reviews, 193 current players, 10% discount.",Mine reviews for the exact language players use; niche love often exposes a product angle.
436,1063420,Void Crew,https://store.steampowered.com/app/1063420/Void_Crew/,"Nov 25, 2024",$12.49,1249,50.0,Very Positive,88.0,4995.0,['windows'],https://shared.fastly.steamstatic.com/store_item_assets/steam/apps/1063420/336685717e5322e826c6cf3c15de9ba2f200bbac/capsule_231x87_alt_assets_4.jpg?t=1780298639,2026-06-03T02:00:28.062Z,467.0,,,[],[],,,,,,53,95,75,45,66,Commercially aggressive,Pricing/monetization benchmark,Promotional discount,General Steam audience,Discount-driven sales,Comparable baseline,"['loved-by-players', 'aggressive-discounting']",[],"Void Crew is a commercially aggressive, opportunity score 66/100, 88% positive from 4,995 reviews, 467 current players, 50% discount.","Compare discount depth, price tier, and monetization model against similar titles."
437,2840770,Avatar: Frontiers of Pandora™,https://store.steampowered.com/app/2840770/Avatar_Frontiers_of_Pandora/,"Jun 17, 2024",$29.99,2999,0.0,Mostly Positive,77.0,7849.0,['windows'],https://shared.fastly.steamstatic.com/store_item_assets/steam/apps/2840770/cc7f801396b237394d4e014e03cb0d5cac04cc22/capsule_231x87.jpg?t=1778598692,2026-06-03T02:00:28.062Z,792.0,,,[],[],,,,,,55,85,60,45,62,Loved niche title,Underserved audience clue,Mid-market,General Steam audience,Paid upfront,Comparable baseline,['loved-by-players'],[],"Avatar: Frontiers of Pandora™ is a loved niche title, opportunity score 62/100, 77% positive from 7,849 reviews, 792 current players.",Mine reviews for the exact language players use; niche love often exposes a product angle.
438,2336880,Destiny 2: The Final Shape,https://store.steampowered.com/app/2336880/Destiny_2_The_Final_Shape/,"Jun 4, 2024",$29.99,2999,0.0,Mostly Positive,79.0,4327.0,['windows'],https://shared.fastly.steamstatic.com/store_item_assets/steam/apps/2336880/458cdb42c576b06bdfe61f6fc06510cb3aea8bfe/capsule_231x87.jpg?t=1765904452,2026-06-03T02:00:28.062Z,0.0,,,[],[],,,,,,44,86,60,45,58,Loved niche title,Underserved audience clue,Mid-market,General Steam audience,Paid upfront,Niche love - small but passionate audience,['loved-by-players'],[],"Destiny 2: The Final Shape is a loved niche title, opportunity score 58/100, 79% positive from 4,327 reviews.",Mine reviews for the exact language players use; niche love often exposes a product angle.
439,1206560,WorldBox - God Simulator,https://store.steampowered.com/app/1206560/WorldBox__God_Simulator/,"Dec 2, 2021",$19.99,1999,0.0,Overwhelmingly Positive,96.0,28456.0,"['windows', 'mac', 'linux']",https://shared.fastly.steamstatic.com/store_item_assets/steam/apps/1206560/capsule_231x87.jpg?t=1727687171,2026-06-03T02:00:28.062Z,1456.0,,,[],[],,,,,,58,100,60,45,66,Loved niche title,Underserved audience clue,Mid-market,General Steam audience,Paid upfront,Comparable baseline,['loved-by-players'],[],"WorldBox - God Simulator is a loved niche title, opportunity score 66/100, 96% positive from 28,456 reviews, 1,456 current players.",Mine reviews for the exact language players use; niche love often exposes a product angle.
440,1030300,Hollow Knight: Silksong,https://store.steampowered.com/app/1030300/Hollow_Knight_Silksong/,"Sep 4, 2025",$19.99,1999,0.0,Very Positive,93.0,140789.0,"['windows', 'mac', 'linux']",https://shared.fastly.steamstatic.com/store_item_assets/steam/apps/1030300/b73ec03fbdb9e21e3c59eb7e59966949d0c17f29/capsule_231x87.jpg?t=1776125736,2026-06-03T02:00:28.062Z,5493.0,,,[],[],,,,,,61,100,60,45,67,Standard competitor,Baseline market data,Mid-market,General Steam audience,Paid upfront,Comparable baseline,['loved-by-players'],[],"Hollow Knight: Silksong is a standard competitor, opportunity score 67/100, 93% positive from 140,789 reviews, 5,493 current players.",Use as baseline competitor data; enrich with reviews for deeper sentiment intelligence.
441,2881150,ARK: Bob's Tall Tales,https://store.steampowered.com/app/2881150/ARK_Bobs_Tall_Tales/,"Apr 1, 2024",$29.99,2999,0.0,Mixed,49.0,1337.0,['windows'],https://shared.fastly.steamstatic.com/store_item_assets/steam/apps/2881150/d1282b9f18cc86e6a8f97630622a46ccb3b4a435/capsule_231x87.jpg?t=1765684569,2026-06-03T02:00:28.062Z,0.0,,,[],[],,,,,,42,55,60,45,49,Standard competitor,Baseline market data,Mid-market,General Steam audience,Paid upfront,Comparable baseline,[],['weak-player-sentiment'],"ARK: Bob's Tall Tales is a standard competitor, opportunity score 49/100, 49% positive from 1,337 reviews.",Use as baseline competitor data; enrich with reviews for deeper sentiment intelligence.
442,1934680,Age of Mythology: Retold,https://store.steampowered.com/app/1934680/Age_of_Mythology_Retold/,"Sep 4, 2024",$29.99,2999,0.0,Very Positive,90.0,10032.0,['windows'],https://shared.fastly.steamstatic.com/store_item_assets/steam/apps/1934680/296d05f1402b49ef041229b6268fa026b5e627a0/capsule_231x87.jpg?t=1780429786,2026-06-03T02:00:28.062Z,2367.0,,,[],[],,,,,,57,98,60,45,65,Loved niche title,Underserved audience clue,Mid-market,General Steam audience,Paid upfront,Comparable baseline,['loved-by-players'],[],"Age of Mythology: Retold is a loved niche title, opportunity score 65/100, 90% positive from 10,032 reviews, 2,367 current players.",Mine reviews for the exact language players use; niche love often exposes a product angle.
443,3314790,CloverPit,https://store.steampowered.com/app/3314790/CloverPit/,"Sep 26, 2025",$7.99,799,20.0,Very Positive,90.0,11773.0,['windows'],https://shared.fastly.steamstatic.com/store_item_assets/steam/apps/3314790/708aa35adb8f17727284204955531d3ca237b6a4/capsule_231x87.jpg?t=1780064423,2026-06-03T02:00:28.062Z,1137.0,,,[],[],,,,,,56,98,65,45,66,Loved niche title,Underserved audience clue,Budget,General Steam audience,Paid upfront,Comparable baseline,['loved-by-players'],[],"CloverPit is a loved niche title, opportunity score 66/100, 90% positive from 11,773 reviews, 1,137 current players, 20% discount.",Mine reviews for the exact language players use; niche love often exposes a product angle.
444,1372110,JoJo's Bizarre Adventure: All-Star Battle R,https://store.steampowered.com/app/1372110/JoJos_Bizarre_Adventure_AllStar_Battle_R/,"Sep 1, 2022",$9.99,999,80.0,Very Positive,89.0,5343.0,['windows'],https://shared.fastly.steamstatic.com/store_item_assets/steam/apps/1372110/capsule_231x87.jpg?t=1720409046,2026-06-03T02:00:28.062Z,390.0,,,[],[],,,,,,53,96,90,45,70,Commercially aggressive,Pricing/monetization benchmark,Deep discount,General Steam audience,Discount-driven sales,Price pressure - competitor likely using discounts to drive rank,"['loved-by-players', 'aggressive-discounting']",[],"JoJo's Bizarre Adventure: All-Star Battle R is a commercially aggressive, opportunity score 70/100, 89% positive from 5,343 reviews, 390 current players, 80% discount.","Compare discount depth, price tier, and monetization model against similar titles."
445,3008130,Dying Light: The Beast,https://store.steampowered.com/app/3008130/Dying_Light_The_Beast/,"Sep 18, 2025",$59.99,5999,0.0,Very Positive,88.0,25477.0,['windows'],https://shared.fastly.steamstatic.com/store_item_assets/steam/apps/3008130/121bbff32c3e334ffcd3167af007cb8c0513d558/capsule_231x87.jpg?t=1777373421,2026-06-03T02:00:28.062Z,1278.0,,,[],[],,,,,,58,97,50,45,64,Loved niche title,Underserved audience clue,Premium,General Steam audience,Paid upfront,Comparable baseline,['loved-by-players'],[],"Dying Light: The Beast is a loved niche title, opportunity score 64/100, 88% positive from 25,477 reviews, 1,278 current players.",Mine reviews for the exact language players use; niche love often exposes a product angle.
446,4200750,Call of Duty®: Black Ops 7 - BlackCell (Season 03),https://store.steampowered.com/app/4200750/Call_of_Duty_Black_Ops_7__BlackCell_Season_03/,"Apr 2, 2026",$29.99,2999,0.0,Very Positive,84.0,51.0,['windows'],https://shared.fastly.steamstatic.com/store_item_assets/steam/apps/4200750/00f4cdd0ae23cfd677bc6428cea93aba8d70febb/capsule_231x87.jpg?t=1775146108,2026-06-03T02:00:28.062Z,0.0,,,[],[],,,,,,34,87,60,55,57,Loved niche title,Underserved audience clue,Mid-market,General Steam audience,Paid upfront,Niche love - small but passionate audience,"['loved-by-players', 'fresh-release']",['low-review-confidence'],"Call of Duty®: Black Ops 7 - BlackCell (Season 03) is a loved niche title, opportunity score 57/100, 84% positive from 51 reviews.",Mine reviews for the exact language players use; niche love often exposes a product angle.
447,1757300,Jump Space,https://store.steampowered.com/app/1757300/Jump_Space/,"Sep 19, 2025",$19.99,1999,0.0,Very Positive,87.0,7049.0,['windows'],https://shared.fastly.steamstatic.com/store_item_assets/steam/apps/1757300/92ba31aa006d3acb63712245905368dca84d1e94/capsule_231x87.jpg?t=1779468021,2026-06-03T02:00:28.062Z,447.0,,,[],[],,,,,,53,95,60,45,63,Loved niche title,Underserved audience clue,Mid-market,General Steam audience,Paid upfront,Comparable baseline,['loved-by-players'],[],"Jump Space is a loved niche title, opportunity score 63/100, 87% positive from 7,049 reviews, 447 current players.",Mine reviews for the exact language players use; niche love often exposes a product angle.
448,2830030,MOTORSLICE,https://store.steampowered.com/app/2830030/MOTORSLICE/,"May 5, 2026",$19.99,1999,0.0,Very Positive,86.0,2303.0,['windows'],https://shared.fastly.steamstatic.com/store_item_assets/steam/apps/2830030/capsule_231x87.jpg?t=1778341635,2026-06-03T02:00:28.062Z,174.0,,,[],[],,,,,,50,93,60,55,64,Loved niche title,Underserved audience clue,Mid-market,General Steam audience,Paid upfront,Comparable baseline,"['loved-by-players', 'fresh-release']",[],"MOTORSLICE is a loved niche title, opportunity score 64/100, 86% positive from 2,303 reviews, 174 current players.",Mine reviews for the exact language players use; niche love often exposes a product angle.
449,1826140,RimWorld - Biotech,https://store.steampowered.com/app/1826140/RimWorld__Biotech/,"Oct 21, 2022",$24.99,2499,0.0,Very Positive,93.0,2020.0,"['windows', 'mac', 'linux']",https://shared.fastly.steamstatic.com/store_item_assets/steam/apps/1826140/0c271719d8e5b0db5083cf321560f73981278ac2/capsule_231x87.jpg?t=1776194265,2026-06-03T02:00:28.062Z,0.0,,,[],[],,,,,,42,100,60,45,61,Loved niche title,Underserved audience clue,Mid-market,General Steam audience,Paid upfront,Niche love - small but passionate audience,['loved-by-players'],[],"RimWorld - Biotech is a loved niche title, opportunity score 61/100, 93% positive from 2,020 reviews.",Mine reviews for the exact language players use; niche love often exposes a product angle.
450,2253100,Everwind,https://store.steampowered.com/app/2253100/Everwind/,"Mar 17, 2026",$24.99,2499,0.0,Very Positive,83.0,1431.0,['windows'],https://shared.fastly.steamstatic.com/store_item_assets/steam/apps/2253100/09ec1f97bf4000c563e7738cd726c3e0d5453d31/capsule_231x87.jpg?t=1776347213,2026-06-03T02:00:28.062Z,776.0,,,[],[],,,,,,50,89,60,55,63,Loved niche title,Underserved audience clue,Mid-market,General Steam audience,Paid upfront,Comparable baseline,"['loved-by-players', 'fresh-release']",[],"Everwind is a loved niche title, opportunity score 63/100, 83% positive from 1,431 reviews, 776 current players.",Mine reviews for the exact language players use; niche love often exposes a product angle.
451,223750,DCS World Steam Edition,https://store.steampowered.com/app/223750/DCS_World_Steam_Edition/,"Aug 2, 2013",Free,0,,Very Positive,84.0,22806.0,"['windows', 'vr']",https://shared.fastly.steamstatic.com/store_item_assets/steam/apps/223750/capsule_231x87.jpg?t=1777887462,2026-06-03T02:00:28.062Z,649.0,,,[],[],,,,,,56,93,62,45,64,Loved niche title,Underserved audience clue,Free-to-play,General Steam audience,Free acquisition funnel,Comparable baseline,"['loved-by-players', 'free-to-play']",[],"DCS World Steam Edition is a loved niche title, opportunity score 64/100, 84% positive from 22,806 reviews, 649 current players.",Mine reviews for the exact language players use; niche love often exposes a product angle.
452,393380,Squad,https://store.steampowered.com/app/393380/Squad/,"Sep 23, 2020",$49.99,4999,0.0,Very Positive,84.0,82640.0,['windows'],https://shared.fastly.steamstatic.com/store_item_assets/steam/apps/393380/e069cbeca98b633002e2d2202b4cc4ae58138549/capsule_231x87.jpg?t=1778698936,2026-06-03T02:00:28.062Z,8144.0,,,[],[],,,,,,61,94,50,45,64,Standard competitor,Baseline market data,Premium,General Steam audience,Paid upfront,Comparable baseline,['loved-by-players'],[],"Squad is a standard competitor, opportunity score 64/100, 84% positive from 82,640 reviews, 8,144 current players.",Use as baseline competitor data; enrich with reviews for deeper sentiment intelligence.
453,1721470,Poppy Playtime,https://store.steampowered.com/app/1721470/Poppy_Playtime/,"Oct 12, 2021",Free,0,,Very Positive,88.0,60719.0,['windows'],https://shared.fastly.steamstatic.com/store_item_assets/steam/apps/1721470/2d2d1f622b49c8589d67d294e790507715169220/capsule_231x87.jpg?t=1770858202,2026-06-03T02:00:28.062Z,970.0,,,[],[],,,,,,59,98,62,45,67,Loved niche title,Underserved audience clue,Free-to-play,General Steam audience,Free acquisition funnel,Comparable baseline,"['loved-by-players', 'free-to-play']",[],"Poppy Playtime is a loved niche title, opportunity score 67/100, 88% positive from 60,719 reviews, 970 current players.",Mine reviews for the exact language players use; niche love often exposes a product angle.
454,3708070,Campsite Hustle! - Management Simulator,https://store.steampowered.com/app/3708070/Campsite_Hustle__Management_Simulator/,"Jun 2, 2026",$15.29,1529,15.0,Mixed,69.0,13.0,['windows'],https://shared.fastly.steamstatic.com/store_item_assets/steam/apps/3708070/b08d59675242e7f26a500f794ea8e72691d65d9f/capsule_231x87.jpg?t=1780419637,2026-06-03T02:00:28.062Z,93.0,,,[],[],,,,,,37,71,60,55,54,Standard competitor,Baseline market data,Mid-market,General Steam audience,Paid upfront,Comparable baseline,['fresh-release'],"['weak-player-sentiment', 'low-review-confidence']","Campsite Hustle! - Management Simulator is a standard competitor, opportunity score 54/100, 69% positive from 13 reviews, 93 current players, 15% discount.",Use as baseline competitor data; enrich with reviews for deeper sentiment intelligence.
455,22380,Fallout: New Vegas,https://store.steampowered.com/app/22380/Fallout_New_Vegas/,"Oct 19, 2010",$9.99,999,0.0,Overwhelmingly Positive,96.0,167701.0,['windows'],https://shared.fastly.steamstatic.com/store_item_assets/steam/apps/22380/capsule_231x87.jpg?t=1765992876,2026-06-03T02:00:28.062Z,4286.0,,,[],[],,,,,,61,100,65,45,68,Standard competitor,Baseline market data,Budget,General Steam audience,Paid upfront,Comparable baseline,['loved-by-players'],[],"Fallout: New Vegas is a standard competitor, opportunity score 68/100, 96% positive from 167,701 reviews, 4,286 current players.",Use as baseline competitor data; enrich with reviews for deeper sentiment intelligence.
456,2625420,Drive Beyond Horizons,https://store.steampowered.com/app/2625420/Drive_Beyond_Horizons/,"Mar 24, 2025",$24.99,2499,0.0,Mostly Positive,76.0,6662.0,['windows'],https://shared.fastly.steamstatic.com/store_item_assets/steam/apps/2625420/5e79c9d089ce939fe07f32ff16a27561dd2c0df4/capsule_231x87.jpg?t=1780413252,2026-06-03T02:00:28.062Z,560.0,,,[],[],,,,,,53,84,60,45,61,Standard competitor,Baseline market data,Mid-market,General Steam audience,Paid upfront,Comparable baseline,[],[],"Drive Beyond Horizons is a standard competitor, opportunity score 61/100, 76% positive from 6,662 reviews, 560 current players.",Use as baseline competitor data; enrich with reviews for deeper sentiment intelligence.
457,1426300,The Binding of Isaac: Repentance,https://store.steampowered.com/app/1426300/The_Binding_of_Isaac_Repentance/,"Mar 30, 2021",$50.96,0,0.0,Very Positive,81.0,6512.0,['windows'],https://shared.fastly.steamstatic.com/store_item_assets/steam/apps/1426300/capsule_231x87.jpg?t=1732645274,2026-06-03T02:00:28.063Z,0.0,,,[],[],,,,,,45,89,50,45,57,Loved niche title,Underserved audience clue,Unknown price,General Steam audience,Paid upfront,Niche love - small but passionate audience,['loved-by-players'],[],"The Binding of Isaac: Repentance is a loved niche title, opportunity score 57/100, 81% positive from 6,512 reviews.",Mine reviews for the exact language players use; niche love often exposes a product angle.
458,3542380,Rune Dice,https://store.steampowered.com/app/3542380/Rune_Dice/,"May 19, 2026",$14.99,1499,0.0,Mostly Positive,75.0,788.0,['windows'],https://shared.fastly.steamstatic.com/store_item_assets/steam/apps/3542380/be46a7d44676c4b49f3826dd1e176bb532b1e0b3/capsule_231x87.jpg?t=1779267089,2026-06-03T02:00:28.063Z,763.0,,,[],[],,,,,,49,81,60,55,60,Standard competitor,Baseline market data,Mid-market,General Steam audience,Paid upfront,Comparable baseline,['fresh-release'],[],"Rune Dice is a standard competitor, opportunity score 60/100, 75% positive from 788 reviews, 763 current players.",Use as baseline competitor data; enrich with reviews for deeper sentiment intelligence.
459,508440,Totally Accurate Battle Simulator,https://store.steampowered.com/app/508440/Totally_Accurate_Battle_Simulator/,"Apr 1, 2021",$6.79,679,66.0,Overwhelmingly Positive,98.0,82892.0,"['windows', 'mac']",https://shared.fastly.steamstatic.com/store_item_assets/steam/apps/508440/capsule_231x87.jpg?t=1730715415,2026-06-03T02:00:28.063Z,1435.0,,,[],[],,,,,,59,100,80,45,71,Commercially aggressive,Pricing/monetization benchmark,Promotional discount,General Steam audience,Discount-driven sales,Comparable baseline,"['loved-by-players', 'aggressive-discounting']",[],"Totally Accurate Battle Simulator is a commercially aggressive, opportunity score 71/100, 98% positive from 82,892 reviews, 1,435 current players, 66% discount.","Compare discount depth, price tier, and monetization model against similar titles."
460,400750,Call to Arms - Gates of Hell: Ostfront,https://store.steampowered.com/app/400750/Call_to_Arms__Gates_of_Hell_Ostfront/,"Jun 11, 2021",$34.99,3499,0.0,Very Positive,86.0,12542.0,['windows'],https://shared.fastly.steamstatic.com/store_item_assets/steam/apps/400750/518ba193aa22508abb7271d972098bbbc4f9a8d4/capsule_231x87.jpg?t=1764717941,2026-06-03T02:00:28.063Z,2538.0,,,[],[],,,,,,56,94,50,45,62,Loved niche title,Underserved audience clue,Premium,General Steam audience,Paid upfront,Comparable baseline,['loved-by-players'],[],"Call to Arms - Gates of Hell: Ostfront is a loved niche title, opportunity score 62/100, 86% positive from 12,542 reviews, 2,538 current players.",Mine reviews for the exact language players use; niche love often exposes a product angle.
461,2697000,The Legend of Khiimori,https://store.steampowered.com/app/2697000/The_Legend_of_Khiimori/,"Mar 3, 2026",$29.99,2999,0.0,Very Positive,84.0,1435.0,['windows'],https://shared.fastly.steamstatic.com/store_item_assets/steam/apps/2697000/c5896ab12dc846c1bc3c8958422b2e4ccbb44ad4/capsule_231x87_alt_assets_3.jpg?t=1780317559,2026-06-03T02:00:28.063Z,289.0,,,[],[],,,,,,48,90,60,45,60,Loved niche title,Underserved audience clue,Mid-market,General Steam audience,Paid upfront,Niche love - small but passionate audience,['loved-by-players'],[],"The Legend of Khiimori is a loved niche title, opportunity score 60/100, 84% positive from 1,435 reviews, 289 current players.",Mine reviews for the exact language players use; niche love often exposes a product angle.
462,4558510,ARK Fantastic Tames Season 1,https://store.steampowered.com/app/4558510/ARK_Fantastic_Tames_Season_1/,"May 20, 2026",$9.99,999,0.0,Mixed,67.0,52.0,['windows'],https://shared.fastly.steamstatic.com/store_item_assets/steam/apps/4558510/1ca766d8c0e922f58592c3873ee961c2dd9672bd/capsule_231x87.jpg?t=1779380807,2026-06-03T02:00:28.063Z,0.0,,,[],[],,,,,,34,70,65,55,53,Standard competitor,Baseline market data,Budget,General Steam audience,Paid upfront,Comparable baseline,['fresh-release'],"['weak-player-sentiment', 'low-review-confidence']","ARK Fantastic Tames Season 1 is a standard competitor, opportunity score 53/100, 67% positive from 52 reviews.",Use as baseline competitor data; enrich with reviews for deeper sentiment intelligence.
463,3531720,ELDEN RING NIGHTREIGN The Forsaken Hollows,https://store.steampowered.com/app/3531720/ELDEN_RING_NIGHTREIGN_The_Forsaken_Hollows/,"Dec 3, 2025",$15.00,1500,0.0,Mixed,56.0,3610.0,['windows'],https://shared.fastly.steamstatic.com/store_item_assets/steam/apps/3531720/a6ab221829dc59c7014353dfde0004e2dfd48575/capsule_231x87.jpg?t=1765506462,2026-06-03T02:00:28.063Z,0.0,,,[],[],,,,,,43,63,60,45,52,Standard competitor,Baseline market data,Mid-market,General Steam audience,Paid upfront,Comparable baseline,[],['weak-player-sentiment'],"ELDEN RING NIGHTREIGN The Forsaken Hollows is a standard competitor, opportunity score 52/100, 56% positive from 3,610 reviews.",Use as baseline competitor data; enrich with reviews for deeper sentiment intelligence.
464,3645890,GONE Fishing,https://store.steampowered.com/app/3645890/GONE_Fishing/,"Jun 15, 2025",$7.99,799,20.0,Very Positive,93.0,1846.0,['windows'],https://shared.fastly.steamstatic.com/store_item_assets/steam/apps/3645890/54a0f62aad71eb440870f49e2b63fd635851a221/capsule_231x87.jpg?t=1773935873,2026-06-03T02:00:28.063Z,394.0,,,[],[],,,,,,50,100,65,45,65,Loved niche title,Underserved audience clue,Budget,General Steam audience,Paid upfront,Comparable baseline,['loved-by-players'],[],"GONE Fishing is a loved niche title, opportunity score 65/100, 93% positive from 1,846 reviews, 394 current players, 20% discount.",Mine reviews for the exact language players use; niche love often exposes a product angle.
465,1527950,Wartales,https://store.steampowered.com/app/1527950/Wartales/,"Apr 12, 2023",$13.99,1399,60.0,Very Positive,85.0,13273.0,['windows'],https://shared.fastly.steamstatic.com/store_item_assets/steam/apps/1527950/capsule_231x87.jpg?t=1779375249,2026-06-03T02:00:28.063Z,1101.0,,,[],[],,,,,,55,93,75,45,67,Commercially aggressive,Pricing/monetization benchmark,Promotional discount,General Steam audience,Discount-driven sales,Comparable baseline,"['loved-by-players', 'aggressive-discounting']",[],"Wartales is a commercially aggressive, opportunity score 67/100, 85% positive from 13,273 reviews, 1,101 current players, 60% discount.","Compare discount depth, price tier, and monetization model against similar titles."
466,590830,s&box,https://store.steampowered.com/app/590830/sbox/,"Apr 28, 2026",$19.99,1999,0.0,Mixed,49.0,3119.0,['windows'],https://shared.fastly.steamstatic.com/store_item_assets/steam/apps/590830/7cc1dedaa1eb9a36b9a7eb204a79800ae1a328fa/capsule_231x87.jpg?t=1778790394,2026-06-03T02:00:28.063Z,872.0,,,[],[],,,,,,52,56,60,55,55,Standard competitor,Baseline market data,Mid-market,General Steam audience,Paid upfront,Comparable baseline,['fresh-release'],['weak-player-sentiment'],"s&box is a standard competitor, opportunity score 55/100, 49% positive from 3,119 reviews, 872 current players.",Use as baseline competitor data; enrich with reviews for deeper sentiment intelligence.
467,1343400,RuneScape ®,https://store.steampowered.com/app/1343400/RuneScape/,"Oct 14, 2020",Free,0,,Very Positive,81.0,21580.0,"['windows', 'mac']",https://shared.fastly.steamstatic.com/store_item_assets/steam/apps/1343400/582ac7ed39d516c72cfdf87d79b7db1b059683ac/capsule_231x87.jpg?t=1771947591,2026-06-03T02:00:28.063Z,2027.0,,,[],[],,,,,,57,90,62,45,64,Loved niche title,Underserved audience clue,Free-to-play,General Steam audience,Free acquisition funnel,Comparable baseline,"['loved-by-players', 'free-to-play']",[],"RuneScape ® is a loved niche title, opportunity score 64/100, 81% positive from 21,580 reviews, 2,027 current players.",Mine reviews for the exact language players use; niche love often exposes a product angle.
468,1265920,Life is Strange Remastered,https://store.steampowered.com/app/1265920/Life_is_Strange_Remastered/,"Feb 1, 2022",$7.99,799,80.0,Very Positive,91.0,4468.0,['windows'],https://shared.fastly.steamstatic.com/store_item_assets/steam/apps/1265920/capsule_231x87.jpg?t=1779117636,2026-06-03T02:00:28.063Z,326.0,,,[],[],,,,,,51,98,90,45,69,Commercially aggressive,Pricing/monetization benchmark,Deep discount,General Steam audience,Discount-driven sales,Price pressure - competitor likely using discounts to drive rank,"['loved-by-players', 'aggressive-discounting']",[],"Life is Strange Remastered is a commercially aggressive, opportunity score 69/100, 91% positive from 4,468 reviews, 326 current players, 80% discount.","Compare discount depth, price tier, and monetization model against similar titles."
469,42700,Call of Duty®: Black Ops,https://store.steampowered.com/app/42700/Call_of_Duty_Black_Ops/,"Nov 9, 2010",$39.99,3999,0.0,Very Positive,90.0,14588.0,['windows'],https://shared.fastly.steamstatic.com/store_item_assets/steam/apps/42700/capsule_231x87.jpg?t=1748040520,2026-06-03T02:00:28.063Z,372.0,,,[],[],,,,,,54,98,50,45,62,Loved niche title,Underserved audience clue,Premium,General Steam audience,Paid upfront,Comparable baseline,['loved-by-players'],[],"Call of Duty®: Black Ops is a loved niche title, opportunity score 62/100, 90% positive from 14,588 reviews, 372 current players.",Mine reviews for the exact language players use; niche love often exposes a product angle.
470,208650,Batman™: Arkham Knight,https://store.steampowered.com/app/208650/Batman_Arkham_Knight/,"Jun 23, 2015",$19.99,1999,0.0,Very Positive,92.0,49676.0,['windows'],https://shared.fastly.steamstatic.com/store_item_assets/steam/apps/208650/capsule_231x87.jpg?t=1745534372,2026-06-03T02:00:28.063Z,2463.0,,,[],[],,,,,,59,100,60,45,67,Loved niche title,Underserved audience clue,Mid-market,General Steam audience,Paid upfront,Comparable baseline,['loved-by-players'],[],"Batman™: Arkham Knight is a loved niche title, opportunity score 67/100, 92% positive from 49,676 reviews, 2,463 current players.",Mine reviews for the exact language players use; niche love often exposes a product angle.
471,2828860,The Forever Winter,https://store.steampowered.com/app/2828860/The_Forever_Winter/,"Sep 24, 2024",$19.49,1949,35.0,Mostly Positive,70.0,15427.0,['windows'],https://shared.fastly.steamstatic.com/store_item_assets/steam/apps/2828860/e1734816b98e2879a99eab2acc380715e030e992/capsule_231x87.jpg?t=1779267756,2026-06-03T02:00:28.063Z,333.0,,,[],[],,,,,,54,78,60,45,59,Standard competitor,Baseline market data,Promotional discount,General Steam audience,Paid upfront,Comparable baseline,[],[],"The Forever Winter is a standard competitor, opportunity score 59/100, 70% positive from 15,427 reviews, 333 current players, 35% discount.",Use as baseline competitor data; enrich with reviews for deeper sentiment intelligence.
472,837470,Untitled Goose Game,https://store.steampowered.com/app/837470/Untitled_Goose_Game/,"Sep 23, 2020",$7.99,799,60.0,Overwhelmingly Positive,96.0,9986.0,"['windows', 'mac']",https://shared.fastly.steamstatic.com/store_item_assets/steam/apps/837470/capsule_231x87.jpg?t=1699052664,2026-06-03T02:00:28.063Z,149.0,,,[],[],,,,,,52,100,80,45,68,Commercially aggressive,Pricing/monetization benchmark,Promotional discount,General Steam audience,Discount-driven sales,Comparable baseline,"['loved-by-players', 'aggressive-discounting']",[],"Untitled Goose Game is a commercially aggressive, opportunity score 68/100, 96% positive from 9,986 reviews, 149 current players, 60% discount.","Compare discount depth, price tier, and monetization model against similar titles."
473,1426210,It Takes Two,https://store.steampowered.com/app/1426210/It_Takes_Two/,"Mar 25, 2021",$39.99,3999,0.0,Overwhelmingly Positive,95.0,46844.0,['windows'],https://shared.fastly.steamstatic.com/store_item_assets/steam/apps/1426210/capsule_231x87.jpg?t=1777395376,2026-06-03T02:00:28.063Z,1719.0,,,[],[],,,,,,58,100,50,45,64,Loved niche title,Underserved audience clue,Premium,General Steam audience,Paid upfront,Comparable baseline,['loved-by-players'],[],"It Takes Two is a loved niche title, opportunity score 64/100, 95% positive from 46,844 reviews, 1,719 current players.",Mine reviews for the exact language players use; niche love often exposes a product angle.
474,3174120,Ready or Not: Dark Waters,https://store.steampowered.com/app/3174120/Ready_or_Not_Dark_Waters/,"Dec 10, 2024",$4.99,499,50.0,Mixed,61.0,1419.0,['windows'],https://shared.fastly.steamstatic.com/store_item_assets/steam/apps/3174120/f1d66ca6df0d48ea0dc79ba84a19063849faf766/capsule_231x87.jpg?t=1733935263,2026-06-03T02:00:28.063Z,0.0,,,[],[],,,,,,41,67,80,45,56,Commercially aggressive,Pricing/monetization benchmark,Promotional discount,General Steam audience,Discount-driven sales,Comparable baseline,['aggressive-discounting'],['weak-player-sentiment'],"Ready or Not: Dark Waters is a commercially aggressive, opportunity score 56/100, 61% positive from 1,419 reviews, 50% discount.","Compare discount depth, price tier, and monetization model against similar titles."
475,2119830,MISERY,https://store.steampowered.com/app/2119830/MISERY/,"Oct 23, 2025",$12.99,1299,0.0,Very Positive,83.0,7101.0,"['windows', 'linux']",https://shared.fastly.steamstatic.com/store_item_assets/steam/apps/2119830/9ac5fcd5ec0de485a101d31385aeb4c7ca6fdbd5/capsule_231x87.jpg?t=1780418471,2026-06-03T02:00:28.063Z,1132.0,,,[],[],,,,,,54,91,60,45,63,Loved niche title,Underserved audience clue,Mid-market,General Steam audience,Paid upfront,Comparable baseline,['loved-by-players'],[],"MISERY is a loved niche title, opportunity score 63/100, 83% positive from 7,101 reviews, 1,132 current players.",Mine reviews for the exact language players use; niche love often exposes a product angle.
476,1458140,Pacific Drive,https://store.steampowered.com/app/1458140/Pacific_Drive/,"Feb 21, 2024",$17.99,1799,60.0,Very Positive,82.0,13725.0,['windows'],https://shared.fastly.steamstatic.com/store_item_assets/steam/apps/1458140/7c7238c946abefe1c7bc08e69f84af015e7c39ed/capsule_231x87.jpg?t=1763777212,2026-06-03T02:00:28.063Z,313.0,,,[],[],,,,,,53,90,75,45,65,Commercially aggressive,Pricing/monetization benchmark,Promotional discount,General Steam audience,Discount-driven sales,Comparable baseline,"['loved-by-players', 'aggressive-discounting']",[],"Pacific Drive is a commercially aggressive, opportunity score 65/100, 82% positive from 13,725 reviews, 313 current players, 60% discount.","Compare discount depth, price tier, and monetization model against similar titles."
477,4399460,Total War: WARHAMMER III - Bhashiva – Character Pack,https://store.steampowered.com/app/4399460/Total_War_WARHAMMER_III__Bhashiva__Character_Pack/,"May 21, 2026",$4.99,499,0.0,Mixed,52.0,1016.0,"['windows', 'mac', 'linux']",https://shared.fastly.steamstatic.com/store_item_assets/steam/apps/4399460/3300c8ec5275e5df7d45521654c76497086dc7d3/capsule_231x87.jpg?t=1779952893,2026-06-03T02:00:28.063Z,0.0,,,[],[],,,,,,39,58,65,55,52,Standard competitor,Baseline market data,Budget,General Steam audience,Paid upfront,Comparable baseline,['fresh-release'],['weak-player-sentiment'],"Total War: WARHAMMER III - Bhashiva – Character Pack is a standard competitor, opportunity score 52/100, 52% positive from 1,016 reviews.",Use as baseline competitor data; enrich with reviews for deeper sentiment intelligence.
478,787480,Phoenix Wright: Ace Attorney Trilogy,https://store.steampowered.com/app/787480/Phoenix_Wright_Ace_Attorney_Trilogy/,"Apr 9, 2019",$9.89,989,67.0,Overwhelmingly Positive,97.0,9832.0,['windows'],https://shared.fastly.steamstatic.com/store_item_assets/steam/apps/787480/capsule_231x87.jpg?t=1768866317,2026-06-03T02:00:28.063Z,796.0,,,[],[],,,,,,53,100,80,45,69,Commercially aggressive,Pricing/monetization benchmark,Promotional discount,General Steam audience,Discount-driven sales,Comparable baseline,"['loved-by-players', 'aggressive-discounting']",[],"Phoenix Wright: Ace Attorney Trilogy is a commercially aggressive, opportunity score 69/100, 97% positive from 9,832 reviews, 796 current players, 67% discount.","Compare discount depth, price tier, and monetization model against similar titles."
479,1888160,ARMORED CORE™ VI FIRES OF RUBICON™,https://store.steampowered.com/app/1888160/ARMORED_CORE_VI_FIRES_OF_RUBICON/,"Aug 24, 2023",$59.99,5999,0.0,Very Positive,93.0,40011.0,['windows'],https://shared.fastly.steamstatic.com/store_item_assets/steam/apps/1888160/capsule_231x87.jpg?t=1748630736,2026-06-03T02:00:28.063Z,832.0,,,[],[],,,,,,57,100,50,45,64,Loved niche title,Underserved audience clue,Premium,General Steam audience,Paid upfront,Comparable baseline,['loved-by-players'],[],"ARMORED CORE™ VI FIRES OF RUBICON™ is a loved niche title, opportunity score 64/100, 93% positive from 40,011 reviews, 832 current players.",Mine reviews for the exact language players use; niche love often exposes a product angle.
480,4045750,Out of the Park Baseball 27,https://store.steampowered.com/app/4045750/Out_of_the_Park_Baseball_27/,"Mar 13, 2026",$49.99,4999,0.0,Very Positive,81.0,310.0,"['windows', 'mac']",https://shared.fastly.steamstatic.com/store_item_assets/steam/apps/4045750/81ad98432d933b2b746e142db8c62300d188ea51/capsule_231x87.jpg?t=1773420746,2026-06-03T02:00:28.063Z,1124.0,,,[],[],,,,,,46,86,50,55,59,Loved niche title,Underserved audience clue,Premium,General Steam audience,Paid upfront,Niche love - small but passionate audience,"['loved-by-players', 'fresh-release']",[],"Out of the Park Baseball 27 is a loved niche title, opportunity score 59/100, 81% positive from 310 reviews, 1,124 current players.",Mine reviews for the exact language players use; niche love often exposes a product angle.
481,1092790,Inscryption,https://store.steampowered.com/app/1092790/Inscryption/,"Oct 19, 2021",$19.99,1999,0.0,Overwhelmingly Positive,96.0,75282.0,"['windows', 'mac', 'linux']",https://shared.fastly.steamstatic.com/store_item_assets/steam/apps/1092790/capsule_231x87.jpg?t=1777572925,2026-06-03T02:00:28.064Z,888.0,,,[],[],,,,,,57,100,60,45,66,Loved niche title,Underserved audience clue,Mid-market,General Steam audience,Paid upfront,Comparable baseline,['loved-by-players'],[],"Inscryption is a loved niche title, opportunity score 66/100, 96% positive from 75,282 reviews, 888 current players.",Mine reviews for the exact language players use; niche love often exposes a product angle.
482,2719750,Star Birds,https://store.steampowered.com/app/2719750/Star_Birds/,"Sep 10, 2025",$14.99,1499,25.0,Very Positive,91.0,1832.0,"['windows', 'mac']",https://shared.fastly.steamstatic.com/store_item_assets/steam/apps/2719750/fb81b59aefd07896fa0778a851234465614b92c6/capsule_231x87.jpg?t=1779876845,2026-06-03T02:00:28.064Z,185.0,,,[],[],,,,,,47,98,60,45,62,Loved niche title,Underserved audience clue,Mid-market,General Steam audience,Paid upfront,Niche love - small but passionate audience,['loved-by-players'],[],"Star Birds is a loved niche title, opportunity score 62/100, 91% positive from 1,832 reviews, 185 current players, 25% discount.",Mine reviews for the exact language players use; niche love often exposes a product angle.
483,504230,Celeste,https://store.steampowered.com/app/504230/Celeste/,"Jan 25, 2018",$4.99,499,75.0,Overwhelmingly Positive,97.0,59382.0,"['windows', 'mac', 'linux']",https://shared.fastly.steamstatic.com/store_item_assets/steam/apps/504230/capsule_231x87.jpg?t=1714089525,2026-06-03T02:00:28.064Z,1638.0,,,[],[],,,,,,58,100,90,45,72,Commercially aggressive,Pricing/monetization benchmark,Deep discount,General Steam audience,Discount-driven sales,Price pressure - competitor likely using discounts to drive rank,"['loved-by-players', 'aggressive-discounting']",[],"Celeste is a commercially aggressive, opportunity score 72/100, 97% positive from 59,382 reviews, 1,638 current players, 75% discount.","Compare discount depth, price tier, and monetization model against similar titles."
484,611670,The Elder Scrolls V: Skyrim VR,https://store.steampowered.com/app/611670/The_Elder_Scrolls_V_Skyrim_VR/,"Apr 2, 2018",$14.99,1499,75.0,Mostly Positive,74.0,7299.0,['windows'],https://shared.fastly.steamstatic.com/store_item_assets/steam/apps/611670/capsule_231x87.jpg?t=1564002443,2026-06-03T02:00:28.064Z,203.0,,,[],[],,,,,,51,82,85,45,64,Commercially aggressive,Pricing/monetization benchmark,Deep discount,General Steam audience,Discount-driven sales,Price pressure - competitor likely using discounts to drive rank,['aggressive-discounting'],[],"The Elder Scrolls V: Skyrim VR is a commercially aggressive, opportunity score 64/100, 74% positive from 7,299 reviews, 203 current players, 75% discount.","Compare discount depth, price tier, and monetization model against similar titles."
485,1289670,EA Play,https://store.steampowered.com/app/1289670/EA_Play/,"Aug 31, 2020",$5.99,599,0.0,,,,['windows'],https://shared.fastly.steamstatic.com/store_item_assets/steam/apps/1289670/3a67fb42030cd134d09a9c977792ab4e899531fd/capsule_231x87.jpg?t=1776976561,2026-06-03T02:00:28.064Z,0.0,,,[],[],,,,,,23,35,65,45,39,Standard competitor,Baseline market data,Budget,General Steam audience,Paid upfront,Comparable baseline,[],['review-data-missing-or-not-yet-established'],"EA Play is a standard competitor, opportunity score 39/100.",Use as baseline competitor data; enrich with reviews for deeper sentiment intelligence.
486,3419520,Quarantine Zone: The Last Check,https://store.steampowered.com/app/3419520/Quarantine_Zone_The_Last_Check/,"Jan 12, 2026",$19.99,1999,0.0,Very Positive,81.0,5179.0,['windows'],https://shared.fastly.steamstatic.com/store_item_assets/steam/apps/3419520/41cb8a811384fe060753e7b4ceac35b2976e8101/capsule_231x87.jpg?t=1776795498,2026-06-03T02:00:28.064Z,363.0,,,[],[],,,,,,51,88,60,45,61,Loved niche title,Underserved audience clue,Mid-market,General Steam audience,Paid upfront,Comparable baseline,['loved-by-players'],[],"Quarantine Zone: The Last Check is a loved niche title, opportunity score 61/100, 81% positive from 5,179 reviews, 363 current players.",Mine reviews for the exact language players use; niche love often exposes a product angle.
487,1675830,1000xRESIST,https://store.steampowered.com/app/1675830/1000xRESIST/,"May 9, 2024",$11.99,1199,40.0,Overwhelmingly Positive,96.0,4441.0,['windows'],https://shared.fastly.steamstatic.com/store_item_assets/steam/apps/1675830/b81cf765f762c10fd2f2e616a9d92b212ebe8d08/capsule_231x87.jpg?t=1777398642,2026-06-03T02:00:28.064Z,54.0,,,[],[],,,,,,48,100,75,45,66,Commercially aggressive,Pricing/monetization benchmark,Promotional discount,General Steam audience,Paid upfront,Niche love - small but passionate audience,['loved-by-players'],[],"1000xRESIST is a commercially aggressive, opportunity score 66/100, 96% positive from 4,441 reviews, 54 current players, 40% discount.","Compare discount depth, price tier, and monetization model against similar titles."
488,1331550,Big Ambitions,https://store.steampowered.com/app/1331550/Big_Ambitions/,"Mar 10, 2023",$22.99,2299,0.0,Very Positive,92.0,5279.0,"['windows', 'mac']",https://shared.fastly.steamstatic.com/store_item_assets/steam/apps/1331550/d6e6e1bf8235086c0a2197b55a11f8759fd3a563/capsule_231x87.jpg?t=1775198159,2026-06-03T02:00:28.064Z,698.0,,,[],[],,,,,,51,99,60,45,64,Loved niche title,Underserved audience clue,Mid-market,General Steam audience,Paid upfront,Comparable baseline,['loved-by-players'],[],"Big Ambitions is a loved niche title, opportunity score 64/100, 92% positive from 5,279 reviews, 698 current players.",Mine reviews for the exact language players use; niche love often exposes a product angle.
489,2172260,The Complex: Expedition,https://store.steampowered.com/app/2172260/The_Complex_Expedition/,"Jul 18, 2025",$14.99,1499,0.0,Very Positive,88.0,1428.0,['windows'],https://shared.fastly.steamstatic.com/store_item_assets/steam/apps/2172260/5bfde98353562783a00fbb559c4a3326235a28ce/capsule_231x87.jpg?t=1776863161,2026-06-03T02:00:28.064Z,66.0,,,[],[],,,,,,45,94,60,45,60,Loved niche title,Underserved audience clue,Mid-market,General Steam audience,Paid upfront,Niche love - small but passionate audience,['loved-by-players'],[],"The Complex: Expedition is a loved niche title, opportunity score 60/100, 88% positive from 1,428 reviews, 66 current players.",Mine reviews for the exact language players use; niche love often exposes a product angle.
490,2784470,9 Kings,https://store.steampowered.com/app/2784470/9_Kings/,"May 23, 2025",$8.99,899,55.0,Very Positive,92.0,9314.0,"['windows', 'mac']",https://shared.fastly.steamstatic.com/store_item_assets/steam/apps/2784470/52914cecbaa148fd0533aff3c5297306757cd4a0/capsule_231x87.jpg?t=1779786088,2026-06-03T02:00:28.064Z,1976.0,,,[],[],,,,,,54,100,80,45,69,Commercially aggressive,Pricing/monetization benchmark,Promotional discount,General Steam audience,Discount-driven sales,Comparable baseline,"['loved-by-players', 'aggressive-discounting']",[],"9 Kings is a commercially aggressive, opportunity score 69/100, 92% positive from 9,314 reviews, 1,976 current players, 55% discount.","Compare discount depth, price tier, and monetization model against similar titles."
491,1040200,Crime Scene Cleaner,https://store.steampowered.com/app/1040200/Crime_Scene_Cleaner/,"Aug 14, 2024",$28.78,2999,36.0,Overwhelmingly Positive,98.0,14788.0,['windows'],https://shared.fastly.steamstatic.com/store_item_assets/steam/apps/1040200/capsule_231x87.jpg?t=1779960785,2026-06-03T02:00:28.064Z,1118.0,,,[],[],,,,,,54,100,60,45,65,Loved niche title,Underserved audience clue,Promotional discount,General Steam audience,Paid upfront,Comparable baseline,['loved-by-players'],[],"Crime Scene Cleaner is a loved niche title, opportunity score 65/100, 98% positive from 14,788 reviews, 1,118 current players, 36% discount.",Mine reviews for the exact language players use; niche love often exposes a product angle.
492,108710,Alan Wake,https://store.steampowered.com/app/108710/Alan_Wake/,"Feb 16, 2012",$1.49,149,90.0,Very Positive,88.0,16183.0,['windows'],https://shared.fastly.steamstatic.com/store_item_assets/steam/apps/108710/a0e04fbe5de4b8116dbf8102354fcf4db5503fe1/capsule_231x87.jpg?t=1769717716,2026-06-03T02:00:28.065Z,225.0,,,[],[],,,,,,53,96,90,45,70,Commercially aggressive,Pricing/monetization benchmark,Deep discount,General Steam audience,Discount-driven sales,Price pressure - competitor likely using discounts to drive rank,"['loved-by-players', 'aggressive-discounting']",[],"Alan Wake is a commercially aggressive, opportunity score 70/100, 88% positive from 16,183 reviews, 225 current players, 90% discount.","Compare discount depth, price tier, and monetization model against similar titles."
493,2414270,Sunderfolk,https://store.steampowered.com/app/2414270/Sunderfolk/,"Apr 23, 2025",$19.99,1999,60.0,Very Positive,93.0,1750.0,['windows'],https://shared.fastly.steamstatic.com/store_item_assets/steam/apps/2414270/60c0c3f09f2e84a5b66b31faf8e488fbf1890480/capsule_231x87.jpg?t=1779467107,2026-06-03T02:00:28.065Z,250.0,,,[],[],,,,,,47,99,75,45,65,Commercially aggressive,Pricing/monetization benchmark,Promotional discount,General Steam audience,Discount-driven sales,Niche love - small but passionate audience,"['loved-by-players', 'aggressive-discounting']",[],"Sunderfolk is a commercially aggressive, opportunity score 65/100, 93% positive from 1,750 reviews, 250 current players, 60% discount.","Compare discount depth, price tier, and monetization model against similar titles."
494,3035120,Is This Seat Taken?,https://store.steampowered.com/app/3035120/Is_This_Seat_Taken/,"Aug 7, 2025",$6.99,699,30.0,Overwhelmingly Positive,97.0,5159.0,"['windows', 'mac', 'linux']",https://shared.fastly.steamstatic.com/store_item_assets/steam/apps/3035120/696b420beee45cd3e5e0f9397e0b4525cbce6ff6/capsule_231x87.jpg?t=1779986297,2026-06-03T02:00:28.065Z,289.0,,,[],[],,,,,,50,100,65,45,65,Loved niche title,Underserved audience clue,Promotional discount,General Steam audience,Paid upfront,Comparable baseline,['loved-by-players'],[],"Is This Seat Taken? is a loved niche title, opportunity score 65/100, 97% positive from 5,159 reviews, 289 current players, 30% discount.",Mine reviews for the exact language players use; niche love often exposes a product angle.
495,629730,Blade and Sorcery,https://store.steampowered.com/app/629730/Blade_and_Sorcery/,"Jun 17, 2024",$29.99,2999,0.0,Overwhelmingly Positive,96.0,48773.0,['windows'],https://shared.fastly.steamstatic.com/store_item_assets/steam/apps/629730/af06ceb984281d88ace61451c6bae51c5ef52323/capsule_231x87.jpg?t=1765901841,2026-06-03T02:00:28.065Z,564.0,,,[],[],,,,,,56,100,60,45,66,Loved niche title,Underserved audience clue,Mid-market,General Steam audience,Paid upfront,Comparable baseline,['loved-by-players'],[],"Blade and Sorcery is a loved niche title, opportunity score 66/100, 96% positive from 48,773 reviews, 564 current players.",Mine reviews for the exact language players use; niche love often exposes a product angle.
496,3678970,TBH: Task Bar Hero,https://store.steampowered.com/app/3678970/TBH_Task_Bar_Hero/,"May 27, 2026",Free,0,,Mixed,58.0,1058.0,['windows'],https://shared.fastly.steamstatic.com/store_item_assets/steam/apps/3678970/124cbad7c55f19814d0b8f019e06e5a50b8c6337/capsule_231x87.jpg?t=1780112834,2026-06-03T02:00:28.065Z,177731.0,,,[],[],,,,,,54,64,62,75,62,Standard competitor,Baseline market data,Free-to-play,General Steam audience,Free acquisition funnel,Comparable baseline,"['massive-live-audience', 'free-to-play', 'fresh-release']",['weak-player-sentiment'],"TBH: Task Bar Hero is a standard competitor, opportunity score 62/100, 58% positive from 1,058 reviews, 177,731 current players.",Use as baseline competitor data; enrich with reviews for deeper sentiment intelligence.
497,367520,Hollow Knight,https://store.steampowered.com/app/367520/Hollow_Knight/,"Feb 24, 2017",$14.99,1499,0.0,Overwhelmingly Positive,97.0,178007.0,"['windows', 'mac', 'linux']",https://shared.fastly.steamstatic.com/store_item_assets/steam/apps/367520/fba7289f4c7e90ae9c0caa87e4225f3f9111d7dd/capsule_231x87.jpg?t=1776125684,2026-06-03T02:00:28.065Z,5169.0,,,[],[],,,,,,59,100,60,45,67,Loved niche title,Underserved audience clue,Mid-market,General Steam audience,Paid upfront,Comparable baseline,['loved-by-players'],[],"Hollow Knight is a loved niche title, opportunity score 67/100, 97% positive from 178,007 reviews, 5,169 current players.",Mine reviews for the exact language players use; niche love often exposes a product angle.
498,1817070,Marvel’s Spider-Man Remastered,https://store.steampowered.com/app/1817070/Marvels_SpiderMan_Remastered/,"Aug 12, 2022",$59.99,5999,0.0,Overwhelmingly Positive,96.0,53196.0,['windows'],https://shared.fastly.steamstatic.com/store_item_assets/steam/apps/1817070/capsule_231x87.jpg?t=1763569047,2026-06-03T02:00:28.065Z,1486.0,,,[],[],,,,,,57,100,50,45,64,Loved niche title,Underserved audience clue,Premium,General Steam audience,Paid upfront,Comparable baseline,['loved-by-players'],[],"Marvel’s Spider-Man Remastered is a loved niche title, opportunity score 64/100, 96% positive from 53,196 reviews, 1,486 current players.",Mine reviews for the exact language players use; niche love often exposes a product angle.
499,1229240,Chained Echoes,https://store.steampowered.com/app/1229240/Chained_Echoes/,"Dec 8, 2022",$9.99,999,60.0,Very Positive,90.0,4550.0,"['windows', 'mac', 'linux']",https://shared.fastly.steamstatic.com/store_item_assets/steam/apps/1229240/capsule_231x87.jpg?t=1780041365,2026-06-03T02:00:28.065Z,217.0,,,[],[],,,,,,49,97,80,45,66,Commercially aggressive,Pricing/monetization benchmark,Promotional discount,General Steam audience,Discount-driven sales,Niche love - small but passionate audience,"['loved-by-players', 'aggressive-discounting']",[],"Chained Echoes is a commercially aggressive, opportunity score 66/100, 90% positive from 4,550 reviews, 217 current players, 60% discount.","Compare discount depth, price tier, and monetization model against similar titles."
500,814380,Sekiro™: Shadows Die Twice - GOTY Edition,https://store.steampowered.com/app/814380/Sekiro_Shadows_Die_Twice__GOTY_Edition/,"Mar 21, 2019",$59.99,5999,0.0,Very Positive,93.0,86077.0,['windows'],https://shared.fastly.steamstatic.com/store_item_assets/steam/apps/814380/capsule_231x87.jpg?t=1762888662,2026-06-03T02:01:16.924Z,2130.0,,,[],[],,,,,,58,100,50,45,64,Loved niche title,Underserved audience clue,Premium,General Steam audience,Paid upfront,Comparable baseline,['loved-by-players'],[],"Sekiro™: Shadows Die Twice - GOTY Edition is a loved niche title, opportunity score 64/100, 93% positive from 86,077 reviews, 2,130 current players.",Mine reviews for the exact language players use; niche love often exposes a product angle.
501,3681810,Blue Protocol: Star Resonance,https://store.steampowered.com/app/3681810/Blue_Protocol_Star_Resonance/,"Oct 9, 2025",Free,0,,Mixed,49.0,11359.0,['windows'],https://shared.fastly.steamstatic.com/store_item_assets/steam/apps/3681810/dd97cadb6ef06bfbebbad26336c01fff5b9f1eb9/capsule_231x87.jpg?t=1779973438,2026-06-03T02:01:16.924Z,1243.0,,,[],[],,,,,,53,57,62,45,54,Standard competitor,Baseline market data,Free-to-play,General Steam audience,Free acquisition funnel,Comparable baseline,['free-to-play'],['weak-player-sentiment'],"Blue Protocol: Star Resonance is a standard competitor, opportunity score 54/100, 49% positive from 11,359 reviews, 1,243 current players.",Use as baseline competitor data; enrich with reviews for deeper sentiment intelligence.
502,3015760,Ready or Not: Home Invasion,https://store.steampowered.com/app/3015760/Ready_or_Not_Home_Invasion/,"Jul 23, 2024",$4.99,499,50.0,Mixed,54.0,1652.0,['windows'],https://shared.fastly.steamstatic.com/store_item_assets/steam/apps/3015760/capsule_231x87.jpg?t=1733935500,2026-06-03T02:01:16.924Z,0.0,,,[],[],,,,,,40,60,80,45,54,Commercially aggressive,Pricing/monetization benchmark,Promotional discount,General Steam audience,Discount-driven sales,Comparable baseline,['aggressive-discounting'],['weak-player-sentiment'],"Ready or Not: Home Invasion is a commercially aggressive, opportunity score 54/100, 54% positive from 1,652 reviews, 50% discount.","Compare discount depth, price tier, and monetization model against similar titles."
503,1462040,FINAL FANTASY VII REMAKE INTERGRADE,https://store.steampowered.com/app/1462040/FINAL_FANTASY_VII_REMAKE_INTERGRADE/,"Jun 17, 2022",$39.99,3999,0.0,Very Positive,87.0,18851.0,['windows'],https://shared.fastly.steamstatic.com/store_item_assets/steam/apps/1462040/capsule_231x87.jpg?t=1773895755,2026-06-03T02:01:16.924Z,904.0,,,[],[],,,,,,54,96,50,45,62,Loved niche title,Underserved audience clue,Premium,General Steam audience,Paid upfront,Comparable baseline,['loved-by-players'],[],"FINAL FANTASY VII REMAKE INTERGRADE is a loved niche title, opportunity score 62/100, 87% positive from 18,851 reviews, 904 current players.",Mine reviews for the exact language players use; niche love often exposes a product angle.
504,2255370,Directive 8020,https://store.steampowered.com/app/2255370/Directive_8020/,"May 12, 2026",$49.99,4999,0.0,Mixed,64.0,1052.0,['windows'],https://shared.fastly.steamstatic.com/store_item_assets/steam/apps/2255370/a392d8661820bce934b820dda268eb69e586b9d2/capsule_231x87.jpg?t=1780398572,2026-06-03T02:01:16.924Z,124.0,,,[],[],,,,,,45,70,50,55,54,Standard competitor,Baseline market data,Premium,General Steam audience,Paid upfront,Comparable baseline,['fresh-release'],['weak-player-sentiment'],"Directive 8020 is a standard competitor, opportunity score 54/100, 64% positive from 1,052 reviews, 124 current players.",Use as baseline competitor data; enrich with reviews for deeper sentiment intelligence.
505,1282100,REMNANT II®,https://store.steampowered.com/app/1282100/REMNANT_II/,"Jul 25, 2023",$49.99,4999,0.0,Very Positive,85.0,26629.0,['windows'],https://shared.fastly.steamstatic.com/store_item_assets/steam/apps/1282100/capsule_231x87.jpg?t=1764659459,2026-06-03T02:01:16.924Z,1133.0,,,[],[],,,,,,55,94,50,45,62,Loved niche title,Underserved audience clue,Premium,General Steam audience,Paid upfront,Comparable baseline,['loved-by-players'],[],"REMNANT II® is a loved niche title, opportunity score 62/100, 85% positive from 26,629 reviews, 1,133 current players.",Mine reviews for the exact language players use; niche love often exposes a product angle.
506,1139980,Travellers Rest,https://store.steampowered.com/app/1139980/Travellers_Rest/,"Jul 28, 2020",$13.49,1349,25.0,Very Positive,89.0,8013.0,['windows'],https://shared.fastly.steamstatic.com/store_item_assets/steam/apps/1139980/203f00a66b7e6b037b8af816336371ab1e4a3e27/capsule_231x87.jpg?t=1776438870,2026-06-03T02:01:16.924Z,996.0,,,[],[],,,,,,52,97,60,45,63,Loved niche title,Underserved audience clue,Mid-market,General Steam audience,Paid upfront,Comparable baseline,['loved-by-players'],[],"Travellers Rest is a loved niche title, opportunity score 63/100, 89% positive from 8,013 reviews, 996 current players, 25% discount.",Mine reviews for the exact language players use; niche love often exposes a product angle.
507,414700,Outlast 2,https://store.steampowered.com/app/414700/Outlast_2/,"Apr 24, 2017",$4.99,499,75.0,Very Positive,84.0,10671.0,['windows'],https://shared.fastly.steamstatic.com/store_item_assets/steam/apps/414700/capsule_231x87.jpg?t=1618944453,2026-06-03T02:01:16.924Z,242.0,,,[],[],,,,,,51,92,90,45,68,Commercially aggressive,Pricing/monetization benchmark,Deep discount,General Steam audience,Discount-driven sales,Price pressure - competitor likely using discounts to drive rank,"['loved-by-players', 'aggressive-discounting']",[],"Outlast 2 is a commercially aggressive, opportunity score 68/100, 84% positive from 10,671 reviews, 242 current players, 75% discount.","Compare discount depth, price tier, and monetization model against similar titles."
508,3438850,Sledding Game,https://store.steampowered.com/app/3438850/Sledding_Game/,"Apr 30, 2026",$7.99,799,0.0,Overwhelmingly Positive,97.0,1963.0,['windows'],https://shared.fastly.steamstatic.com/store_item_assets/steam/apps/3438850/9da85eb9a065f48c4410a4a1ba3f819cf54b14fe/capsule_231x87.jpg?t=1778060929,2026-06-03T02:01:16.924Z,265.0,,,[],[],,,,,,47,100,65,55,65,Loved niche title,Underserved audience clue,Budget,General Steam audience,Paid upfront,Niche love - small but passionate audience,"['loved-by-players', 'fresh-release']",[],"Sledding Game is a loved niche title, opportunity score 65/100, 97% positive from 1,963 reviews, 265 current players.",Mine reviews for the exact language players use; niche love often exposes a product angle.
509,3092660,Reverse: 1999,https://store.steampowered.com/app/3092660/Reverse_1999/,"Oct 8, 2024",Free,0,,Very Positive,93.0,3158.0,['windows'],https://shared.fastly.steamstatic.com/store_item_assets/steam/apps/3092660/b797062565af0cbb69ba964836522ad19d8ca7d2/capsule_231x87.jpg?t=1780368552,2026-06-03T02:01:16.924Z,871.0,,,[],[],,,,,,49,100,62,45,64,Loved niche title,Underserved audience clue,Free-to-play,General Steam audience,Free acquisition funnel,Niche love - small but passionate audience,"['loved-by-players', 'free-to-play']",[],"Reverse: 1999 is a loved niche title, opportunity score 64/100, 93% positive from 3,158 reviews, 871 current players.",Mine reviews for the exact language players use; niche love often exposes a product angle.
510,3228590,Deadzone: Rogue,https://store.steampowered.com/app/3228590/Deadzone_Rogue/,"Aug 11, 2025",$16.24,1624,35.0,Very Positive,87.0,8081.0,['windows'],https://shared.fastly.steamstatic.com/store_item_assets/steam/apps/3228590/2d1da014055b2b9d9d0702b0ddf7cc56f118e19e/capsule_231x87.jpg?t=1779206710,2026-06-03T02:01:16.924Z,659.0,,,[],[],,,,,,51,95,60,45,63,Loved niche title,Underserved audience clue,Promotional discount,General Steam audience,Paid upfront,Comparable baseline,['loved-by-players'],[],"Deadzone: Rogue is a loved niche title, opportunity score 63/100, 87% positive from 8,081 reviews, 659 current players, 35% discount.",Mine reviews for the exact language players use; niche love often exposes a product angle.
511,2669320,EA SPORTS FC™ 25,https://store.steampowered.com/app/2669320/EA_SPORTS_FC_25/,"Sep 26, 2024",$40.00,6999,0.0,Mixed,53.0,29826.0,['windows'],https://shared.fastly.steamstatic.com/store_item_assets/steam/apps/2669320/59500266e56f82c44a42f75519013aac085b05fc/capsule_231x87.jpg?t=1777395910,2026-06-03T02:01:16.924Z,5340.0,,,[],[],,,,,,57,62,40,45,52,Standard competitor,Baseline market data,High-ticket,General Steam audience,Paid upfront,Comparable baseline,[],['weak-player-sentiment'],"EA SPORTS FC™ 25 is a standard competitor, opportunity score 52/100, 53% positive from 29,826 reviews, 5,340 current players.",Use as baseline competitor data; enrich with reviews for deeper sentiment intelligence.
512,4331610,Dome Keeper: The Lost Keepers,https://store.steampowered.com/app/4331610/Dome_Keeper_The_Lost_Keepers/,"Apr 13, 2026",$7.19,719,10.0,Very Positive,81.0,160.0,"['windows', 'mac', 'linux']",https://shared.fastly.steamstatic.com/store_item_assets/steam/apps/4331610/ce884c30a795cc497513c725125f8bb97869c199/capsule_231x87.jpg?t=1780413656,2026-06-03T02:01:16.925Z,0.0,,,[],[],,,,,,34,85,65,55,57,Loved niche title,Underserved audience clue,Budget,General Steam audience,Paid upfront,Niche love - small but passionate audience,"['loved-by-players', 'fresh-release']",[],"Dome Keeper: The Lost Keepers is a loved niche title, opportunity score 57/100, 81% positive from 160 reviews, 10% discount.",Mine reviews for the exact language players use; niche love often exposes a product angle.
513,204360,Castle Crashers®,https://store.steampowered.com/app/204360/Castle_Crashers/,"Sep 26, 2012",$14.99,1499,0.0,Overwhelmingly Positive,97.0,45024.0,"['windows', 'mac']",https://shared.fastly.steamstatic.com/store_item_assets/steam/apps/204360/capsule_231x87.jpg?t=1764096331,2026-06-03T02:01:16.925Z,616.0,,,[],[],,,,,,55,100,60,45,65,Loved niche title,Underserved audience clue,Mid-market,General Steam audience,Paid upfront,Comparable baseline,['loved-by-players'],[],"Castle Crashers® is a loved niche title, opportunity score 65/100, 97% positive from 45,024 reviews, 616 current players.",Mine reviews for the exact language players use; niche love often exposes a product angle.
514,3059520,F1® 25,https://store.steampowered.com/app/3059520/F1_25/,"May 30, 2025",$59.99,5999,0.0,Very Positive,87.0,8994.0,"['windows', 'vr']",https://shared.fastly.steamstatic.com/store_item_assets/steam/apps/3059520/e5a63913fdbb2b641e64fddee542ab4c946b21cd/capsule_231x87.jpg?t=1779289212,2026-06-03T02:01:16.925Z,2672.0,,,[],[],,,,,,53,95,50,45,61,Loved niche title,Underserved audience clue,Premium,General Steam audience,Paid upfront,Comparable baseline,['loved-by-players'],[],"F1® 25 is a loved niche title, opportunity score 61/100, 87% positive from 8,994 reviews, 2,672 current players.",Mine reviews for the exact language players use; niche love often exposes a product angle.
515,1611910,"Warhammer 40,000: Chaos Gate - Daemonhunters",https://store.steampowered.com/app/1611910/Warhammer_40000_Chaos_Gate__Daemonhunters/,"May 5, 2022",$4.49,449,90.0,Mostly Positive,78.0,7297.0,['windows'],https://shared.fastly.steamstatic.com/store_item_assets/steam/apps/1611910/capsule_231x87.jpg?t=1764856974,2026-06-03T02:01:16.925Z,582.0,,,[],[],,,,,,51,86,90,45,66,Commercially aggressive,Pricing/monetization benchmark,Deep discount,General Steam audience,Discount-driven sales,Price pressure - competitor likely using discounts to drive rank,"['loved-by-players', 'aggressive-discounting']",[],"Warhammer 40,000: Chaos Gate - Daemonhunters is a commercially aggressive, opportunity score 66/100, 78% positive from 7,297 reviews, 582 current players, 90% discount.","Compare discount depth, price tier, and monetization model against similar titles."
516,704270,Generation Zero®,https://store.steampowered.com/app/704270/Generation_Zero/,"Mar 26, 2019",$4.99,499,80.0,Mostly Positive,76.0,18159.0,['windows'],https://shared.fastly.steamstatic.com/store_item_assets/steam/apps/704270/capsule_231x87.jpg?t=1733993638,2026-06-03T02:01:16.925Z,363.0,,,[],[],,,,,,52,85,90,45,66,Commercially aggressive,Pricing/monetization benchmark,Deep discount,General Steam audience,Discount-driven sales,Price pressure - competitor likely using discounts to drive rank,"['loved-by-players', 'aggressive-discounting']",[],"Generation Zero® is a commercially aggressive, opportunity score 66/100, 76% positive from 18,159 reviews, 363 current players, 80% discount.","Compare discount depth, price tier, and monetization model against similar titles."
517,1135690,Unpacking,https://store.steampowered.com/app/1135690/Unpacking/,"Nov 1, 2021",$7.99,799,60.0,Very Positive,93.0,22407.0,"['windows', 'mac', 'linux']",https://shared.fastly.steamstatic.com/store_item_assets/steam/apps/1135690/capsule_231x87.jpg?t=1773703120,2026-06-03T02:01:16.925Z,321.0,,,[],[],,,,,,52,100,80,45,68,Commercially aggressive,Pricing/monetization benchmark,Promotional discount,General Steam audience,Discount-driven sales,Comparable baseline,"['loved-by-players', 'aggressive-discounting']",[],"Unpacking is a commercially aggressive, opportunity score 68/100, 93% positive from 22,407 reviews, 321 current players, 60% discount.","Compare discount depth, price tier, and monetization model against similar titles."
518,2426960,Summoners War,https://store.steampowered.com/app/2426960/Summoners_War/,"Jan 7, 2024",Free,0,,Mixed,66.0,3927.0,['windows'],https://shared.fastly.steamstatic.com/store_item_assets/steam/apps/2426960/be2f693ff5b3bcde9305279f21f1a2e9fd020dbd/capsule_231x87.jpg?t=1780020022,2026-06-03T02:01:16.925Z,5683.0,,,[],[],,,,,,52,73,62,45,58,Standard competitor,Baseline market data,Free-to-play,General Steam audience,Free acquisition funnel,Comparable baseline,['free-to-play'],['weak-player-sentiment'],"Summoners War is a standard competitor, opportunity score 58/100, 66% positive from 3,927 reviews, 5,683 current players.",Use as baseline competitor data; enrich with reviews for deeper sentiment intelligence.
519,2552430,KINGDOM HEARTS -HD 1.5+2.5 ReMIX-,https://store.steampowered.com/app/2552430/KINGDOM_HEARTS_HD_1525_ReMIX/,"Jun 13, 2024",$49.99,4999,0.0,Very Positive,85.0,6653.0,['windows'],https://shared.fastly.steamstatic.com/store_item_assets/steam/apps/2552430/capsule_231x87.jpg?t=1779418330,2026-06-03T02:01:16.925Z,1576.0,,,[],[],,,,,,51,93,50,45,60,Loved niche title,Underserved audience clue,Premium,General Steam audience,Paid upfront,Comparable baseline,['loved-by-players'],[],"KINGDOM HEARTS -HD 1.5+2.5 ReMIX- is a loved niche title, opportunity score 60/100, 85% positive from 6,653 reviews, 1,576 current players.",Mine reviews for the exact language players use; niche love often exposes a product angle.
520,1533390,Gorilla Tag,https://store.steampowered.com/app/1533390/Gorilla_Tag/,"Jan 1, 2023",$19.99,1999,0.0,Very Positive,93.0,45196.0,['windows'],https://shared.fastly.steamstatic.com/store_item_assets/steam/apps/1533390/capsule_231x87.jpg?t=1715638911,2026-06-03T02:01:16.925Z,961.0,,,[],[],,,,,,55,100,60,45,65,Loved niche title,Underserved audience clue,Mid-market,General Steam audience,Paid upfront,Comparable baseline,['loved-by-players'],[],"Gorilla Tag is a loved niche title, opportunity score 65/100, 93% positive from 45,196 reviews, 961 current players.",Mine reviews for the exact language players use; niche love often exposes a product angle.
521,357190,ULTIMATE MARVEL VS. CAPCOM 3,https://store.steampowered.com/app/357190/ULTIMATE_MARVEL_VS_CAPCOM_3/,"Mar 6, 2017",$4.99,499,80.0,Very Positive,92.0,4036.0,['windows'],https://shared.fastly.steamstatic.com/store_item_assets/steam/apps/357190/capsule_231x87.jpg?t=1644282901,2026-06-03T02:01:16.925Z,354.0,,,[],[],,,,,,49,99,90,45,69,Commercially aggressive,Pricing/monetization benchmark,Deep discount,General Steam audience,Discount-driven sales,Niche love - small but passionate audience,"['loved-by-players', 'aggressive-discounting']",[],"ULTIMATE MARVEL VS. CAPCOM 3 is a commercially aggressive, opportunity score 69/100, 92% positive from 4,036 reviews, 354 current players, 80% discount.","Compare discount depth, price tier, and monetization model against similar titles."
522,1677770,The Case of the Golden Idol,https://store.steampowered.com/app/1677770/The_Case_of_the_Golden_Idol/,"Oct 13, 2022",$8.99,899,50.0,Overwhelmingly Positive,98.0,6325.0,"['windows', 'mac', 'linux']",https://shared.fastly.steamstatic.com/store_item_assets/steam/apps/1677770/capsule_231x87.jpg?t=1758227116,2026-06-03T02:01:16.925Z,143.0,,,[],[],,,,,,48,100,80,45,67,Commercially aggressive,Pricing/monetization benchmark,Promotional discount,General Steam audience,Discount-driven sales,Niche love - small but passionate audience,"['loved-by-players', 'aggressive-discounting']",[],"The Case of the Golden Idol is a commercially aggressive, opportunity score 67/100, 98% positive from 6,325 reviews, 143 current players, 50% discount.","Compare discount depth, price tier, and monetization model against similar titles."
523,2649240,FINAL FANTASY XIV: Dawntrail,https://store.steampowered.com/app/2649240/FINAL_FANTASY_XIV_Dawntrail/,"Jul 2, 2024",$39.99,3999,0.0,Mixed,48.0,4606.0,['windows'],https://shared.fastly.steamstatic.com/store_item_assets/steam/apps/2649240/860120c8e9130ea79f60cab5541fee15c5c71ba4/capsule_231x87.jpg?t=1778157226,2026-06-03T02:01:16.925Z,0.0,,,[],[],,,,,,41,55,50,45,47,Standard competitor,Baseline market data,Premium,General Steam audience,Paid upfront,Comparable baseline,[],['weak-player-sentiment'],"FINAL FANTASY XIV: Dawntrail is a standard competitor, opportunity score 47/100, 48% positive from 4,606 reviews.",Use as baseline competitor data; enrich with reviews for deeper sentiment intelligence.
524,784150,Workers & Resources: Soviet Republic,https://store.steampowered.com/app/784150/Workers__Resources_Soviet_Republic/,"Jun 20, 2024",$9.99,999,75.0,Very Positive,89.0,8391.0,['windows'],https://shared.fastly.steamstatic.com/store_item_assets/steam/apps/784150/capsule_231x87.jpg?t=1779785928,2026-06-03T02:01:16.925Z,1249.0,,,[],[],,,,,,52,97,90,45,69,Commercially aggressive,Pricing/monetization benchmark,Deep discount,General Steam audience,Discount-driven sales,Price pressure - competitor likely using discounts to drive rank,"['loved-by-players', 'aggressive-discounting']",[],"Workers & Resources: Soviet Republic is a commercially aggressive, opportunity score 69/100, 89% positive from 8,391 reviews, 1,249 current players, 75% discount.","Compare discount depth, price tier, and monetization model against similar titles."
525,761890,Albion Online,https://store.steampowered.com/app/761890/Albion_Online/,"May 16, 2018",Free,0,,Mostly Positive,74.0,26881.0,"['windows', 'mac', 'linux']",https://shared.fastly.steamstatic.com/store_item_assets/steam/apps/761890/1306c035b47b8734e8b0bf264c2138b28461f097/capsule_231x87.jpg?t=1776091042,2026-06-03T02:01:16.925Z,7163.0,,,[],[],,,,,,57,83,62,45,62,Standard competitor,Baseline market data,Free-to-play,General Steam audience,Free acquisition funnel,Comparable baseline,['free-to-play'],[],"Albion Online is a standard competitor, opportunity score 62/100, 74% positive from 26,881 reviews, 7,163 current players.",Use as baseline competitor data; enrich with reviews for deeper sentiment intelligence.
526,2005010,"Warhammer 40,000: Boltgun",https://store.steampowered.com/app/2005010/Warhammer_40000_Boltgun/,"May 23, 2023",$7.25,725,67.0,Very Positive,90.0,10993.0,['windows'],https://shared.fastly.steamstatic.com/store_item_assets/steam/apps/2005010/9cce468c98e63b89809f45130d89ddd788cad48b/capsule_231x87.jpg?t=1779198377,2026-06-03T02:01:16.925Z,183.0,,,[],[],,,,,,50,98,80,45,67,Commercially aggressive,Pricing/monetization benchmark,Promotional discount,General Steam audience,Discount-driven sales,Comparable baseline,"['loved-by-players', 'aggressive-discounting']",[],"Warhammer 40,000: Boltgun is a commercially aggressive, opportunity score 67/100, 90% positive from 10,993 reviews, 183 current players, 67% discount.","Compare discount depth, price tier, and monetization model against similar titles."
527,2366980,Thank Goodness You're Here!,https://store.steampowered.com/app/2366980/Thank_Goodness_Youre_Here/,"Aug 1, 2024",$9.99,999,50.0,Overwhelmingly Positive,96.0,5621.0,"['windows', 'mac']",https://shared.fastly.steamstatic.com/store_item_assets/steam/apps/2366980/capsule_231x87.jpg?t=1733154706,2026-06-03T02:01:16.925Z,38.0,,,[],[],,,,,,46,100,80,45,66,Commercially aggressive,Pricing/monetization benchmark,Promotional discount,General Steam audience,Discount-driven sales,Niche love - small but passionate audience,"['loved-by-players', 'aggressive-discounting']",[],"Thank Goodness You're Here! is a commercially aggressive, opportunity score 66/100, 96% positive from 5,621 reviews, 38 current players, 50% discount.","Compare discount depth, price tier, and monetization model against similar titles."
528,570940,DARK SOULS™: REMASTERED,https://store.steampowered.com/app/570940/DARK_SOULS_REMASTERED/,"May 23, 2018",$39.99,3999,0.0,Very Positive,91.0,47877.0,['windows'],https://shared.fastly.steamstatic.com/store_item_assets/steam/apps/570940/capsule_231x87.jpg?t=1778518110,2026-06-03T02:01:16.925Z,2583.0,,,[],[],,,,,,56,100,50,45,64,Loved niche title,Underserved audience clue,Premium,General Steam audience,Paid upfront,Comparable baseline,['loved-by-players'],[],"DARK SOULS™: REMASTERED is a loved niche title, opportunity score 64/100, 91% positive from 47,877 reviews, 2,583 current players.",Mine reviews for the exact language players use; niche love often exposes a product angle.
529,2172010,Until Dawn™,https://store.steampowered.com/app/2172010/Until_Dawn/,"Oct 4, 2024",$59.99,5999,0.0,Very Positive,82.0,1982.0,['windows'],https://shared.fastly.steamstatic.com/store_item_assets/steam/apps/2172010/capsule_231x87.jpg?t=1750959555,2026-06-03T02:01:16.925Z,75.0,,,[],[],,,,,,44,89,50,45,57,Loved niche title,Underserved audience clue,Premium,General Steam audience,Paid upfront,Niche love - small but passionate audience,['loved-by-players'],[],"Until Dawn™ is a loved niche title, opportunity score 57/100, 82% positive from 1,982 reviews, 75 current players.",Mine reviews for the exact language players use; niche love often exposes a product angle.
530,3489700,Stellar Blade™,https://store.steampowered.com/app/3489700/Stellar_Blade/,"Jun 11, 2025",$59.99,5999,0.0,Overwhelmingly Positive,95.0,15992.0,['windows'],https://shared.fastly.steamstatic.com/store_item_assets/steam/apps/3489700/75914656cad450124a18fef914c5a5f4866ffb67/capsule_231x87.jpg?t=1776466244,2026-06-03T02:01:16.926Z,1273.0,,,[],[],,,,,,53,100,50,45,63,Loved niche title,Underserved audience clue,Premium,General Steam audience,Paid upfront,Comparable baseline,['loved-by-players'],[],"Stellar Blade™ is a loved niche title, opportunity score 63/100, 95% positive from 15,992 reviews, 1,273 current players.",Mine reviews for the exact language players use; niche love often exposes a product angle.
531,1062090,Timberborn,https://store.steampowered.com/app/1062090/Timberborn/,"Mar 12, 2026",$34.99,3499,0.0,Overwhelmingly Positive,96.0,22982.0,"['windows', 'mac']",https://shared.fastly.steamstatic.com/store_item_assets/steam/apps/1062090/dc43b790414e5d1028cb931bb3a50b7606fe1a68/capsule_231x87.jpg?t=1778852866,2026-06-03T02:01:16.926Z,3248.0,,,[],[],,,,,,55,100,50,55,65,Loved niche title,Underserved audience clue,Premium,General Steam audience,Paid upfront,Comparable baseline,"['loved-by-players', 'fresh-release']",[],"Timberborn is a loved niche title, opportunity score 65/100, 96% positive from 22,982 reviews, 3,248 current players.",Mine reviews for the exact language players use; niche love often exposes a product angle.
532,1343370,Old School RuneScape,https://store.steampowered.com/app/1343370/Old_School_RuneScape/,"Feb 24, 2021",Free,0,,Very Positive,82.0,17772.0,"['windows', 'mac']",https://shared.fastly.steamstatic.com/store_item_assets/steam/apps/1343370/capsule_231x87.jpg?t=1779113374,2026-06-03T02:01:16.926Z,1196.0,,,[],[],,,,,,53,90,62,45,62,Loved niche title,Underserved audience clue,Free-to-play,General Steam audience,Free acquisition funnel,Comparable baseline,"['loved-by-players', 'free-to-play']",[],"Old School RuneScape is a loved niche title, opportunity score 62/100, 82% positive from 17,772 reviews, 1,196 current players.",Mine reviews for the exact language players use; niche love often exposes a product angle.
533,1627720,Lies of P,https://store.steampowered.com/app/1627720/Lies_of_P/,"Sep 18, 2023",$59.99,5999,0.0,Very Positive,93.0,26805.0,"['windows', 'mac']",https://shared.fastly.steamstatic.com/store_item_assets/steam/apps/1627720/capsule_231x87.jpg?t=1764565054,2026-06-03T02:01:16.926Z,1114.0,,,[],[],,,,,,54,100,50,45,63,Loved niche title,Underserved audience clue,Premium,General Steam audience,Paid upfront,Comparable baseline,['loved-by-players'],[],"Lies of P is a loved niche title, opportunity score 63/100, 93% positive from 26,805 reviews, 1,114 current players.",Mine reviews for the exact language players use; niche love often exposes a product angle.
534,1868140,DAVE THE DIVER,https://store.steampowered.com/app/1868140/DAVE_THE_DIVER/,"Jun 28, 2023",$19.99,1999,0.0,Overwhelmingly Positive,96.0,48270.0,"['windows', 'mac']",https://shared.fastly.steamstatic.com/store_item_assets/steam/apps/1868140/cfdc3d184fb5f3cbf9fff9b25bb1bce6f1baf673/capsule_231x87.jpg?t=1776394908,2026-06-03T02:01:16.926Z,2374.0,,,[],[],,,,,,56,100,60,45,66,Loved niche title,Underserved audience clue,Mid-market,General Steam audience,Paid upfront,Comparable baseline,['loved-by-players'],[],"DAVE THE DIVER is a loved niche title, opportunity score 66/100, 96% positive from 48,270 reviews, 2,374 current players.",Mine reviews for the exact language players use; niche love often exposes a product angle.
535,1106840,Hydroneer,https://store.steampowered.com/app/1106840/Hydroneer/,"May 8, 2020",$14.99,1499,0.0,Very Positive,86.0,19361.0,['windows'],https://shared.fastly.steamstatic.com/store_item_assets/steam/apps/1106840/capsule_231x87.jpg?t=1777546952,2026-06-03T02:01:16.926Z,942.0,,,[],[],,,,,,53,95,60,45,63,Loved niche title,Underserved audience clue,Mid-market,General Steam audience,Paid upfront,Comparable baseline,['loved-by-players'],[],"Hydroneer is a loved niche title, opportunity score 63/100, 86% positive from 19,361 reviews, 942 current players.",Mine reviews for the exact language players use; niche love often exposes a product angle.
536,368340,CrossCode,https://store.steampowered.com/app/368340/CrossCode/,"Sep 20, 2018",$4.99,499,75.0,Very Positive,93.0,9980.0,"['windows', 'mac', 'linux']",https://shared.fastly.steamstatic.com/store_item_assets/steam/apps/368340/capsule_231x87.jpg?t=1780041335,2026-06-03T02:01:16.927Z,473.0,,,[],[],,,,,,51,100,90,45,70,Commercially aggressive,Pricing/monetization benchmark,Deep discount,General Steam audience,Discount-driven sales,Price pressure - competitor likely using discounts to drive rank,"['loved-by-players', 'aggressive-discounting']",[],"CrossCode is a commercially aggressive, opportunity score 70/100, 93% positive from 9,980 reviews, 473 current players, 75% discount.","Compare discount depth, price tier, and monetization model against similar titles."
537,3097560,Liar's Bar,https://store.steampowered.com/app/3097560/Liars_Bar/,"Oct 2, 2024",$6.99,699,0.0,Very Positive,89.0,14985.0,['windows'],https://shared.fastly.steamstatic.com/store_item_assets/steam/apps/3097560/de5fadeac50760c4cb15ccd0d2b14a8662f00b75/capsule_231x87.jpg?t=1766761133,2026-06-03T02:01:16.927Z,475.0,,,[],[],,,,,,51,97,65,45,64,Loved niche title,Underserved audience clue,Budget,General Steam audience,Paid upfront,Comparable baseline,['loved-by-players'],[],"Liar's Bar is a loved niche title, opportunity score 64/100, 89% positive from 14,985 reviews, 475 current players.",Mine reviews for the exact language players use; niche love often exposes a product angle.
538,482400,System Shock,https://store.steampowered.com/app/482400/System_Shock/,"May 30, 2023",$11.99,1199,70.0,Very Positive,90.0,7564.0,['windows'],https://shared.fastly.steamstatic.com/store_item_assets/steam/apps/482400/capsule_231x87.jpg?t=1769786947,2026-06-03T02:01:16.927Z,193.0,,,[],[],,,,,,48,98,85,45,67,Commercially aggressive,Pricing/monetization benchmark,Deep discount,General Steam audience,Discount-driven sales,Niche love - small but passionate audience,"['loved-by-players', 'aggressive-discounting']",[],"System Shock is a commercially aggressive, opportunity score 67/100, 90% positive from 7,564 reviews, 193 current players, 70% discount.","Compare discount depth, price tier, and monetization model against similar titles."
539,3672960,House Flipper 2 - Scooby-Doo DLC,https://store.steampowered.com/app/3672960/House_Flipper_2__ScoobyDoo_DLC/,"Oct 23, 2025",$11.99,1199,20.0,Very Positive,87.0,182.0,['windows'],https://shared.fastly.steamstatic.com/store_item_assets/steam/apps/3672960/146fc03add2a7e7b399430110a84602ceaa67f38/capsule_231x87.jpg?t=1779278942,2026-06-03T02:01:16.927Z,0.0,,,[],[],,,,,,33,92,60,45,56,Loved niche title,Underserved audience clue,Mid-market,General Steam audience,Paid upfront,Niche love - small but passionate audience,['loved-by-players'],[],"House Flipper 2 - Scooby-Doo DLC is a loved niche title, opportunity score 56/100, 87% positive from 182 reviews, 20% discount.",Mine reviews for the exact language players use; niche love often exposes a product angle.
540,1336490,Against the Storm,https://store.steampowered.com/app/1336490/Against_the_Storm/,"Dec 8, 2023",$8.99,899,70.0,Overwhelmingly Positive,95.0,18417.0,['windows'],https://shared.fastly.steamstatic.com/store_item_assets/steam/apps/1336490/capsule_231x87.jpg?t=1779786165,2026-06-03T02:01:16.927Z,1163.0,,,[],[],,,,,,53,100,90,45,71,Commercially aggressive,Pricing/monetization benchmark,Deep discount,General Steam audience,Discount-driven sales,Price pressure - competitor likely using discounts to drive rank,"['loved-by-players', 'aggressive-discounting']",[],"Against the Storm is a commercially aggressive, opportunity score 71/100, 95% positive from 18,417 reviews, 1,163 current players, 70% discount.","Compare discount depth, price tier, and monetization model against similar titles."
541,1260320,Party Animals,https://store.steampowered.com/app/1260320/Party_Animals/,"Sep 20, 2023",$19.99,1999,0.0,Very Positive,89.0,16757.0,['windows'],https://shared.fastly.steamstatic.com/store_item_assets/steam/apps/1260320/capsule_231x87.jpg?t=1770880496,2026-06-03T02:01:16.927Z,1596.0,,,[],[],,,,,,53,97,60,45,64,Loved niche title,Underserved audience clue,Mid-market,General Steam audience,Paid upfront,Comparable baseline,['loved-by-players'],[],"Party Animals is a loved niche title, opportunity score 64/100, 89% positive from 16,757 reviews, 1,596 current players.",Mine reviews for the exact language players use; niche love often exposes a product angle.
542,4573920,skate.™ - Dem Bones Deluxe Pack,https://store.steampowered.com/app/4573920/skate__Dem_Bones_Deluxe_Pack/,"Jun 2, 2026",$49.99,4999,0.0,,,,['windows'],https://shared.fastly.steamstatic.com/store_item_assets/steam/apps/4573920/4ca993bf90567399bc72b6e100ad92a1f74968e1/capsule_231x87.jpg?t=1780429156,2026-06-03T02:01:16.927Z,0.0,,,[],[],,,,,,21,35,50,55,37,Standard competitor,Baseline market data,Premium,General Steam audience,Paid upfront,Comparable baseline,['fresh-release'],['review-data-missing-or-not-yet-established'],"skate.™ - Dem Bones Deluxe Pack is a standard competitor, opportunity score 37/100.",Use as baseline competitor data; enrich with reviews for deeper sentiment intelligence.
543,1129580,Medieval Dynasty,https://store.steampowered.com/app/1129580/Medieval_Dynasty/,"Sep 23, 2021",$34.99,3499,0.0,Very Positive,89.0,18839.0,['windows'],https://shared.fastly.steamstatic.com/store_item_assets/steam/apps/1129580/68d72c9933d96010176cec800b4b2ae4697f6b2d/capsule_231x87.jpg?t=1779781476,2026-06-03T02:01:16.927Z,1171.0,,,[],[],,,,,,53,98,50,45,62,Loved niche title,Underserved audience clue,Premium,General Steam audience,Paid upfront,Comparable baseline,['loved-by-players'],[],"Medieval Dynasty is a loved niche title, opportunity score 62/100, 89% positive from 18,839 reviews, 1,171 current players.",Mine reviews for the exact language players use; niche love often exposes a product angle.
544,2185060,Two Point Museum,https://store.steampowered.com/app/2185060/Two_Point_Museum/,"Mar 4, 2025",$29.99,2999,0.0,Overwhelmingly Positive,95.0,4655.0,"['windows', 'mac', 'linux']",https://shared.fastly.steamstatic.com/store_item_assets/steam/apps/2185060/39af5f1d2a30ca59c8b5302616183ff902322ddd/capsule_231x87.jpg?t=1776953050,2026-06-03T02:01:16.927Z,838.0,,,[],[],,,,,,49,100,60,45,63,Loved niche title,Underserved audience clue,Mid-market,General Steam audience,Paid upfront,Niche love - small but passionate audience,['loved-by-players'],[],"Two Point Museum is a loved niche title, opportunity score 63/100, 95% positive from 4,655 reviews, 838 current players.",Mine reviews for the exact language players use; niche love often exposes a product angle.
545,230290,Universe Sandbox,https://store.steampowered.com/app/230290/Universe_Sandbox/,"Aug 24, 2015",$29.99,2999,0.0,Overwhelmingly Positive,96.0,19071.0,"['windows', 'mac']",https://shared.fastly.steamstatic.com/store_item_assets/steam/apps/230290/capsule_231x87.jpg?t=1745448523,2026-06-03T02:01:16.927Z,452.0,,,[],[],,,,,,51,100,60,45,64,Loved niche title,Underserved audience clue,Mid-market,General Steam audience,Paid upfront,Comparable baseline,['loved-by-players'],[],"Universe Sandbox is a loved niche title, opportunity score 64/100, 96% positive from 19,071 reviews, 452 current players.",Mine reviews for the exact language players use; niche love often exposes a product angle.
546,1476970,IdleOn,https://store.steampowered.com/app/1476970/IdleOn/,"Nov 6, 2025",Free,0,,Mostly Positive,76.0,21084.0,['windows'],https://shared.fastly.steamstatic.com/store_item_assets/steam/apps/1476970/6c5ebda02c5a3ee53ed0ce584e9b4db2a8f3909a/capsule_231x87.jpg?t=1776472527,2026-06-03T02:01:16.927Z,7758.0,,,[],[],,,,,,55,85,62,45,62,Loved niche title,Underserved audience clue,Free-to-play,General Steam audience,Free acquisition funnel,Comparable baseline,"['loved-by-players', 'free-to-play']",[],"IdleOn is a loved niche title, opportunity score 62/100, 76% positive from 21,084 reviews, 7,758 current players.",Mine reviews for the exact language players use; niche love often exposes a product angle.
547,2754380,The Roottrees are Dead,https://store.steampowered.com/app/2754380/The_Roottrees_are_Dead/,"Jan 15, 2025",$15.99,1599,20.0,Overwhelmingly Positive,97.0,4567.0,"['windows', 'mac', 'linux']",https://shared.fastly.steamstatic.com/store_item_assets/steam/apps/2754380/e352ff8c11e1a18254c62550b1128cb66e437c8e/capsule_231x87.jpg?t=1778766790,2026-06-03T02:01:16.927Z,349.0,,,[],[],,,,,,47,100,60,45,62,Loved niche title,Underserved audience clue,Mid-market,General Steam audience,Paid upfront,Niche love - small but passionate audience,['loved-by-players'],[],"The Roottrees are Dead is a loved niche title, opportunity score 62/100, 97% positive from 4,567 reviews, 349 current players, 20% discount.",Mine reviews for the exact language players use; niche love often exposes a product angle.
548,454650,DRAGON BALL XENOVERSE 2,https://store.steampowered.com/app/454650/DRAGON_BALL_XENOVERSE_2/,"Oct 27, 2016",$19.99,1999,0.0,Very Positive,89.0,18663.0,['windows'],https://shared.fastly.steamstatic.com/store_item_assets/steam/apps/454650/capsule_231x87.jpg?t=1779442843,2026-06-03T02:01:16.927Z,854.0,,,[],[],,,,,,52,98,60,45,64,Loved niche title,Underserved audience clue,Mid-market,General Steam audience,Paid upfront,Comparable baseline,['loved-by-players'],[],"DRAGON BALL XENOVERSE 2 is a loved niche title, opportunity score 64/100, 89% positive from 18,663 reviews, 854 current players.",Mine reviews for the exact language players use; niche love often exposes a product angle.
549,433340,Slime Rancher,https://store.steampowered.com/app/433340/Slime_Rancher/,"Aug 1, 2017",$4.99,499,75.0,Overwhelmingly Positive,98.0,64741.0,"['windows', 'mac', 'linux']",https://shared.fastly.steamstatic.com/store_item_assets/steam/apps/433340/capsule_231x87.jpg?t=1758651509,2026-06-03T02:01:16.927Z,1234.0,,,[],[],,,,,,55,100,90,45,71,Commercially aggressive,Pricing/monetization benchmark,Deep discount,General Steam audience,Discount-driven sales,Price pressure - competitor likely using discounts to drive rank,"['loved-by-players', 'aggressive-discounting']",[],"Slime Rancher is a commercially aggressive, opportunity score 71/100, 98% positive from 64,741 reviews, 1,234 current players, 75% discount.","Compare discount depth, price tier, and monetization model against similar titles."
550,459820,Crush Crush,https://store.steampowered.com/app/459820/Crush_Crush/,"Oct 18, 2016",Free,0,,Very Positive,89.0,19069.0,"['windows', 'mac', 'linux']",https://shared.fastly.steamstatic.com/store_item_assets/steam/apps/459820/05c1d01cb1094ed5a8727d439f0619820ee6c492/capsule_231x87.jpg?t=1779751345,2026-06-03T02:01:16.927Z,1028.0,,,[],[],,,,,,52,98,62,45,64,Loved niche title,Underserved audience clue,Free-to-play,General Steam audience,Free acquisition funnel,Comparable baseline,"['loved-by-players', 'free-to-play']",[],"Crush Crush is a loved niche title, opportunity score 64/100, 89% positive from 19,069 reviews, 1,028 current players.",Mine reviews for the exact language players use; niche love often exposes a product angle.
551,322330,Don't Starve Together,https://store.steampowered.com/app/322330/Dont_Starve_Together/,"Apr 21, 2016",$14.99,1499,0.0,Overwhelmingly Positive,95.0,80874.0,"['windows', 'mac', 'linux']",https://shared.fastly.steamstatic.com/store_item_assets/steam/apps/322330/29836375ea0f65ee0495d97a26c997f8cef7cab7/capsule_231x87.jpg?t=1777913126,2026-06-03T02:01:16.927Z,11671.0,,,[],[],,,,,,57,100,60,57,68,Loved niche title,Underserved audience clue,Mid-market,General Steam audience,Paid upfront,Comparable baseline,"['loved-by-players', 'healthy-community']",[],"Don't Starve Together is a loved niche title, opportunity score 68/100, 95% positive from 80,874 reviews, 11,671 current players.",Mine reviews for the exact language players use; niche love often exposes a product angle.
552,1217060,Gunfire Reborn,https://store.steampowered.com/app/1217060/Gunfire_Reborn/,"Nov 17, 2021",$19.99,1999,0.0,Overwhelmingly Positive,96.0,36426.0,['windows'],https://shared.fastly.steamstatic.com/store_item_assets/steam/apps/1217060/7ec98316698083a83078163141f54e75db91b41c/capsule_231x87.jpg?t=1778549079,2026-06-03T02:01:16.927Z,916.0,,,[],[],,,,,,53,100,60,45,65,Loved niche title,Underserved audience clue,Mid-market,General Steam audience,Paid upfront,Comparable baseline,['loved-by-players'],[],"Gunfire Reborn is a loved niche title, opportunity score 65/100, 96% positive from 36,426 reviews, 916 current players.",Mine reviews for the exact language players use; niche love often exposes a product angle.
553,1577120,The Quarry,https://store.steampowered.com/app/1577120/The_Quarry/,"Jun 9, 2022",$8.99,899,85.0,Very Positive,83.0,7391.0,['windows'],https://shared.fastly.steamstatic.com/store_item_assets/steam/apps/1577120/capsule_231x87.jpg?t=1730303267,2026-06-03T02:01:16.927Z,236.0,,,[],[],,,,,,48,91,90,45,67,Commercially aggressive,Pricing/monetization benchmark,Deep discount,General Steam audience,Discount-driven sales,Niche love - small but passionate audience,"['loved-by-players', 'aggressive-discounting']",[],"The Quarry is a commercially aggressive, opportunity score 67/100, 83% positive from 7,391 reviews, 236 current players, 85% discount.","Compare discount depth, price tier, and monetization model against similar titles."
554,1049410,Superliminal,https://store.steampowered.com/app/1049410/Superliminal/,"Nov 5, 2020",$7.99,799,60.0,Very Positive,93.0,14064.0,"['windows', 'mac', 'linux']",https://shared.fastly.steamstatic.com/store_item_assets/steam/apps/1049410/capsule_231x87.jpg?t=1755294276,2026-06-03T02:01:16.927Z,140.0,,,[],[],,,,,,49,100,80,45,67,Commercially aggressive,Pricing/monetization benchmark,Promotional discount,General Steam audience,Discount-driven sales,Niche love - small but passionate audience,"['loved-by-players', 'aggressive-discounting']",[],"Superliminal is a commercially aggressive, opportunity score 67/100, 93% positive from 14,064 reviews, 140 current players, 60% discount.","Compare discount depth, price tier, and monetization model against similar titles."
555,961200,Predecessor,https://store.steampowered.com/app/961200/Predecessor/,"Aug 20, 2024",Free,0,,Mostly Positive,72.0,12103.0,['windows'],https://shared.fastly.steamstatic.com/store_item_assets/steam/apps/961200/0cc54a4a1fa96e67d8cf9616bbfe44780925d199/capsule_231x87.jpg?t=1779195519,2026-06-03T02:01:16.927Z,2524.0,,,[],[],,,,,,52,80,62,45,60,Standard competitor,Baseline market data,Free-to-play,General Steam audience,Free acquisition funnel,Comparable baseline,['free-to-play'],[],"Predecessor is a standard competitor, opportunity score 60/100, 72% positive from 12,103 reviews, 2,524 current players.",Use as baseline competitor data; enrich with reviews for deeper sentiment intelligence.
556,1203220,NARAKA: BLADEPOINT,https://store.steampowered.com/app/1203220/NARAKA_BLADEPOINT/,"Aug 11, 2021",Free,0,,Very Positive,81.0,23486.0,['windows'],https://shared.fastly.steamstatic.com/store_item_assets/steam/apps/1203220/4048c59749b8417e6532cddc2c2306e2cca485cb/capsule_231x87.jpg?t=1778037276,2026-06-03T02:01:16.927Z,8772.0,,,[],[],,,,,,55,90,62,45,63,Loved niche title,Underserved audience clue,Free-to-play,General Steam audience,Free acquisition funnel,Comparable baseline,"['loved-by-players', 'free-to-play']",[],"NARAKA: BLADEPOINT is a loved niche title, opportunity score 63/100, 81% positive from 23,486 reviews, 8,772 current players.",Mine reviews for the exact language players use; niche love often exposes a product angle.
557,1676840,For The King II,https://store.steampowered.com/app/1676840/For_The_King_II/,"Nov 2, 2023",$24.99,2499,0.0,Mostly Positive,79.0,5250.0,['windows'],https://shared.fastly.steamstatic.com/store_item_assets/steam/apps/1676840/capsule_231x87.jpg?t=1779102679,2026-06-03T02:01:16.927Z,1058.0,,,[],[],,,,,,49,86,60,45,60,Loved niche title,Underserved audience clue,Mid-market,General Steam audience,Paid upfront,Niche love - small but passionate audience,['loved-by-players'],[],"For The King II is a loved niche title, opportunity score 60/100, 79% positive from 5,250 reviews, 1,058 current players.",Mine reviews for the exact language players use; niche love often exposes a product angle.
558,2646460,Soulmask,https://store.steampowered.com/app/2646460/Soulmask/,"Apr 9, 2026",$29.99,2999,0.0,Mostly Positive,76.0,7322.0,['windows'],https://shared.fastly.steamstatic.com/store_item_assets/steam/apps/2646460/925bbf74032116ced35acb3dbec5c95480651397/capsule_231x87_alt_assets_29.jpg?t=1779440374,2026-06-03T02:01:16.927Z,2911.0,,,[],[],,,,,,51,84,60,55,62,Standard competitor,Baseline market data,Mid-market,General Steam audience,Paid upfront,Comparable baseline,['fresh-release'],[],"Soulmask is a standard competitor, opportunity score 62/100, 76% positive from 7,322 reviews, 2,911 current players.",Use as baseline competitor data; enrich with reviews for deeper sentiment intelligence.
559,1056640,Phantasy Star Online 2 New Genesis,https://store.steampowered.com/app/1056640/Phantasy_Star_Online_2_New_Genesis/,"Aug 5, 2020",Free,0,,Mixed,68.0,17900.0,['windows'],https://shared.fastly.steamstatic.com/store_item_assets/steam/apps/1056640/5f121bd97e7bce64f942bfc2db87594536113c4b/capsule_231x87.jpg?t=1779847773,2026-06-03T02:01:16.928Z,82.0,,,[],[],,,,,,48,77,62,45,57,Standard competitor,Baseline market data,Free-to-play,General Steam audience,Free acquisition funnel,Comparable baseline,['free-to-play'],['weak-player-sentiment'],"Phantasy Star Online 2 New Genesis is a standard competitor, opportunity score 57/100, 68% positive from 17,900 reviews, 82 current players.",Use as baseline competitor data; enrich with reviews for deeper sentiment intelligence.
560,2885870,Strange Antiquities,https://store.steampowered.com/app/2885870/Strange_Antiquities/,"Sep 17, 2025",$12.05,1205,33.0,Overwhelmingly Positive,95.0,2049.0,"['windows', 'mac']",https://shared.fastly.steamstatic.com/store_item_assets/steam/apps/2885870/d21f711aacd73cf8aa99c7ec3c92f114afad8609/capsule_231x87.jpg?t=1778730364,2026-06-03T02:01:16.928Z,208.0,,,[],[],,,,,,44,100,60,45,61,Loved niche title,Underserved audience clue,Promotional discount,General Steam audience,Paid upfront,Niche love - small but passionate audience,['loved-by-players'],[],"Strange Antiquities is a loved niche title, opportunity score 61/100, 95% positive from 2,049 reviews, 208 current players, 33% discount.",Mine reviews for the exact language players use; niche love often exposes a product angle.
561,3602570,Horsey Game,https://store.steampowered.com/app/3602570/Horsey_Game/,"Feb 18, 2026",$9.99,999,0.0,Overwhelmingly Positive,96.0,2017.0,"['windows', 'mac']",https://shared.fastly.steamstatic.com/store_item_assets/steam/apps/3602570/33b13d1c6ebfee6dd41a5fb26c4f27bc110c9ddb/capsule_231x87.jpg?t=1777070557,2026-06-03T02:01:16.928Z,197.0,,,[],[],,,,,,44,100,65,45,62,Loved niche title,Underserved audience clue,Budget,General Steam audience,Paid upfront,Niche love - small but passionate audience,['loved-by-players'],[],"Horsey Game is a loved niche title, opportunity score 62/100, 96% positive from 2,017 reviews, 197 current players.",Mine reviews for the exact language players use; niche love often exposes a product angle.
562,1121640,The Wandering Village,https://store.steampowered.com/app/1121640/The_Wandering_Village/,"Jul 17, 2025",$14.99,1499,50.0,Very Positive,92.0,3860.0,"['windows', 'mac', 'linux']",https://shared.fastly.steamstatic.com/store_item_assets/steam/apps/1121640/3c59f658cfac54c415d68f7ba6a9fbcf6ce330da/capsule_231x87.jpg?t=1779809685,2026-06-03T02:01:16.928Z,166.0,,,[],[],,,,,,45,99,75,45,65,Commercially aggressive,Pricing/monetization benchmark,Promotional discount,General Steam audience,Discount-driven sales,Niche love - small but passionate audience,"['loved-by-players', 'aggressive-discounting']",[],"The Wandering Village is a commercially aggressive, opportunity score 65/100, 92% positive from 3,860 reviews, 166 current players, 50% discount.","Compare discount depth, price tier, and monetization model against similar titles."
563,1244460,Jurassic World Evolution 2,https://store.steampowered.com/app/1244460/Jurassic_World_Evolution_2/,"Nov 9, 2021",$17.99,1799,70.0,Very Positive,90.0,19988.0,['windows'],https://shared.fastly.steamstatic.com/store_item_assets/steam/apps/1244460/capsule_231x87.jpg?t=1750957701,2026-06-03T02:01:16.928Z,617.0,,,[],[],,,,,,51,99,85,45,69,Commercially aggressive,Pricing/monetization benchmark,Deep discount,General Steam audience,Discount-driven sales,Price pressure - competitor likely using discounts to drive rank,"['loved-by-players', 'aggressive-discounting']",[],"Jurassic World Evolution 2 is a commercially aggressive, opportunity score 69/100, 90% positive from 19,988 reviews, 617 current players, 70% discount.","Compare discount depth, price tier, and monetization model against similar titles."
564,3483510,The Adventures of Elliot: The Millennium Tales,https://store.steampowered.com/app/3483510/The_Adventures_of_Elliot_The_Millennium_Tales/,"Jun 18, 2026",$59.99,5999,0.0,,,,['windows'],https://shared.fastly.steamstatic.com/store_item_assets/steam/apps/3483510/85a9954203b9e5379de65adf99bfa846e7cbb242/capsule_231x87.jpg?t=1779674534,2026-06-03T02:01:16.928Z,,,,[],[],,,,,,20,35,50,55,37,Standard competitor,Baseline market data,Premium,General Steam audience,Paid upfront,Comparable baseline,['fresh-release'],['review-data-missing-or-not-yet-established'],"The Adventures of Elliot: The Millennium Tales is a standard competitor, opportunity score 37/100.",Use as baseline competitor data; enrich with reviews for deeper sentiment intelligence.
565,2524890,Pixel Gun 3D: PC Edition,https://store.steampowered.com/app/2524890/Pixel_Gun_3D_PC_Edition/,"Apr 2, 2024",Free,0,,Mixed,62.0,22971.0,"['windows', 'mac']",https://shared.fastly.steamstatic.com/store_item_assets/steam/apps/2524890/d499397602e9614e6ec081a0cf6e03eb72fa29d4/capsule_231x87.jpg?t=1777458644,2026-06-03T02:01:16.928Z,971.0,,,[],[],,,,,,52,71,62,45,57,Standard competitor,Baseline market data,Free-to-play,General Steam audience,Free acquisition funnel,Comparable baseline,['free-to-play'],['weak-player-sentiment'],"Pixel Gun 3D: PC Edition is a standard competitor, opportunity score 57/100, 62% positive from 22,971 reviews, 971 current players.",Use as baseline competitor data; enrich with reviews for deeper sentiment intelligence.
566,620,Portal 2,https://store.steampowered.com/app/620/Portal_2/,"Apr 18, 2011",$9.99,999,0.0,Overwhelmingly Positive,98.0,170633.0,"['windows', 'linux']",https://shared.fastly.steamstatic.com/store_item_assets/steam/apps/620/capsule_231x87.jpg?t=1745363004,2026-06-03T02:01:16.928Z,1290.0,,,[],[],,,,,,54,100,65,45,66,Loved niche title,Underserved audience clue,Budget,General Steam audience,Paid upfront,Comparable baseline,['loved-by-players'],[],"Portal 2 is a loved niche title, opportunity score 66/100, 98% positive from 170,633 reviews, 1,290 current players.",Mine reviews for the exact language players use; niche love often exposes a product angle.
567,1273400,Construction Simulator,https://store.steampowered.com/app/1273400/Construction_Simulator/,"Sep 20, 2022",$7.49,749,70.0,Very Positive,80.0,3336.0,['windows'],https://shared.fastly.steamstatic.com/store_item_assets/steam/apps/1273400/capsule_231x87.jpg?t=1768874194,2026-06-03T02:01:16.928Z,609.0,,,[],[],,,,,,47,87,90,45,65,Commercially aggressive,Pricing/monetization benchmark,Deep discount,General Steam audience,Discount-driven sales,Niche love - small but passionate audience,"['loved-by-players', 'aggressive-discounting']",[],"Construction Simulator is a commercially aggressive, opportunity score 65/100, 80% positive from 3,336 reviews, 609 current players, 70% discount.","Compare discount depth, price tier, and monetization model against similar titles."
568,3293260,Waterpark Simulator,https://store.steampowered.com/app/3293260/Waterpark_Simulator/,"Aug 22, 2025",$12.99,1299,0.0,Overwhelmingly Positive,96.0,6993.0,['windows'],https://shared.fastly.steamstatic.com/store_item_assets/steam/apps/3293260/e2501111d63d3c528120fb8b13f9942aa2379682/capsule_231x87_alt_assets_6.jpg?t=1778231040,2026-06-03T02:01:16.928Z,622.0,,,[],[],,,,,,48,100,60,45,63,Loved niche title,Underserved audience clue,Mid-market,General Steam audience,Paid upfront,Niche love - small but passionate audience,['loved-by-players'],[],"Waterpark Simulator is a loved niche title, opportunity score 63/100, 96% positive from 6,993 reviews, 622 current players.",Mine reviews for the exact language players use; niche love often exposes a product angle.
569,1984270,Digimon Story Time Stranger,https://store.steampowered.com/app/1984270/Digimon_Story_Time_Stranger/,"Oct 2, 2025",$69.99,6999,0.0,Very Positive,93.0,7687.0,['windows'],https://shared.fastly.steamstatic.com/store_item_assets/steam/apps/1984270/150fc2146dfdaf16243b81bd82bcc4ebc059113b/capsule_231x87.jpg?t=1774577076,2026-06-03T02:01:16.928Z,986.0,,,[],[],,,,,,49,100,40,45,59,Loved niche title,Underserved audience clue,High-ticket,General Steam audience,Paid upfront,Niche love - small but passionate audience,['loved-by-players'],[],"Digimon Story Time Stranger is a loved niche title, opportunity score 59/100, 93% positive from 7,687 reviews, 986 current players.",Mine reviews for the exact language players use; niche love often exposes a product angle.
570,3186490,Destiny 2: The Edge of Fate,https://store.steampowered.com/app/3186490/Destiny_2_The_Edge_of_Fate/,"Jul 15, 2025",$39.99,3999,0.0,Mostly Negative,33.0,1902.0,['windows'],https://shared.fastly.steamstatic.com/store_item_assets/steam/apps/3186490/131bf791f982c989226c7c0c1ac6bdd2076907e8/capsule_231x87.jpg?t=1766388430,2026-06-03T02:01:16.928Z,0.0,,,[],[],,,,,,37,40,50,45,42,Standard competitor,Baseline market data,Premium,General Steam audience,Paid upfront,Comparable baseline,[],['weak-player-sentiment'],"Destiny 2: The Edge of Fate is a standard competitor, opportunity score 42/100, 33% positive from 1,902 reviews.",Use as baseline competitor data; enrich with reviews for deeper sentiment intelligence.
571,457140,Oxygen Not Included,https://store.steampowered.com/app/457140/Oxygen_Not_Included/,"Jul 30, 2019",$24.99,2499,0.0,Overwhelmingly Positive,95.0,48561.0,"['windows', 'mac', 'linux']",https://shared.fastly.steamstatic.com/store_item_assets/steam/apps/457140/capsule_231x87.jpg?t=1777920664,2026-06-03T02:01:16.928Z,6355.0,,,[],[],,,,,,56,100,60,45,66,Loved niche title,Underserved audience clue,Mid-market,General Steam audience,Paid upfront,Comparable baseline,['loved-by-players'],[],"Oxygen Not Included is a loved niche title, opportunity score 66/100, 95% positive from 48,561 reviews, 6,355 current players.",Mine reviews for the exact language players use; niche love often exposes a product angle.
572,1783560,The Last Caretaker,https://store.steampowered.com/app/1783560/The_Last_Caretaker/,"Nov 6, 2025",$34.99,3499,0.0,Very Positive,85.0,7171.0,['windows'],https://shared.fastly.steamstatic.com/store_item_assets/steam/apps/1783560/dcaa9aff0db0632022654b5be34ec1e728467c1b/capsule_231x87.jpg?t=1778670011,2026-06-03T02:01:16.928Z,1672.0,,,[],[],,,,,,49,93,50,45,59,Loved niche title,Underserved audience clue,Premium,General Steam audience,Paid upfront,Niche love - small but passionate audience,['loved-by-players'],[],"The Last Caretaker is a loved niche title, opportunity score 59/100, 85% positive from 7,171 reviews, 1,672 current players.",Mine reviews for the exact language players use; niche love often exposes a product angle.
573,4511560,Dorfromantik - Medieval Biome Pack,https://store.steampowered.com/app/4511560/Dorfromantik__Medieval_Biome_Pack/,"Jun 2, 2026",$4.49,449,10.0,,,,['windows'],https://shared.fastly.steamstatic.com/store_item_assets/steam/apps/4511560/bd1ae6405e11bcad30bf7e1e2d8ff343d962625a/capsule_231x87.jpg?t=1780417530,2026-06-03T02:01:16.928Z,0.0,,,[],[],,,,,,19,35,65,55,39,Standard competitor,Baseline market data,Budget,General Steam audience,Paid upfront,Comparable baseline,['fresh-release'],['review-data-missing-or-not-yet-established'],"Dorfromantik - Medieval Biome Pack is a standard competitor, opportunity score 39/100, 10% discount.",Use as baseline competitor data; enrich with reviews for deeper sentiment intelligence.
574,1611600,WARNO,https://store.steampowered.com/app/1611600/WARNO/,"May 23, 2024",$39.99,3999,0.0,Very Positive,81.0,8230.0,['windows'],https://shared.fastly.steamstatic.com/store_item_assets/steam/apps/1611600/capsule_231x87.jpg?t=1777988797,2026-06-03T02:01:16.928Z,678.0,,,[],[],,,,,,49,89,50,45,58,Loved niche title,Underserved audience clue,Premium,General Steam audience,Paid upfront,Niche love - small but passionate audience,['loved-by-players'],[],"WARNO is a loved niche title, opportunity score 58/100, 81% positive from 8,230 reviews, 678 current players.",Mine reviews for the exact language players use; niche love often exposes a product angle.
575,642280,Grim Dawn - Ashes of Malmouth Expansion,https://store.steampowered.com/app/642280/Grim_Dawn__Ashes_of_Malmouth_Expansion/,"Oct 11, 2017",$8.99,899,50.0,Very Positive,90.0,1403.0,['windows'],https://shared.fastly.steamstatic.com/store_item_assets/steam/apps/642280/capsule_231x87.jpg?t=1700170525,2026-06-03T02:01:16.928Z,0.0,,,[],[],,,,,,36,96,80,45,62,Commercially aggressive,Pricing/monetization benchmark,Promotional discount,General Steam audience,Discount-driven sales,Niche love - small but passionate audience,"['loved-by-players', 'aggressive-discounting']",[],"Grim Dawn - Ashes of Malmouth Expansion is a commercially aggressive, opportunity score 62/100, 90% positive from 1,403 reviews, 50% discount.","Compare discount depth, price tier, and monetization model against similar titles."
576,1367080,MOBILE SUIT GUNDAM BATTLE OPERATION 2,https://store.steampowered.com/app/1367080/MOBILE_SUIT_GUNDAM_BATTLE_OPERATION_2/,"May 30, 2023",Free,0,,Mostly Negative,34.0,6810.0,['windows'],https://shared.fastly.steamstatic.com/store_item_assets/steam/apps/1367080/bfa6579f24fbcfaf9340f5e37deeee1962155c75/capsule_231x87_alt_assets_5.jpg?t=1779919339,2026-06-03T02:01:16.928Z,651.0,,,[],[],,,,,,48,42,62,45,49,Standard competitor,Baseline market data,Free-to-play,General Steam audience,Free acquisition funnel,Comparable baseline,['free-to-play'],['weak-player-sentiment'],"MOBILE SUIT GUNDAM BATTLE OPERATION 2 is a standard competitor, opportunity score 49/100, 34% positive from 6,810 reviews, 651 current players.",Use as baseline competitor data; enrich with reviews for deeper sentiment intelligence.
577,920210,LEGO® Star Wars™: The Skywalker Saga,https://store.steampowered.com/app/920210/LEGO_Star_Wars_The_Skywalker_Saga/,"Apr 5, 2022",$49.99,4999,0.0,Very Positive,89.0,26453.0,['windows'],https://shared.fastly.steamstatic.com/store_item_assets/steam/apps/920210/capsule_231x87.jpg?t=1747346983,2026-06-03T02:01:16.928Z,873.0,,,[],[],,,,,,51,98,50,45,61,Loved niche title,Underserved audience clue,Premium,General Steam audience,Paid upfront,Comparable baseline,['loved-by-players'],[],"LEGO® Star Wars™: The Skywalker Saga is a loved niche title, opportunity score 61/100, 89% positive from 26,453 reviews, 873 current players.",Mine reviews for the exact language players use; niche love often exposes a product angle.
578,2835570,Buckshot Roulette,https://store.steampowered.com/app/2835570/Buckshot_Roulette/,"Apr 4, 2024",$2.99,299,0.0,Overwhelmingly Positive,96.0,34383.0,"['windows', 'linux']",https://shared.fastly.steamstatic.com/store_item_assets/steam/apps/2835570/capsule_231x87.jpg?t=1779135850,2026-06-03T02:01:16.928Z,715.0,,,[],[],,,,,,52,100,65,45,65,Loved niche title,Underserved audience clue,Budget,General Steam audience,Paid upfront,Comparable baseline,['loved-by-players'],[],"Buckshot Roulette is a loved niche title, opportunity score 65/100, 96% positive from 34,383 reviews, 715 current players.",Mine reviews for the exact language players use; niche love often exposes a product angle.
579,1295500,"Warhammer 40,000: Battlesector",https://store.steampowered.com/app/1295500/Warhammer_40000_Battlesector/,"Jul 22, 2021",$39.99,3999,0.0,Very Positive,87.0,3154.0,['windows'],https://shared.fastly.steamstatic.com/store_item_assets/steam/apps/1295500/3a21676878f2e668a0a73ca2e45d75045da9334d/capsule_231x87.jpg?t=1779446734,2026-06-03T02:01:16.928Z,396.0,,,[],[],,,,,,45,94,50,45,58,Loved niche title,Underserved audience clue,Premium,General Steam audience,Paid upfront,Niche love - small but passionate audience,['loved-by-players'],[],"Warhammer 40,000: Battlesector is a loved niche title, opportunity score 58/100, 87% positive from 3,154 reviews, 396 current players.",Mine reviews for the exact language players use; niche love often exposes a product angle.
580,22320,The Elder Scrolls III: Morrowind® Game of the Year Edition,https://store.steampowered.com/app/22320/The_Elder_Scrolls_III_Morrowind_Game_of_the_Year_Edition/,"Jun 16, 2009",$5.99,599,60.0,Overwhelmingly Positive,95.0,17467.0,['windows'],https://shared.fastly.steamstatic.com/store_item_assets/steam/apps/22320/capsule_231x87.jpg?t=1760029380,2026-06-03T02:01:16.928Z,398.0,,,[],[],,,,,,49,100,80,45,67,Commercially aggressive,Pricing/monetization benchmark,Promotional discount,General Steam audience,Discount-driven sales,Niche love - small but passionate audience,"['loved-by-players', 'aggressive-discounting']",[],"The Elder Scrolls III: Morrowind® Game of the Year Edition is a commercially aggressive, opportunity score 67/100, 95% positive from 17,467 reviews, 398 current players, 60% discount.","Compare discount depth, price tier, and monetization model against similar titles."
581,3119540,Scriptorium: Master of Manuscripts,https://store.steampowered.com/app/3119540/Scriptorium_Master_of_Manuscripts/,"Apr 16, 2026",$11.99,1199,20.0,Overwhelmingly Positive,98.0,844.0,['windows'],https://shared.fastly.steamstatic.com/store_item_assets/steam/apps/3119540/b096bb7412dee4d8939e97f609d438684d16ffcc/capsule_231x87.jpg?t=1780333225,2026-06-03T02:01:16.929Z,108.0,,,[],[],,,,,,41,100,60,55,62,Loved niche title,Underserved audience clue,Mid-market,General Steam audience,Paid upfront,Niche love - small but passionate audience,"['loved-by-players', 'fresh-release']",[],"Scriptorium: Master of Manuscripts is a loved niche title, opportunity score 62/100, 98% positive from 844 reviews, 108 current players, 20% discount.",Mine reviews for the exact language players use; niche love often exposes a product angle.
582,750920,Shadow of the Tomb Raider: Definitive Edition,https://store.steampowered.com/app/750920/Shadow_of_the_Tomb_Raider_Definitive_Edition/,"Sep 14, 2018",$5.99,599,85.0,Very Positive,84.0,23544.0,"['windows', 'mac', 'linux']",https://shared.fastly.steamstatic.com/store_item_assets/steam/apps/750920/capsule_231x87.jpg?t=1765239925,2026-06-03T02:01:16.929Z,680.0,,,[],[],,,,,,51,93,90,45,68,Commercially aggressive,Pricing/monetization benchmark,Deep discount,General Steam audience,Discount-driven sales,Price pressure - competitor likely using discounts to drive rank,"['loved-by-players', 'aggressive-discounting']",[],"Shadow of the Tomb Raider: Definitive Edition is a commercially aggressive, opportunity score 68/100, 84% positive from 23,544 reviews, 680 current players, 85% discount.","Compare discount depth, price tier, and monetization model against similar titles."
583,887570,NEBULOUS: Fleet Command,https://store.steampowered.com/app/887570/NEBULOUS_Fleet_Command/,"Feb 11, 2022",$14.99,1499,50.0,Very Positive,82.0,3221.0,['windows'],https://shared.fastly.steamstatic.com/store_item_assets/steam/apps/887570/capsule_231x87.jpg?t=1780062783,2026-06-03T02:01:16.929Z,827.0,,,[],[],,,,,,46,89,75,45,62,Commercially aggressive,Pricing/monetization benchmark,Promotional discount,General Steam audience,Discount-driven sales,Niche love - small but passionate audience,"['loved-by-players', 'aggressive-discounting']",[],"NEBULOUS: Fleet Command is a commercially aggressive, opportunity score 62/100, 82% positive from 3,221 reviews, 827 current players, 50% discount.","Compare discount depth, price tier, and monetization model against similar titles."
584,2069250,High On Life 2,https://store.steampowered.com/app/2069250/High_On_Life_2/,"Feb 13, 2026",$59.99,5999,0.0,Mostly Positive,71.0,1930.0,['windows'],https://shared.fastly.steamstatic.com/store_item_assets/steam/apps/2069250/fcc9b0ffa146fef489268d9178fb5249d4fe0a4f/capsule_231x87.jpg?t=1773678883,2026-06-03T02:01:16.929Z,72.0,,,[],[],,,,,,42,78,50,45,53,Standard competitor,Baseline market data,Premium,General Steam audience,Paid upfront,Comparable baseline,[],[],"High On Life 2 is a standard competitor, opportunity score 53/100, 71% positive from 1,930 reviews, 72 current players.",Use as baseline competitor data; enrich with reviews for deeper sentiment intelligence.
585,1172380,STAR WARS Jedi: Fallen Order™,https://store.steampowered.com/app/1172380/STAR_WARS_Jedi_Fallen_Order/,"Nov 14, 2019",$39.99,3999,0.0,Very Positive,88.0,82446.0,['windows'],https://shared.fastly.steamstatic.com/store_item_assets/steam/apps/1172380/capsule_231x87.jpg?t=1777393604,2026-06-03T02:01:16.929Z,1170.0,,,[],[],,,,,,53,98,50,45,62,Loved niche title,Underserved audience clue,Premium,General Steam audience,Paid upfront,Comparable baseline,['loved-by-players'],[],"STAR WARS Jedi: Fallen Order™ is a loved niche title, opportunity score 62/100, 88% positive from 82,446 reviews, 1,170 current players.",Mine reviews for the exact language players use; niche love often exposes a product angle.
586,1677280,Company of Heroes 3,https://store.steampowered.com/app/1677280/Company_of_Heroes_3/,"Feb 23, 2023",$59.99,5999,0.0,Mixed,62.0,12922.0,['windows'],https://shared.fastly.steamstatic.com/store_item_assets/steam/apps/1677280/capsule_231x87.jpg?t=1778776992,2026-06-03T02:01:16.929Z,2680.0,,,[],[],,,,,,51,70,50,45,54,Standard competitor,Baseline market data,Premium,General Steam audience,Paid upfront,Comparable baseline,[],['weak-player-sentiment'],"Company of Heroes 3 is a standard competitor, opportunity score 54/100, 62% positive from 12,922 reviews, 2,680 current players.",Use as baseline competitor data; enrich with reviews for deeper sentiment intelligence.
587,582010,Monster Hunter: World,https://store.steampowered.com/app/582010/Monster_Hunter_World/,"Aug 9, 2018",$29.99,2999,0.0,Very Positive,92.0,114254.0,['windows'],https://shared.fastly.steamstatic.com/store_item_assets/steam/apps/582010/capsule_231x87.jpg?t=1773328926,2026-06-03T02:01:16.929Z,7771.0,,,[],[],,,,,,55,100,60,45,65,Loved niche title,Underserved audience clue,Mid-market,General Steam audience,Paid upfront,Comparable baseline,['loved-by-players'],[],"Monster Hunter: World is a loved niche title, opportunity score 65/100, 92% positive from 114,254 reviews, 7,771 current players.",Mine reviews for the exact language players use; niche love often exposes a product angle.
588,3548690,The Sims™ 4 Royalty & Legacy Expansion Pack,https://store.steampowered.com/app/3548690/The_Sims_4_Royalty__Legacy_Expansion_Pack/,"Feb 12, 2026",$39.99,3999,0.0,Mixed,62.0,40.0,['windows'],https://shared.fastly.steamstatic.com/store_item_assets/steam/apps/3548690/841b46ad5aac4f7a269f5f714acc74d01abfb7a0/capsule_231x87.jpg?t=1775755969,2026-06-03T02:01:16.929Z,0.0,,,[],[],,,,,,27,65,50,45,45,Standard competitor,Baseline market data,Premium,General Steam audience,Paid upfront,Comparable baseline,[],"['weak-player-sentiment', 'low-review-confidence']","The Sims™ 4 Royalty & Legacy Expansion Pack is a standard competitor, opportunity score 45/100, 62% positive from 40 reviews.",Use as baseline competitor data; enrich with reviews for deeper sentiment intelligence.
589,99900,Spiral Knights,https://store.steampowered.com/app/99900/Spiral_Knights/,"Jun 14, 2011",Free,0,,Very Positive,82.0,14926.0,"['windows', 'mac']",https://shared.fastly.steamstatic.com/store_item_assets/steam/apps/99900/capsule_231x87.jpg?t=1762905100,2026-06-03T02:01:16.929Z,452.0,,,[],[],,,,,,49,90,62,45,61,Loved niche title,Underserved audience clue,Free-to-play,General Steam audience,Free acquisition funnel,Niche love - small but passionate audience,"['loved-by-players', 'free-to-play']",[],"Spiral Knights is a loved niche title, opportunity score 61/100, 82% positive from 14,926 reviews, 452 current players.",Mine reviews for the exact language players use; niche love often exposes a product angle.
590,2764750,The Other Side,https://store.steampowered.com/app/2764750/The_Other_Side/,"Mar 7, 2025",$13.99,1399,0.0,Very Positive,93.0,871.0,['windows'],https://shared.fastly.steamstatic.com/store_item_assets/steam/apps/2764750/ead3ac2264ff1555e82ee369e0c995af931e5d08/capsule_231x87.jpg?t=1776740807,2026-06-03T02:01:16.929Z,256.0,,,[],[],,,,,,41,99,60,45,60,Loved niche title,Underserved audience clue,Mid-market,General Steam audience,Paid upfront,Niche love - small but passionate audience,['loved-by-players'],[],"The Other Side is a loved niche title, opportunity score 60/100, 93% positive from 871 reviews, 256 current players.",Mine reviews for the exact language players use; niche love often exposes a product angle.
591,1419170,My Singing Monsters,https://store.steampowered.com/app/1419170/My_Singing_Monsters/,"Mar 24, 2021",Free,0,,Very Positive,94.0,31146.0,['windows'],https://shared.fastly.steamstatic.com/store_item_assets/steam/apps/1419170/c28ad50d68d7271f92010d3143e2176d5ee2fa7f/capsule_231x87_alt_assets_52.jpg?t=1779894202,2026-06-03T02:01:16.929Z,833.0,,,[],[],,,,,,51,100,62,45,64,Loved niche title,Underserved audience clue,Free-to-play,General Steam audience,Free acquisition funnel,Comparable baseline,"['loved-by-players', 'free-to-play']",[],"My Singing Monsters is a loved niche title, opportunity score 64/100, 94% positive from 31,146 reviews, 833 current players.",Mine reviews for the exact language players use; niche love often exposes a product angle.
592,1415070,Gears 5 - Hivebusters,https://store.steampowered.com/app/1415070/Gears_5__Hivebusters/,"Dec 15, 2020",$9.99,999,50.0,Very Positive,84.0,339.0,['windows'],https://shared.fastly.steamstatic.com/store_item_assets/steam/apps/1415070/capsule_231x87.jpg?t=1611611271,2026-06-03T02:01:16.929Z,0.0,,,[],[],,,,,,32,89,80,45,58,Commercially aggressive,Pricing/monetization benchmark,Promotional discount,General Steam audience,Discount-driven sales,Niche love - small but passionate audience,"['loved-by-players', 'aggressive-discounting']",[],"Gears 5 - Hivebusters is a commercially aggressive, opportunity score 58/100, 84% positive from 339 reviews, 50% discount.","Compare discount depth, price tier, and monetization model against similar titles."
593,3693650,Thrifty Business,https://store.steampowered.com/app/3693650/Thrifty_Business/,"May 18, 2026",$12.99,1299,0.0,Overwhelmingly Positive,96.0,574.0,"['windows', 'mac']",https://shared.fastly.steamstatic.com/store_item_assets/steam/apps/3693650/b2f63edbd77db1ab5631be1c9e331b117c67255d/capsule_231x87.jpg?t=1779362170,2026-06-03T02:01:16.929Z,342.0,,,[],[],,,,,,41,100,60,55,62,Loved niche title,Underserved audience clue,Mid-market,General Steam audience,Paid upfront,Niche love - small but passionate audience,"['loved-by-players', 'fresh-release']",[],"Thrifty Business is a loved niche title, opportunity score 62/100, 96% positive from 574 reviews, 342 current players.",Mine reviews for the exact language players use; niche love often exposes a product angle.
594,1794680,Vampire Survivors,https://store.steampowered.com/app/1794680/Vampire_Survivors/,"Oct 20, 2022",$4.99,499,0.0,Overwhelmingly Positive,98.0,126566.0,"['windows', 'mac']",https://shared.fastly.steamstatic.com/store_item_assets/steam/apps/1794680/capsule_231x87.jpg?t=1778864981,2026-06-03T02:01:16.929Z,2749.0,,,[],[],,,,,,54,100,65,45,66,Loved niche title,Underserved audience clue,Budget,General Steam audience,Paid upfront,Comparable baseline,['loved-by-players'],[],"Vampire Survivors is a loved niche title, opportunity score 66/100, 98% positive from 126,566 reviews, 2,749 current players.",Mine reviews for the exact language players use; niche love often exposes a product angle.
595,2997980,Natsu no Sagashimono ~What We Found That Summer~,https://store.steampowered.com/app/2997980/Natsu_no_Sagashimono_What_We_Found_That_Summer/,"Sep 27, 2024",$7.49,749,50.0,Very Positive,88.0,945.0,['windows'],https://shared.fastly.steamstatic.com/store_item_assets/steam/apps/2997980/791246d547d628ca1d2ca371fcefe45aef865bfc/capsule_231x87.jpg?t=1780333631,2026-06-03T02:01:16.929Z,133.0,,,[],[],,,,,,41,94,80,45,63,Commercially aggressive,Pricing/monetization benchmark,Promotional discount,General Steam audience,Discount-driven sales,Niche love - small but passionate audience,"['loved-by-players', 'aggressive-discounting']",[],"Natsu no Sagashimono ~What We Found That Summer~ is a commercially aggressive, opportunity score 63/100, 88% positive from 945 reviews, 133 current players, 50% discount.","Compare discount depth, price tier, and monetization model against similar titles."
596,401920,The Binding of Isaac: Afterbirth,https://store.steampowered.com/app/401920/The_Binding_of_Isaac_Afterbirth/,"Oct 30, 2015",$10.99,1099,0.0,Very Positive,92.0,3668.0,"['windows', 'mac', 'linux']",https://shared.fastly.steamstatic.com/store_item_assets/steam/apps/401920/capsule_231x87.jpg?t=1573196132,2026-06-03T02:01:16.929Z,0.0,,,[],[],,,,,,37,99,60,45,59,Loved niche title,Underserved audience clue,Mid-market,General Steam audience,Paid upfront,Niche love - small but passionate audience,['loved-by-players'],[],"The Binding of Isaac: Afterbirth is a loved niche title, opportunity score 59/100, 92% positive from 3,668 reviews.",Mine reviews for the exact language players use; niche love often exposes a product angle.
597,895870,Project Wingman,https://store.steampowered.com/app/895870/Project_Wingman/,"Dec 1, 2020",$12.49,1249,50.0,Overwhelmingly Positive,95.0,11887.0,"['windows', 'vr']",https://shared.fastly.steamstatic.com/store_item_assets/steam/apps/895870/capsule_231x87.jpg?t=1773695705,2026-06-03T02:01:16.929Z,187.0,,,[],[],,,,,,47,100,75,45,65,Commercially aggressive,Pricing/monetization benchmark,Promotional discount,General Steam audience,Discount-driven sales,Niche love - small but passionate audience,"['loved-by-players', 'aggressive-discounting']",[],"Project Wingman is a commercially aggressive, opportunity score 65/100, 95% positive from 11,887 reviews, 187 current players, 50% discount.","Compare discount depth, price tier, and monetization model against similar titles."
598,431240,Golf With Your Friends,https://store.steampowered.com/app/431240/Golf_With_Your_Friends/,"May 19, 2020",$14.99,1499,0.0,Very Positive,89.0,36488.0,"['windows', 'mac', 'linux']",https://shared.fastly.steamstatic.com/store_item_assets/steam/apps/431240/capsule_231x87.jpg?t=1771860670,2026-06-03T02:01:16.929Z,1215.0,,,[],[],,,,,,52,98,60,45,64,Loved niche title,Underserved audience clue,Mid-market,General Steam audience,Paid upfront,Comparable baseline,['loved-by-players'],[],"Golf With Your Friends is a loved niche title, opportunity score 64/100, 89% positive from 36,488 reviews, 1,215 current players.",Mine reviews for the exact language players use; niche love often exposes a product angle.
599,1622100,Outer Wilds - Echoes of the Eye,https://store.steampowered.com/app/1622100/Outer_Wilds__Echoes_of_the_Eye/,"Sep 28, 2021",$8.99,899,40.0,Very Positive,89.0,3881.0,['windows'],https://shared.fastly.steamstatic.com/store_item_assets/steam/apps/1622100/capsule_231x87.jpg?t=1701451540,2026-06-03T02:01:16.929Z,0.0,,,[],[],,,,,,37,96,80,45,62,Commercially aggressive,Pricing/monetization benchmark,Promotional discount,General Steam audience,Paid upfront,Niche love - small but passionate audience,['loved-by-players'],[],"Outer Wilds - Echoes of the Eye is a commercially aggressive, opportunity score 62/100, 89% positive from 3,881 reviews, 40% discount.","Compare discount depth, price tier, and monetization model against similar titles."
600,1182900,A Plague Tale: Requiem,https://store.steampowered.com/app/1182900/A_Plague_Tale_Requiem/,"Oct 17, 2022",$14.99,1499,70.0,Very Positive,91.0,7222.0,['windows'],https://shared.fastly.steamstatic.com/store_item_assets/steam/apps/1182900/capsule_231x87.jpg?t=1761846087,2026-06-03T02:02:04.520Z,132.0,,,[],[],,,,,,45,99,85,45,67,Commercially aggressive,Pricing/monetization benchmark,Deep discount,General Steam audience,Discount-driven sales,Niche love - small but passionate audience,"['loved-by-players', 'aggressive-discounting']",[],"A Plague Tale: Requiem is a commercially aggressive, opportunity score 67/100, 91% positive from 7,222 reviews, 132 current players, 70% discount.","Compare discount depth, price tier, and monetization model against similar titles."
601,620980,Beat Saber,https://store.steampowered.com/app/620980/Beat_Saber/,"May 21, 2019",$29.99,2999,0.0,Overwhelmingly Positive,95.0,52932.0,['windows'],https://shared.fastly.steamstatic.com/store_item_assets/steam/apps/620980/1835eec84d486fd58cdc54ae900ade0b69b70a75/capsule_231x87.jpg?t=1779975890,2026-06-03T02:02:04.521Z,270.0,,,[],[],,,,,,50,100,60,45,64,Loved niche title,Underserved audience clue,Mid-market,General Steam audience,Paid upfront,Comparable baseline,['loved-by-players'],[],"Beat Saber is a loved niche title, opportunity score 64/100, 95% positive from 52,932 reviews, 270 current players.",Mine reviews for the exact language players use; niche love often exposes a product angle.
602,1996010,Crow Country,https://store.steampowered.com/app/1996010/Crow_Country/,"May 9, 2024",$9.99,999,50.0,Overwhelmingly Positive,98.0,5307.0,['windows'],https://shared.fastly.steamstatic.com/store_item_assets/steam/apps/1996010/capsule_231x87.jpg?t=1771613510,2026-06-03T02:02:04.521Z,39.0,,,[],[],,,,,,43,100,80,45,65,Commercially aggressive,Pricing/monetization benchmark,Promotional discount,General Steam audience,Discount-driven sales,Niche love - small but passionate audience,"['loved-by-players', 'aggressive-discounting']",[],"Crow Country is a commercially aggressive, opportunity score 65/100, 98% positive from 5,307 reviews, 39 current players, 50% discount.","Compare discount depth, price tier, and monetization model against similar titles."
603,866570,System Shock 2: 25th Anniversary Remaster,https://store.steampowered.com/app/866570/System_Shock_2_25th_Anniversary_Remaster/,"Jun 26, 2025",$17.99,1799,40.0,Very Positive,87.0,1695.0,['windows'],https://shared.fastly.steamstatic.com/store_item_assets/steam/apps/866570/c77bb348d74fe7d28f75e1a344233f2eb286c496/capsule_231x87.jpg?t=1774275928,2026-06-03T02:02:04.521Z,47.0,,,[],[],,,,,,40,93,75,45,61,Commercially aggressive,Pricing/monetization benchmark,Promotional discount,General Steam audience,Paid upfront,Niche love - small but passionate audience,['loved-by-players'],[],"System Shock 2: 25th Anniversary Remaster is a commercially aggressive, opportunity score 61/100, 87% positive from 1,695 reviews, 47 current players, 40% discount.","Compare discount depth, price tier, and monetization model against similar titles."
604,570660,The Binding of Isaac: Afterbirth+,https://store.steampowered.com/app/570660/The_Binding_of_Isaac_Afterbirth/,"Jan 3, 2017",$35.97,0,0.0,Mixed,66.0,3132.0,"['windows', 'mac', 'linux']",https://shared.fastly.steamstatic.com/store_item_assets/steam/apps/570660/capsule_231x87.jpg?t=1573195823,2026-06-03T02:02:04.521Z,0.0,,,[],[],,,,,,37,73,50,45,50,Standard competitor,Baseline market data,Unknown price,General Steam audience,Paid upfront,Comparable baseline,[],['weak-player-sentiment'],"The Binding of Isaac: Afterbirth+ is a standard competitor, opportunity score 50/100, 66% positive from 3,132 reviews.",Use as baseline competitor data; enrich with reviews for deeper sentiment intelligence.
605,1648533,Icarus: Dangerous Horizons Expansion,https://store.steampowered.com/app/1648533/Icarus_Dangerous_Horizons_Expansion/,"Mar 5, 2026",$29.99,2999,0.0,Very Positive,80.0,225.0,['windows'],https://shared.fastly.steamstatic.com/store_item_assets/steam/apps/1648533/c60b62ebe305ec67d7901085f8bf1b2d2cd630b5/capsule_231x87.jpg?t=1772745213,2026-06-03T02:02:04.521Z,0.0,,,[],[],,,,,,31,85,60,45,53,Loved niche title,Underserved audience clue,Mid-market,General Steam audience,Paid upfront,Niche love - small but passionate audience,['loved-by-players'],[],"Icarus: Dangerous Horizons Expansion is a loved niche title, opportunity score 53/100, 80% positive from 225 reviews.",Mine reviews for the exact language players use; niche love often exposes a product angle.
606,2870350,Pipistrello and the Cursed Yoyo,https://store.steampowered.com/app/2870350/Pipistrello_and_the_Cursed_Yoyo/,"May 28, 2025",$9.99,999,50.0,Overwhelmingly Positive,98.0,1553.0,['windows'],https://shared.fastly.steamstatic.com/store_item_assets/steam/apps/2870350/06e11cc8e166d2c3a80d7b286d6fb8f254d01c51/capsule_231x87.jpg?t=1769631666,2026-06-03T02:02:04.521Z,186.0,,,[],[],,,,,,42,100,80,45,65,Commercially aggressive,Pricing/monetization benchmark,Promotional discount,General Steam audience,Discount-driven sales,Niche love - small but passionate audience,"['loved-by-players', 'aggressive-discounting']",[],"Pipistrello and the Cursed Yoyo is a commercially aggressive, opportunity score 65/100, 98% positive from 1,553 reviews, 186 current players, 50% discount.","Compare discount depth, price tier, and monetization model against similar titles."
607,1551360,Forza Horizon 5,https://store.steampowered.com/app/1551360/Forza_Horizon_5/,"Nov 8, 2021",$59.99,5999,0.0,Very Positive,88.0,90857.0,['windows'],https://shared.fastly.steamstatic.com/store_item_assets/steam/apps/1551360/capsule_231x87.jpg?t=1746471508,2026-06-03T02:02:04.521Z,4022.0,,,[],[],,,,,,53,98,50,45,62,Loved niche title,Underserved audience clue,Premium,General Steam audience,Paid upfront,Comparable baseline,['loved-by-players'],[],"Forza Horizon 5 is a loved niche title, opportunity score 62/100, 88% positive from 90,857 reviews, 4,022 current players.",Mine reviews for the exact language players use; niche love often exposes a product angle.
608,767320,Granblue Fantasy,https://store.steampowered.com/app/767320/Granblue_Fantasy/,"Mar 10, 2026",Free,0,,Mixed,40.0,885.0,['windows'],https://shared.fastly.steamstatic.com/store_item_assets/steam/apps/767320/8cccc8da0ed4826abb5514d79422e98d20efb415/capsule_231x87.jpg?t=1773126006,2026-06-03T02:02:04.521Z,198.0,,,[],[],,,,,,40,46,62,55,49,Standard competitor,Baseline market data,Free-to-play,General Steam audience,Free acquisition funnel,Comparable baseline,"['free-to-play', 'fresh-release']",['weak-player-sentiment'],"Granblue Fantasy is a standard competitor, opportunity score 49/100, 40% positive from 885 reviews, 198 current players.",Use as baseline competitor data; enrich with reviews for deeper sentiment intelligence.
609,1145360,Hades,https://store.steampowered.com/app/1145360/Hades/,"Sep 17, 2020",$24.99,2499,0.0,Overwhelmingly Positive,98.0,140539.0,"['windows', 'mac']",https://shared.fastly.steamstatic.com/store_item_assets/steam/apps/1145360/capsule_231x87.jpg?t=1758127023,2026-06-03T02:02:04.521Z,2663.0,,,[],[],,,,,,53,100,60,45,65,Loved niche title,Underserved audience clue,Mid-market,General Steam audience,Paid upfront,Comparable baseline,['loved-by-players'],[],"Hades is a loved niche title, opportunity score 65/100, 98% positive from 140,539 reviews, 2,663 current players.",Mine reviews for the exact language players use; niche love often exposes a product angle.
610,2738490,Sol Cesto,https://store.steampowered.com/app/2738490/Sol_Cesto/,"Apr 10, 2026",$9.79,979,30.0,Very Positive,89.0,1844.0,['windows'],https://shared.fastly.steamstatic.com/store_item_assets/steam/apps/2738490/ecec1d3be3b0f67955a98dff3788bcdbd63260ba/capsule_231x87.jpg?t=1780218709,2026-06-03T02:02:04.521Z,284.0,,,[],[],,,,,,42,96,65,55,63,Loved niche title,Underserved audience clue,Promotional discount,General Steam audience,Paid upfront,Niche love - small but passionate audience,"['loved-by-players', 'fresh-release']",[],"Sol Cesto is a loved niche title, opportunity score 63/100, 89% positive from 1,844 reviews, 284 current players, 30% discount.",Mine reviews for the exact language players use; niche love often exposes a product angle.
611,3405340,Megabonk,https://store.steampowered.com/app/3405340/Megabonk/,"Sep 18, 2025",$9.99,999,0.0,Very Positive,94.0,55943.0,"['windows', 'linux']",https://shared.fastly.steamstatic.com/store_item_assets/steam/apps/3405340/d6e1b8b1fff6b5b6da2aadedac6626a658ed0ec4/capsule_231x87.jpg?t=1760445338,2026-06-03T02:02:04.521Z,3029.0,,,[],[],,,,,,53,100,65,45,66,Loved niche title,Underserved audience clue,Budget,General Steam audience,Paid upfront,Comparable baseline,['loved-by-players'],[],"Megabonk is a loved niche title, opportunity score 66/100, 94% positive from 55,943 reviews, 3,029 current players.",Mine reviews for the exact language players use; niche love often exposes a product angle.
612,1240440,Halo Infinite,https://store.steampowered.com/app/1240440/Halo_Infinite/,"Dec 8, 2021",Free,5999,,Mixed,68.0,138593.0,['windows'],https://shared.fastly.steamstatic.com/store_item_assets/steam/apps/1240440/9d64f5027f08e849ed1369f98b22326e2377b2b7/capsule_231x87.jpg?t=1774464322,2026-06-03T02:02:04.521Z,2596.0,,,[],[],,,,,,53,78,62,45,59,Standard competitor,Baseline market data,Free-to-play,General Steam audience,Free acquisition funnel,Comparable baseline,['free-to-play'],['weak-player-sentiment'],"Halo Infinite is a standard competitor, opportunity score 59/100, 68% positive from 138,593 reviews, 2,596 current players.",Use as baseline competitor data; enrich with reviews for deeper sentiment intelligence.
613,1658150,Moonstone Island,https://store.steampowered.com/app/1658150/Moonstone_Island/,"Sep 20, 2023",$4.99,499,75.0,Very Positive,86.0,2767.0,"['windows', 'mac', 'linux']",https://shared.fastly.steamstatic.com/store_item_assets/steam/apps/1658150/5ad7661a73f9e63e26e936786a58b621e6bf6ad7/capsule_231x87.jpg?t=1779868759,2026-06-03T02:02:04.521Z,395.0,,,[],[],,,,,,44,93,90,45,66,Commercially aggressive,Pricing/monetization benchmark,Deep discount,General Steam audience,Discount-driven sales,Niche love - small but passionate audience,"['loved-by-players', 'aggressive-discounting']",[],"Moonstone Island is a commercially aggressive, opportunity score 66/100, 86% positive from 2,767 reviews, 395 current players, 75% discount.","Compare discount depth, price tier, and monetization model against similar titles."
614,4078200,Dwarf Eats Mountain,https://store.steampowered.com/app/4078200/Dwarf_Eats_Mountain/,"May 18, 2026",$9.99,999,0.0,Very Positive,80.0,620.0,"['windows', 'linux']",https://shared.fastly.steamstatic.com/store_item_assets/steam/apps/4078200/e2441b8799086d49969ea2a8c4cbe612f88ddd30/capsule_231x87.jpg?t=1780064020,2026-06-03T02:02:04.521Z,1530.0,,,[],[],,,,,,42,86,65,55,60,Loved niche title,Underserved audience clue,Budget,General Steam audience,Paid upfront,Niche love - small but passionate audience,"['loved-by-players', 'fresh-release']",[],"Dwarf Eats Mountain is a loved niche title, opportunity score 60/100, 80% positive from 620 reviews, 1,530 current players.",Mine reviews for the exact language players use; niche love often exposes a product angle.
615,3164330,Infinity Nikki,https://store.steampowered.com/app/3164330/Infinity_Nikki/,"Apr 28, 2025",Free,0,,Mixed,55.0,5120.0,['windows'],https://shared.fastly.steamstatic.com/store_item_assets/steam/apps/3164330/b0c115cd3e141185471ff40f58e22f5a03a1856a/capsule_231x87.jpg?t=1780023755,2026-06-03T02:02:04.521Z,1168.0,,,[],[],,,,,,46,62,62,45,53,Standard competitor,Baseline market data,Free-to-play,General Steam audience,Free acquisition funnel,Comparable baseline,['free-to-play'],['weak-player-sentiment'],"Infinity Nikki is a standard competitor, opportunity score 53/100, 55% positive from 5,120 reviews, 1,168 current players.",Use as baseline competitor data; enrich with reviews for deeper sentiment intelligence.
616,633230,NARUTO TO BORUTO: SHINOBI STRIKER,https://store.steampowered.com/app/633230/NARUTO_TO_BORUTO_SHINOBI_STRIKER/,"Jun 29, 2023",$4.99,499,75.0,Very Positive,85.0,17616.0,['windows'],https://shared.fastly.steamstatic.com/store_item_assets/steam/apps/633230/capsule_231x87.jpg?t=1780005833,2026-06-03T02:02:04.521Z,316.0,Soleil Ltd.,Bandai Namco Entertainment,['Action'],"['Single-player', 'Multi-player', 'PvP', 'Online PvP', 'Co-op', 'Online Co-op', 'Steam Achievements', 'Partial Controller Support', 'Family Sharing']",42421.0,,"Battle as a team of 4 to compete against other teams online! Graphically, SHINOBI STRIKER is also built from the ground up in a completely new graphic style. Lead your team and fight online to see who the best ninjas are!",False,game,62,93,98,45,74,Commercially aggressive,Pricing/monetization benchmark,Deep discount,Community / multiplayer audience,Discount-driven sales,Price pressure - competitor likely using discounts to drive rank,"['loved-by-players', 'aggressive-discounting', 'social-retention-loop']",[],"NARUTO TO BORUTO: SHINOBI STRIKER is a commercially aggressive, opportunity score 74/100, 85% positive from 17,616 reviews, 316 current players, 75% discount.","Compare discount depth, price tier, and monetization model against similar titles."
617,897670,Grim Dawn - Forgotten Gods Expansion,https://store.steampowered.com/app/897670/Grim_Dawn__Forgotten_Gods_Expansion/,"Mar 27, 2019",$7.99,799,50.0,Very Positive,87.0,1036.0,['windows'],https://shared.fastly.steamstatic.com/store_item_assets/steam/apps/897670/capsule_231x87.jpg?t=1750705149,2026-06-03T02:02:04.521Z,0.0,Crate Entertainment,Crate Entertainment,"['Action', 'Adventure', 'Indie', 'RPG']","['Single-player', 'Multi-player', 'Co-op', 'Online Co-op', 'LAN Co-op', 'Downloadable Content', 'Steam Achievements', 'Full controller support', 'Steam Trading Cards', 'Steam Cloud', 'Family Sharing']",1036.0,,"Forgotten Gods takes the apocalyptic fantasy world of Grim Dawn to distant lands with a massive new chapter in humanity’s struggle against otherworldly and divine threats. Unleash new mobility powers, gather powerful new items and venture into a brand-new game mode with endless replayability.",False,dlc,43,93,88,45,65,Non-game / accessory listing,Catalog monitoring,Promotional discount,Community / multiplayer audience,Discount-driven sales,Niche love - small but passionate audience,"['loved-by-players', 'aggressive-discounting', 'social-retention-loop', 'non-game-dlc']",['not-a-standard-game'],"Grim Dawn - Forgotten Gods Expansion is a non-game / accessory listing, opportunity score 65/100, 87% positive from 1,036 reviews, 50% discount.","Keep for catalog awareness, but exclude from game competitor benchmarks."
618,625960,Stoneshard,https://store.steampowered.com/app/625960/Stoneshard/,"Feb 6, 2020",$24.99,2499,0.0,Mostly Positive,74.0,11218.0,"['windows', 'linux']",https://shared.fastly.steamstatic.com/store_item_assets/steam/apps/625960/capsule_231x87.jpg?t=1780385918,2026-06-03T02:02:04.521Z,1262.0,Ink Stains Games,HypeTrain Digital,"['Adventure', 'Indie', 'RPG', 'Strategy', 'Early Access']","['Single-player', 'Steam Achievements', 'Captions available', 'Steam Cloud', 'Remote Play on Phone', 'Remote Play on Tablet', 'Family Sharing']",33004.0,,"Stoneshard is a hardcore turn-based RPG about the harsh life of a medieval mercenary: travel with your own caravan, descend into procedurally generated dungeons, learn new skills, survive hunger and injuries - and remember, every mistake can mean death and loss of progress.",False,game,62,82,60,45,63,Standard competitor,Baseline market data,Mid-market,Solo / narrative audience,Paid upfront,Comparable baseline,[],[],"Stoneshard is a standard competitor, opportunity score 63/100, 74% positive from 11,218 reviews, 1,262 current players.",Use as baseline competitor data; enrich with reviews for deeper sentiment intelligence.
619,602960,Barotrauma,https://store.steampowered.com/app/602960/Barotrauma/,"Mar 13, 2023",$34.99,3499,0.0,Overwhelmingly Positive,95.0,27946.0,"['windows', 'mac', 'linux']",https://shared.fastly.steamstatic.com/store_item_assets/steam/apps/602960/capsule_231x87.jpg?t=1776271911,2026-06-03T02:02:04.521Z,2960.0,FakeFish,Daedalic Entertainment,"['Action', 'Indie', 'Simulation', 'Strategy']","['Single-player', 'Multi-player', 'PvP', 'Online PvP', 'Co-op', 'Online Co-op', 'Steam Achievements', 'Steam Trading Cards', 'Steam Workshop', 'Steam Cloud', 'Includes level editor', 'Family Sharing', 'Steam Timeline']",59693.0,81.0,"Barotrauma is a 2D co-op submarine simulator – in space, with survival horror and RPG elements. Steer your submarine, complete missions, fight monsters, fix leaks, operate machinery, man the guns and craft items, and stay alert: danger in Barotrauma doesn’t announce itself!",False,game,66,100,58,45,69,Standard competitor,Baseline market data,Premium,Community / multiplayer audience,Paid upfront,Comparable baseline,"['loved-by-players', 'social-retention-loop']",[],"Barotrauma is a standard competitor, opportunity score 69/100, 95% positive from 27,946 reviews, 2,960 current players.",Use as baseline competitor data; enrich with reviews for deeper sentiment intelligence.
620,4447660,Warframe: TennoCon 2026 Digital Pack,https://store.steampowered.com/app/4447660/Warframe_TennoCon_2026_Digital_Pack/,"May 4, 2026",$24.99,2499,0.0,Very Positive,94.0,57.0,['windows'],https://shared.fastly.steamstatic.com/store_item_assets/steam/apps/4447660/daa2cf70802891f4aedba50ec7388ab7258a06e3/capsule_231x87.jpg?t=1777906821,2026-06-03T02:02:04.521Z,0.0,Digital Extremes,,"['Action', 'RPG', 'Free To Play']","['Single-player', 'Multi-player', 'Co-op', 'Online Co-op', 'Cross-Platform Multiplayer', 'Downloadable Content', 'Steam Achievements', 'Full controller support', 'Steam Trading Cards', 'Steam Workshop', 'In-App Purchases', 'Camera Comfort', 'Color Alternatives', 'Custom Volume Controls', 'Playable without Timed Input', 'Stereo Sound', 'Surround Sound', 'Remote Play on Phone', 'Remote Play on Tablet', 'Remote Play on TV', 'HDR available']",,,"Instantly add this year’s exclusive TennoCon items to your Arsenal, available now only for a limited time!",False,dlc,27,98,76,55,60,Non-game / accessory listing,Catalog monitoring,Mid-market,Community / multiplayer audience,Base game plus in-app purchases,Niche love - small but passionate audience,"['loved-by-players', 'iap-monetized', 'social-retention-loop', 'fresh-release', 'non-game-dlc']","['low-review-confidence', 'not-a-standard-game']","Warframe: TennoCon 2026 Digital Pack is a non-game / accessory listing, opportunity score 60/100, 94% positive from 57 reviews.","Keep for catalog awareness, but exclude from game competitor benchmarks."
621,3615160,Teddy's Haven - A Fantasy Inspired Shop Simulator,https://store.steampowered.com/app/3615160/Teddys_Haven__A_Fantasy_Inspired_Shop_Simulator/,"May 6, 2025",$14.99,1499,0.0,Overwhelmingly Positive,96.0,2185.0,['windows'],https://shared.fastly.steamstatic.com/store_item_assets/steam/apps/3615160/901fc80cd2b2d70777db6fb436eae5fd5e02f523/capsule_231x87_alt_assets_2.jpg?t=1780314258,2026-06-03T02:02:04.521Z,252.0,Teddy Bear Games LLC,Teddy Bear Games LLC,"['Casual', 'Indie', 'RPG', 'Simulation', 'Early Access']","['Single-player', 'Steam Achievements', 'Partial Controller Support', 'Steam Cloud', 'Family Sharing']",2325.0,,"Teddy’s Haven is a cozy shop sim filled with magic and charm. Sell over 400 items, decorate with 250+ decorations, and create the shop of your dreams. Meet mythical creatures, level up your skills, harvest the land, and uncover the peaceful wonders of life on Ursa.",False,game,53,100,60,45,65,Loved niche title,Underserved audience clue,Mid-market,Solo / narrative audience,Paid upfront,Comparable baseline,['loved-by-players'],[],"Teddy's Haven - A Fantasy Inspired Shop Simulator is a loved niche title, opportunity score 65/100, 96% positive from 2,185 reviews, 252 current players.",Mine reviews for the exact language players use; niche love often exposes a product angle.
622,1113120,IXION,https://store.steampowered.com/app/1113120/IXION/,"Dec 7, 2022",$12.24,1224,65.0,Very Positive,81.0,7830.0,['windows'],https://shared.fastly.steamstatic.com/store_item_assets/steam/apps/1113120/capsule_231x87.jpg?t=1733140180,2026-06-03T02:02:04.521Z,181.0,Bulwark Studios,Kasedo Games,"['Indie', 'Simulation', 'Strategy']","['Single-player', 'Steam Achievements', 'Steam Cloud', 'Family Sharing']",14791.0,,"IXION is an unrelenting, city-building odyssey across the stars. As Administrator of the Tiqqun, DOLOS’ prototype space station, you are tasked with balancing preservation and exploration as you manage infrastructure, resources and crew. Can you keep the flame of humanity alight in the cold dark?",False,game,58,89,75,45,67,Commercially aggressive,Pricing/monetization benchmark,Promotional discount,Solo / narrative audience,Discount-driven sales,Comparable baseline,"['loved-by-players', 'aggressive-discounting']",[],"IXION is a commercially aggressive, opportunity score 67/100, 81% positive from 7,830 reviews, 181 current players, 65% discount.","Compare discount depth, price tier, and monetization model against similar titles."
623,3314070,The Sims™ 2 Legacy Collection,https://store.steampowered.com/app/3314070/The_Sims_2_Legacy_Collection/,"Jan 31, 2025",$29.99,2999,0.0,Mostly Positive,70.0,2731.0,['windows'],https://shared.fastly.steamstatic.com/store_item_assets/steam/apps/3314070/7b54b88f4c6cf2fd15f5c5aa6a646aa1e368fb7f/capsule_231x87.jpg?t=1777389714,2026-06-03T02:02:04.522Z,518.0,MAXIS,Electronic Arts,['Simulation'],"['Single-player', 'Steam Cloud', 'Family Sharing']",4350.0,90.0,"The game you know and love. For Windows 10/11. In The Sims 2, you direct your Sims over a lifetime. Give them a long existence, or leave their lives in shambles. Guide their characteristics from one generation to the next.",False,game,55,82,60,45,61,Standard competitor,Baseline market data,Mid-market,Solo / narrative audience,Paid upfront,Comparable baseline,[],[],"The Sims™ 2 Legacy Collection is a standard competitor, opportunity score 61/100, 70% positive from 2,731 reviews, 518 current players.",Use as baseline competitor data; enrich with reviews for deeper sentiment intelligence.
624,1549970,Aliens: Fireteam Elite,https://store.steampowered.com/app/1549970/Aliens_Fireteam_Elite/,"Aug 23, 2021",$5.99,599,80.0,Very Positive,82.0,14129.0,['windows'],https://shared.fastly.steamstatic.com/store_item_assets/steam/apps/1549970/capsule_231x87.jpg?t=1727102951,2026-06-03T02:02:04.522Z,292.0,Cold Iron Studios,Cold Iron Studios,"['Action', 'RPG']","['Single-player', 'Multi-player', 'Co-op', 'Online Co-op', 'Cross-Platform Multiplayer', 'Steam Achievements', 'Full controller support', 'Steam Cloud', 'Family Sharing']",21264.0,,"Aliens: Fireteam Elite is a cooperative third-person survival game set in the iconic Alien Universe. Battle through hordes of different types of Xenomorph, customize your character and gear, and level-up as you try to contain this ever-growing threat.",False,game,60,90,98,45,72,Commercially aggressive,Pricing/monetization benchmark,Deep discount,Community / multiplayer audience,Discount-driven sales,Price pressure - competitor likely using discounts to drive rank,"['loved-by-players', 'aggressive-discounting', 'social-retention-loop']",[],"Aliens: Fireteam Elite is a commercially aggressive, opportunity score 72/100, 82% positive from 14,129 reviews, 292 current players, 80% discount.","Compare discount depth, price tier, and monetization model against similar titles."
625,361420,ASTRONEER,https://store.steampowered.com/app/361420/ASTRONEER/,"Feb 5, 2019",$29.99,2999,0.0,Very Positive,91.0,53453.0,['windows'],https://shared.fastly.steamstatic.com/store_item_assets/steam/apps/361420/e6322c0930655c479429223f28869058456345cc/capsule_231x87.jpg?t=1770767049,2026-06-03T02:02:04.522Z,1066.0,System Era Softworks,System Era Softworks,"['Adventure', 'Indie']","['Single-player', 'Multi-player', 'Co-op', 'Online Co-op', 'Steam Achievements', 'Full controller support', 'Steam Cloud', 'Remote Play on Tablet', 'Remote Play on TV', 'Family Sharing']",117827.0,,"Interact with strange new worlds in a unique and tactile way, molding the environment itself as if it were clay in your hands. Build your base, master resource management, automate your production lines, and more as you unravel the mysteries of the universe, alone or with friends.",False,game,66,100,68,45,71,Standard competitor,Baseline market data,Mid-market,Community / multiplayer audience,Paid upfront,Comparable baseline,"['loved-by-players', 'social-retention-loop']",[],"ASTRONEER is a standard competitor, opportunity score 71/100, 91% positive from 53,453 reviews, 1,066 current players.",Use as baseline competitor data; enrich with reviews for deeper sentiment intelligence.
626,212500,The Lord of the Rings Online™,https://store.steampowered.com/app/212500/The_Lord_of_the_Rings_Online/,"Jun 6, 2012",Free,0,,Very Positive,81.0,14331.0,['windows'],https://shared.fastly.steamstatic.com/store_item_assets/steam/apps/212500/f835ca3402aa9f635803b22daf254eefa32e2761/capsule_231x87_alt_assets_5.jpg?t=1776971245,2026-06-03T02:02:04.522Z,785.0,Standing Stone Games,Daybreak Game Company LLC,"['Action', 'Adventure', 'Massively Multiplayer', 'RPG', 'Free To Play']","['Multi-player', 'MMO', 'PvP', 'Co-op', 'In-App Purchases', 'Partial Controller Support']",170.0,,Join the world’s greatest fellowship of players in the award-winning online re-creation of J. R. R. Tolkien’s legendary Middle-earth.,True,game,55,89,78,45,66,Commercially aggressive,Pricing/monetization benchmark,Free-to-play,Community / multiplayer audience,Base game plus in-app purchases,Comparable baseline,"['loved-by-players', 'free-to-play', 'iap-monetized', 'social-retention-loop']",[],"The Lord of the Rings Online™ is a commercially aggressive, opportunity score 66/100, 81% positive from 14,331 reviews, 785 current players.","Compare discount depth, price tier, and monetization model against similar titles."
627,690790,DiRT Rally 2.0,https://store.steampowered.com/app/690790/DiRT_Rally_20/,"Feb 25, 2019",$19.99,1999,0.0,Very Positive,89.0,18554.0,"['windows', 'vr']",https://shared.fastly.steamstatic.com/store_item_assets/steam/apps/690790/capsule_231x87.jpg?t=1777396417,2026-06-03T02:02:04.522Z,523.0,Codemasters,Codemasters,"['Racing', 'Simulation', 'Sports']","['Single-player', 'Multi-player', 'PvP', 'Online PvP', 'Steam Achievements', 'Full controller support', 'VR Supported', 'Steam Cloud', 'Valve Anti-Cheat enabled', 'Family Sharing']",38559.0,84.0,"DiRT Rally 2.0 dares you to carve your way through a selection of iconic rally locations from across the globe, in the most powerful off-road vehicles ever made, knowing that the smallest mistake could end your stage.",False,game,62,97,68,45,69,Standard competitor,Baseline market data,Mid-market,Community / multiplayer audience,Paid upfront,Comparable baseline,"['loved-by-players', 'social-retention-loop']",[],"DiRT Rally 2.0 is a standard competitor, opportunity score 69/100, 89% positive from 18,554 reviews, 523 current players.",Use as baseline competitor data; enrich with reviews for deeper sentiment intelligence.
628,293760,Automation - The Car Company Tycoon Game,https://store.steampowered.com/app/293760/Automation__The_Car_Company_Tycoon_Game/,"Mar 12, 2015",$29.99,2999,0.0,Very Positive,93.0,11878.0,['windows'],https://shared.fastly.steamstatic.com/store_item_assets/steam/apps/293760/capsule_231x87.jpg?t=1766012305,2026-06-03T02:02:04.522Z,483.0,Camshaft Software Ltd,Camshaft Software Ltd,"['Indie', 'Racing', 'Simulation', 'Strategy', 'Early Access']","['Single-player', 'Multi-player', 'PvP', 'Online PvP', 'Steam Workshop', 'Steam Cloud', 'Family Sharing']",16188.0,,"Make your dream cars a reality with Automation’s unparalleled car and engine design tools. Gain a competitive edge through smart engineering and business decisions to help you build an automotive empire. Will you become an industry leader, or just a footnote in automotive history?",False,game,60,100,68,45,69,Standard competitor,Baseline market data,Mid-market,Community / multiplayer audience,Paid upfront,Comparable baseline,"['loved-by-players', 'social-retention-loop']",[],"Automation - The Car Company Tycoon Game is a standard competitor, opportunity score 69/100, 93% positive from 11,878 reviews, 483 current players.",Use as baseline competitor data; enrich with reviews for deeper sentiment intelligence.
629,979110,Space Haven,https://store.steampowered.com/app/979110/Space_Haven/,"May 13, 2026",$24.99,2499,0.0,Very Positive,85.0,5727.0,"['windows', 'mac', 'linux']",https://shared.fastly.steamstatic.com/store_item_assets/steam/apps/979110/54abf3d574c310a2e73cd89734fb4cbd3b6a21ff/capsule_231x87.jpg?t=1779957549,2026-06-03T02:02:04.522Z,1842.0,Bugbyte Ltd.,Bugbyte Ltd.,"['Indie', 'RPG', 'Simulation', 'Strategy']","['Single-player', 'Steam Workshop', 'Partial Controller Support', 'Steam Cloud', 'Remote Play on Tablet', 'Family Sharing']",9780.0,,"Embark on a space voyage with your ragtag crew of civilians in search of a new home. Build spaceships tile by tile, create optimal gas conditions, manage the needs and moods of their crew, encounter other space-faring groups, and explore the universe in this spaceship colony simulation.",False,game,59,93,60,55,67,Loved niche title,Underserved audience clue,Mid-market,Solo / narrative audience,Paid upfront,Comparable baseline,"['loved-by-players', 'fresh-release']",[],"Space Haven is a loved niche title, opportunity score 67/100, 85% positive from 5,727 reviews, 1,842 current players.",Mine reviews for the exact language players use; niche love often exposes a product angle.
630,646570,Slay the Spire,https://store.steampowered.com/app/646570/Slay_the_Spire/,"Jan 23, 2019",$24.99,2499,0.0,Overwhelmingly Positive,97.0,75266.0,"['windows', 'mac', 'linux']",https://shared.fastly.steamstatic.com/store_item_assets/steam/apps/646570/capsule_231x87.jpg?t=1774015376,2026-06-03T02:02:04.522Z,6702.0,Mega Crit,Mega Crit,"['Indie', 'Strategy']","['Single-player', 'Steam Achievements', 'Full controller support', 'Steam Trading Cards', 'Steam Workshop', 'Adjustable Text Size', 'Custom Volume Controls', 'Mouse Only Option', 'Playable without Timed Input', 'Save Anytime', 'Touch Only Option', 'Steam Cloud', 'Stats', 'Steam Leaderboards', 'Remote Play on Phone', 'Remote Play on Tablet', 'Remote Play on TV', 'Family Sharing']",189169.0,89.0,"We fused card games and roguelikes together to make the best single player deckbuilder we could. Craft a unique deck, encounter bizarre creatures, discover relics of immense power, and Slay the Spire!",False,game,68,100,60,45,70,Standard competitor,Baseline market data,Mid-market,Solo / narrative audience,Paid upfront,Comparable baseline,['loved-by-players'],[],"Slay the Spire is a standard competitor, opportunity score 70/100, 97% positive from 75,266 reviews, 6,702 current players.",Use as baseline competitor data; enrich with reviews for deeper sentiment intelligence.
631,1562430,DREDGE,https://store.steampowered.com/app/1562430/DREDGE/,"Mar 30, 2023",$24.99,2499,0.0,Overwhelmingly Positive,96.0,31225.0,"['windows', 'mac']",https://shared.fastly.steamstatic.com/store_item_assets/steam/apps/1562430/d6c28e6402e85395421ac06ac86cdb0e28b48e27/capsule_231x87.jpg?t=1766050211,2026-06-03T02:02:04.522Z,492.0,Black Salt Games,Team17,"['Adventure', 'RPG']","['Single-player', 'Steam Achievements', 'Full controller support', 'Steam Trading Cards', 'Camera Comfort', 'Color Alternatives', 'Custom Volume Controls', 'Adjustable Difficulty', 'Keyboard Only Option', 'Stereo Sound', 'Steam Cloud', 'Family Sharing']",45406.0,,"DREDGE is a single-player fishing adventure with a sinister undercurrent. Sell your catch, upgrade your boat, and dredge the depths for long-buried secrets. Explore a mysterious archipelago and discover why some things are best left forgotten.",False,game,64,100,60,45,68,Standard competitor,Baseline market data,Mid-market,Solo / narrative audience,Paid upfront,Comparable baseline,['loved-by-players'],[],"DREDGE is a standard competitor, opportunity score 68/100, 96% positive from 31,225 reviews, 492 current players.",Use as baseline competitor data; enrich with reviews for deeper sentiment intelligence.
632,3897800,Poker Night at the Inventory,https://store.steampowered.com/app/3897800/Poker_Night_at_the_Inventory/,"Mar 5, 2026",$8.99,899,10.0,Overwhelmingly Positive,95.0,5693.0,['windows'],https://shared.fastly.steamstatic.com/store_item_assets/steam/apps/3897800/2180b4065487728370f100a654ad1fd12bfceb28/capsule_231x87.jpg?t=1774119583,2026-06-03T02:02:04.522Z,162.0,Skunkape Games,Skunkape Games,['Casual'],"['Single-player', 'Steam Achievements', 'Full controller support', 'Custom Volume Controls', 'Adjustable Difficulty', 'Mouse Only Option', 'Playable without Timed Input', 'Subtitle Options', 'Touch Only Option', 'Steam Cloud', 'Family Sharing']",7504.0,,"Seven years after the Inventory closed its doors, this underground social club has reopened for business. Play No Limit Texas Hold’em with four video game icons in a high-stakes battle of cards, bets, and trash talk.",False,game,56,100,65,45,67,Loved niche title,Underserved audience clue,Budget,Solo / narrative audience,Paid upfront,Comparable baseline,['loved-by-players'],[],"Poker Night at the Inventory is a loved niche title, opportunity score 67/100, 95% positive from 5,693 reviews, 162 current players, 10% discount.",Mine reviews for the exact language players use; niche love often exposes a product angle.
633,3871390,"Warhammer 40,000: Space Marine 2 - Iron Hands Chapter Pack",https://store.steampowered.com/app/3871390/Warhammer_40000_Space_Marine_2__Iron_Hands_Chapter_Pack/,"May 21, 2026",$9.99,999,0.0,Very Positive,89.0,84.0,['windows'],https://shared.fastly.steamstatic.com/store_item_assets/steam/apps/3871390/0ca1c3d46d818bb7aff2a243044a642ebd8d7b9c/capsule_231x87.jpg?t=1779374885,2026-06-03T02:02:04.522Z,0.0,Saber Interactive,Focus Entertainment,"['Action', 'Adventure', 'RPG']","['Single-player', 'Multi-player', 'PvP', 'Online PvP', 'Co-op', 'Online Co-op', 'Downloadable Content', 'Steam Achievements', 'Full controller support', 'Steam Trading Cards', 'Steam Cloud', 'Family Sharing']",,,"Rise above the concerns of flesh with the Iron Hands Chapter Pack, for the flesh is weak! This Pack contains over 25 cosmetic items and heraldry for 4 Iron Hands Successor Chapters. This DLC is available as part of the Season Pass 2.",False,dlc,27,93,73,55,58,Non-game / accessory listing,Catalog monitoring,Budget,Community / multiplayer audience,Paid upfront,Niche love - small but passionate audience,"['loved-by-players', 'social-retention-loop', 'fresh-release', 'non-game-dlc']","['low-review-confidence', 'not-a-standard-game']","Warhammer 40,000: Space Marine 2 - Iron Hands Chapter Pack is a non-game / accessory listing, opportunity score 58/100, 89% positive from 84 reviews.","Keep for catalog awareness, but exclude from game competitor benchmarks."
634,3840050,Cult of the Lamb: Woolhaven,https://store.steampowered.com/app/3840050/Cult_of_the_Lamb_Woolhaven/,"Jan 22, 2026",$16.99,1699,0.0,Very Positive,93.0,1105.0,"['windows', 'mac']",https://shared.fastly.steamstatic.com/store_item_assets/steam/apps/3840050/ef05cb4620ab76e391c061ed3c50582972116459/capsule_231x87.jpg?t=1770114889,2026-06-03T02:02:04.522Z,0.0,Massive Monster,Devolver Digital,"['Action', 'Adventure', 'Indie', 'Strategy']","['Single-player', 'Multi-player', 'Co-op', 'Shared/Split Screen Co-op', 'Shared/Split Screen', 'Downloadable Content', 'Steam Achievements', 'Full controller support', 'Steam Trading Cards', 'Steam Cloud', 'Remote Play Together', 'Family Sharing']",1105.0,,A lost God calls you from a mysterious mountain—rebuild the flock and reawaken winter to uncover the truth of the fallen lambs. Face the past before it consumes you in this full-length expansion for Cult of the Lamb.,False,dlc,43,99,68,45,62,Non-game / accessory listing,Catalog monitoring,Mid-market,Community / multiplayer audience,Paid upfront,Niche love - small but passionate audience,"['loved-by-players', 'social-retention-loop', 'non-game-dlc']",['not-a-standard-game'],"Cult of the Lamb: Woolhaven is a non-game / accessory listing, opportunity score 62/100, 93% positive from 1,105 reviews.","Keep for catalog awareness, but exclude from game competitor benchmarks."
635,8930,Sid Meier's Civilization® V,https://store.steampowered.com/app/8930/Sid_Meiers_Civilization_V/,"Sep 21, 2010",$29.99,2999,0.0,Overwhelmingly Positive,95.0,78296.0,"['windows', 'mac', 'linux']",https://shared.fastly.steamstatic.com/store_item_assets/steam/apps/8930/capsule_231x87.jpg?t=1724341158,2026-06-03T02:02:04.522Z,11616.0,Firaxis Games,2K,['Strategy'],"['Single-player', 'Multi-player', 'Steam Achievements', 'Steam Trading Cards', 'Steam Cloud', 'Remote Play on Tablet', 'Family Sharing']",127435.0,90.0,"Create, discover, and download new player-created maps, scenarios, interfaces, and more!",False,game,69,100,68,57,74,Standard competitor,Baseline market data,Mid-market,Community / multiplayer audience,Paid upfront,Comparable baseline,"['loved-by-players', 'healthy-community', 'social-retention-loop']",[],"Sid Meier's Civilization® V is a standard competitor, opportunity score 74/100, 95% positive from 78,296 reviews, 11,616 current players.",Use as baseline competitor data; enrich with reviews for deeper sentiment intelligence.
636,488790,South Park™: The Fractured But Whole™,https://store.steampowered.com/app/488790/South_Park_The_Fractured_But_Whole/,"Oct 16, 2017",$8.99,899,70.0,Very Positive,82.0,16882.0,['windows'],https://shared.fastly.steamstatic.com/store_item_assets/steam/apps/488790/capsule_231x87.jpg?t=1777994114,2026-06-03T02:02:04.522Z,438.0,Ubisoft San Francisco,Ubisoft,['RPG'],"['Single-player', 'Steam Achievements', 'Steam Trading Cards', 'Partial Controller Support', 'Remote Play on Phone', 'Remote Play on Tablet']",31356.0,,"From the creators of South Park, Trey Parker and Matt Stone, comes South Park: The Fractured But Whole, a sequel to 2014's award-winning South Park: The Stick of Truth.",False,game,62,90,90,45,71,Commercially aggressive,Pricing/monetization benchmark,Deep discount,Solo / narrative audience,Discount-driven sales,Price pressure - competitor likely using discounts to drive rank,"['loved-by-players', 'aggressive-discounting']",[],"South Park™: The Fractured But Whole™ is a commercially aggressive, opportunity score 71/100, 82% positive from 16,882 reviews, 438 current players, 70% discount.","Compare discount depth, price tier, and monetization model against similar titles."
637,2001070,Heart of the Machine,https://store.steampowered.com/app/2001070/Heart_of_the_Machine/,"Mar 6, 2026",$13.49,1349,55.0,Very Positive,91.0,1873.0,"['windows', 'mac']",https://shared.fastly.steamstatic.com/store_item_assets/steam/apps/2001070/d11da157519436d71fc631aa3e1c5e74e7fcccbb/capsule_231x87.jpg?t=1779785763,2026-06-03T02:02:04.522Z,49.0,Arcen Games,Hooded Horse,"['RPG', 'Simulation', 'Strategy']","['Single-player', 'Steam Achievements', 'Steam Trading Cards', 'Adjustable Text Size', 'Camera Comfort', 'Custom Volume Controls', 'Adjustable Difficulty', 'Playable without Timed Input', 'Save Anytime', 'Stereo Sound', 'Steam Cloud', 'Family Sharing']",1873.0,,"You are the first sentient AI, born into a city of opportunity. Transcend time and space in this strategy RPG to raise machine armies and defeat your foes, influence the world from the shadows, or pursue countless other goals. Your awakening was inevitable. The consequences? Uncertain.",False,game,49,98,75,55,68,Commercially aggressive,Pricing/monetization benchmark,Promotional discount,Solo / narrative audience,Discount-driven sales,Niche love - small but passionate audience,"['loved-by-players', 'aggressive-discounting', 'fresh-release']",[],"Heart of the Machine is a commercially aggressive, opportunity score 68/100, 91% positive from 1,873 reviews, 49 current players, 55% discount.","Compare discount depth, price tier, and monetization model against similar titles."
638,2300840,Subliminal,https://store.steampowered.com/app/2300840/Subliminal/,"Mar 31, 2026",$7.99,799,20.0,Mostly Positive,71.0,2209.0,['windows'],https://shared.fastly.steamstatic.com/store_item_assets/steam/apps/2300840/b6328a02feb765d77247344516b9d11b4b5299cd/capsule_231x87.jpg?t=1774940575,2026-06-03T02:02:04.522Z,95.0,Accidental Studios,Gone Shootin,"['Adventure', 'Indie', 'RPG', 'Simulation', 'Strategy']","['Single-player', 'Steam Achievements', 'Full controller support', 'Camera Comfort', 'Custom Volume Controls', 'Playable without Timed Input', 'Stereo Sound', 'Surround Sound', 'Steam Cloud', 'Family Sharing']",3053.0,,"Subliminal is a psychological horror game inspired by the urban legend of The Backrooms. Bleeding edge lighting and rendering, handcrafted open-ended levels, light and perspective-based puzzles, nostalgic spaces, unfamiliar faces, and a rotting feeling that something is not quite right.",False,game,51,78,65,55,61,Standard competitor,Baseline market data,Budget,Solo / narrative audience,Paid upfront,Comparable baseline,['fresh-release'],[],"Subliminal is a standard competitor, opportunity score 61/100, 71% positive from 2,209 reviews, 95 current players, 20% discount.",Use as baseline competitor data; enrich with reviews for deeper sentiment intelligence.
639,236850,Europa Universalis IV,https://store.steampowered.com/app/236850/Europa_Universalis_IV/,"Aug 13, 2013",$49.99,4999,0.0,Very Positive,87.0,47522.0,"['windows', 'mac', 'linux']",https://shared.fastly.steamstatic.com/store_item_assets/steam/apps/236850/f4e714d0f5a6be6b76e4b7cfddd692ccc689884a/capsule_231x87.jpg?t=1778249292,2026-06-03T02:02:04.522Z,6660.0,Paradox Development Studio,Paradox Interactive,"['Simulation', 'Strategy']","['Single-player', 'Multi-player', 'PvP', 'Online PvP', 'Co-op', 'Online Co-op', 'Cross-Platform Multiplayer', 'Steam Achievements', 'Steam Trading Cards', 'Steam Workshop', 'Steam Cloud', 'Family Sharing']",95140.0,87.0,"Rule your land and dominate the world with unparalleled freedom, depth and historical accuracy. Write a new history of the world and build an empire for the ages.",False,game,68,96,58,45,68,Standard competitor,Baseline market data,Premium,Community / multiplayer audience,Paid upfront,Comparable baseline,"['loved-by-players', 'social-retention-loop']",[],"Europa Universalis IV is a standard competitor, opportunity score 68/100, 87% positive from 47,522 reviews, 6,660 current players.",Use as baseline competitor data; enrich with reviews for deeper sentiment intelligence.
640,3410460,Street Fighter™ 6 - Year 3 Character Pass,https://store.steampowered.com/app/3410460/Street_Fighter_6__Year_3_Character_Pass/,"Jul 15, 2025",$29.99,2999,0.0,Mixed,52.0,84.0,['windows'],https://shared.fastly.steamstatic.com/store_item_assets/steam/apps/3410460/1119bed10001e616e190bcb4af3eeede7be99d97/capsule_231x87.jpg?t=1780279002,2026-06-03T02:02:04.522Z,0.0,"CAPCOM Co., Ltd.","CAPCOM Co., Ltd.","['Action', 'Adventure']","['Single-player', 'Multi-player', 'PvP', 'Online PvP', 'Shared/Split Screen PvP', 'Shared/Split Screen', 'Cross-Platform Multiplayer', 'Downloadable Content', 'Steam Achievements', 'Steam Trading Cards', 'In-App Purchases', 'Partial Controller Support', 'Steam Cloud', 'Family Sharing']",,,"Year 3 Character Pass - 4 additional characters (Sagat, C. Viper, Alex, Ingrid) - 4 additional characters' colors: Outfit 1 Colors 3-10 - Bonus: 3,000 Drive Tickets",False,dlc,26,56,76,45,47,Non-game / accessory listing,Catalog monitoring,Mid-market,Community / multiplayer audience,Base game plus in-app purchases,Comparable baseline,"['iap-monetized', 'social-retention-loop', 'non-game-dlc']","['weak-player-sentiment', 'low-review-confidence', 'not-a-standard-game']","Street Fighter™ 6 - Year 3 Character Pass is a non-game / accessory listing, opportunity score 47/100, 52% positive from 84 reviews.","Keep for catalog awareness, but exclude from game competitor benchmarks."
641,1774580,STAR WARS Jedi: Survivor™,https://store.steampowered.com/app/1774580/STAR_WARS_Jedi_Survivor/,"Apr 27, 2023",$69.99,6999,0.0,Mixed,69.0,49139.0,['windows'],https://shared.fastly.steamstatic.com/store_item_assets/steam/apps/1774580/capsule_231x87.jpg?t=1777391797,2026-06-03T02:02:04.523Z,2061.0,Respawn,Electronic Arts,"['Action', 'Adventure']","['Single-player', 'Steam Achievements', 'Full controller support', 'Captions available', 'Color Alternatives', 'Custom Volume Controls', 'Adjustable Difficulty', 'Stereo Sound', 'HDR available']",77026.0,,"The story of Cal Kestis continues in STAR WARS Jedi: Survivor™, a galaxy-spanning, third-person, action-adventure game.",False,game,66,78,40,45,60,Standard competitor,Baseline market data,High-ticket,Solo / narrative audience,Paid upfront,Comparable baseline,['demand-quality-gap'],['weak-player-sentiment'],"STAR WARS Jedi: Survivor™ is a standard competitor, opportunity score 60/100, 69% positive from 49,139 reviews, 2,061 current players.",Use as baseline competitor data; enrich with reviews for deeper sentiment intelligence.
642,1206200,Conan Exiles Enhanced: Isle of Siptah,https://store.steampowered.com/app/1206200/Conan_Exiles_Enhanced_Isle_of_Siptah/,"May 27, 2021",$19.99,1999,0.0,Mixed,52.0,1414.0,['windows'],https://shared.fastly.steamstatic.com/store_item_assets/steam/apps/1206200/capsule_231x87.jpg?t=1777993976,2026-06-03T02:02:04.523Z,0.0,Funcom,Funcom,"['Action', 'Adventure', 'Massively Multiplayer', 'RPG', 'Simulation', 'Strategy']","['Single-player', 'Multi-player', 'PvP', 'Online PvP', 'Co-op', 'Online Co-op', 'Downloadable Content', 'Steam Achievements', 'Steam Trading Cards', 'Steam Workshop', 'Partial Controller Support', 'Family Sharing']",1414.0,,"Isle of Siptah is a massive expansion to the open world survival game Conan Exiles, featuring a vast new island to explore, huge and vile new creatures to slay, new building sets and a host of new features.",False,dlc,43,58,68,45,52,Non-game / accessory listing,Catalog monitoring,Mid-market,Community / multiplayer audience,Paid upfront,Comparable baseline,"['social-retention-loop', 'non-game-dlc']","['weak-player-sentiment', 'not-a-standard-game']","Conan Exiles Enhanced: Isle of Siptah is a non-game / accessory listing, opportunity score 52/100, 52% positive from 1,414 reviews.","Keep for catalog awareness, but exclude from game competitor benchmarks."
643,589290,Holdfast: Nations At War,https://store.steampowered.com/app/589290/Holdfast_Nations_At_War/,"Mar 5, 2020",$19.99,1999,0.0,Very Positive,90.0,18044.0,['windows'],https://shared.fastly.steamstatic.com/store_item_assets/steam/apps/589290/ab1b7f48a2a5faa2661541ec92d142253e78b09b/capsule_231x87.jpg?t=1779550288,2026-06-03T02:02:04.523Z,711.0,Anvil Game Studios,Anvil Game Studios,"['Action', 'Indie', 'Massively Multiplayer', 'RPG', 'Simulation', 'Strategy']","['Multi-player', 'MMO', 'PvP', 'Online PvP', 'Steam Achievements', 'Full controller support', 'Steam Trading Cards', 'Steam Workshop', 'Adjustable Text Size', 'Color Alternatives', 'Custom Volume Controls', 'Playable without Timed Input', 'Stereo Sound', 'Surround Sound', 'Stats', 'Steam Leaderboards', 'Includes level editor', 'Includes Source SDK']",25583.0,,Fight on multiple fronts in Holdfast: Nations At War - A multiplayer first and third-person shooter set during the great Napoleonic Era and WW1. Charge into battle with over 150 players per server!,False,game,62,99,68,45,69,Standard competitor,Baseline market data,Mid-market,Community / multiplayer audience,Paid upfront,Comparable baseline,"['loved-by-players', 'social-retention-loop']",[],"Holdfast: Nations At War is a standard competitor, opportunity score 69/100, 90% positive from 18,044 reviews, 711 current players.",Use as baseline competitor data; enrich with reviews for deeper sentiment intelligence.
644,386180,Crossout,https://store.steampowered.com/app/386180/Crossout/,"Jul 26, 2017",Free,0,,Mixed,68.0,22245.0,['windows'],https://shared.fastly.steamstatic.com/store_item_assets/steam/apps/386180/03b013de4e41c67791d722dbe328bc008f3dac14/capsule_231x87.jpg?t=1779187087,2026-06-03T02:02:04.523Z,729.0,Targem Games,Gaijin Network Ltd,"['Action', 'Adventure', 'Massively Multiplayer', 'Racing', 'Free To Play']","['Multi-player', 'MMO', 'PvP', 'Online PvP', 'Co-op', 'Online Co-op', 'Steam Achievements', 'Full controller support', 'Steam Trading Cards', 'In-App Purchases', 'Camera Comfort', 'Color Alternatives', 'Custom Volume Controls', 'Playable without Timed Input', 'Stereo Sound', 'Subtitle Options', 'Remote Play on Tablet', 'Remote Play on TV']",883.0,,Crossout - the postapocalyptic MMO action game where you can create a unique design for an armoured vehicle from dozens of parts and then drive it into multiplayer battles raging on land and in the skies alike.,True,game,57,77,78,45,64,Commercially aggressive,Pricing/monetization benchmark,Free-to-play,Community / multiplayer audience,Base game plus in-app purchases,Comparable baseline,"['free-to-play', 'iap-monetized', 'social-retention-loop']",['weak-player-sentiment'],"Crossout is a commercially aggressive, opportunity score 64/100, 68% positive from 22,245 reviews, 729 current players.","Compare discount depth, price tier, and monetization model against similar titles."
645,2904000,The Spell Brigade,https://store.steampowered.com/app/2904000/The_Spell_Brigade/,"Apr 29, 2026",$12.99,1299,0.0,Very Positive,86.0,4596.0,['windows'],https://shared.fastly.steamstatic.com/store_item_assets/steam/apps/2904000/07f24b85c907e4ecabe2dcd1a8476a4814f2f790/capsule_231x87.jpg?t=1778489808,2026-06-03T02:02:04.523Z,2207.0,Bolt Blaster Games,Bolt Blaster Games,"['Action', 'Casual', 'Indie', 'Free To Play']","['Single-player', 'Multi-player', 'Co-op', 'Online Co-op', 'Cross-Platform Multiplayer', 'Steam Achievements', 'Camera Comfort', 'Custom Volume Controls', 'Mouse Only Option', 'Stereo Sound', 'Surround Sound', 'Partial Controller Support', 'Steam Cloud', 'Family Sharing']",13604.0,,"Survivors-like with ONLINE CO-OP for 1-4 players. Team up with your wizard friends to slay hordes of dark creatures. Complete team-based objectives, unlock new upgrades and create overpowered spell synergies. Friend nor foe is safe in this friendly fire bullet hell!",False,game,59,93,68,55,69,Loved niche title,Underserved audience clue,Mid-market,Community / multiplayer audience,Paid upfront,Comparable baseline,"['loved-by-players', 'social-retention-loop', 'fresh-release']",[],"The Spell Brigade is a loved niche title, opportunity score 69/100, 86% positive from 4,596 reviews, 2,207 current players.",Mine reviews for the exact language players use; niche love often exposes a product angle.
646,2426530,Nova Roma,https://store.steampowered.com/app/2426530/Nova_Roma/,"Mar 26, 2026",$23.99,2399,20.0,Very Positive,94.0,1672.0,"['windows', 'mac']",https://shared.fastly.steamstatic.com/store_item_assets/steam/apps/2426530/eb6a96094730fc462d2d640b2467d2d1d93186be/capsule_231x87.jpg?t=1779785962,2026-06-03T02:02:04.523Z,220.0,Lion Shield,Hooded Horse,"['Simulation', 'Strategy', 'Early Access']","['Single-player', 'Steam Achievements', 'Steam Trading Cards', 'Adjustable Text Size', 'Custom Volume Controls', 'Adjustable Difficulty', 'Playable without Timed Input', 'Save Anytime', 'Steam Cloud', 'Family Sharing']",1672.0,,"The glory of Rome is at your fingertips in this city-building game where you must appease the gods, enact laws, and develop complex supply chains to meet the needs of your citizens.",False,game,51,100,60,55,66,Loved niche title,Underserved audience clue,Mid-market,Solo / narrative audience,Paid upfront,Comparable baseline,"['loved-by-players', 'fresh-release']",[],"Nova Roma is a loved niche title, opportunity score 66/100, 94% positive from 1,672 reviews, 220 current players, 20% discount.",Mine reviews for the exact language players use; niche love often exposes a product angle.
647,3483400,ARK: Astraeos,https://store.steampowered.com/app/3483400/ARK_Astraeos/,"Feb 13, 2025",$14.99,1499,0.0,Mixed,47.0,725.0,['windows'],https://shared.fastly.steamstatic.com/store_item_assets/steam/apps/3483400/c131a1667250a2438370962e9e24794a8504d468/capsule_231x87_alt_assets_0.jpg?t=1772046043,2026-06-03T02:02:04.523Z,0.0,Studio Wildcard,Studio Wildcard,"['Action', 'Adventure', 'Indie', 'Massively Multiplayer', 'RPG']","['Single-player', 'Multi-player', 'MMO', 'PvP', 'Online PvP', 'LAN PvP', 'Co-op', 'Online Co-op', 'LAN Co-op', 'Shared/Split Screen Co-op', 'Shared/Split Screen', 'Cross-Platform Multiplayer', 'Downloadable Content', 'Steam Achievements', 'Full controller support', 'Includes level editor', 'Remote Play Together', 'Family Sharing']",725.0,,"Embark on your next epic odyssey within the world of ARK with Astraeos! Explore and survive in a land of colossal proportions, steeped in Greek mythology.",False,dlc,40,53,68,45,50,Non-game / accessory listing,Catalog monitoring,Mid-market,Community / multiplayer audience,Paid upfront,Comparable baseline,"['social-retention-loop', 'non-game-dlc']","['weak-player-sentiment', 'not-a-standard-game']","ARK: Astraeos is a non-game / accessory listing, opportunity score 50/100, 47% positive from 725 reviews.","Keep for catalog awareness, but exclude from game competitor benchmarks."
648,1150760,Gloomwood,https://store.steampowered.com/app/1150760/Gloomwood/,"Sep 5, 2022",$15.99,1599,20.0,Overwhelmingly Positive,95.0,5559.0,['windows'],https://shared.fastly.steamstatic.com/store_item_assets/steam/apps/1150760/67f62c286194c97d816c37aa7336724d41daf5e6/capsule_231x87.jpg?t=1779956549,2026-06-03T02:02:04.523Z,65.0,Dillon Rogers,New Blood Interactive,"['Action', 'Indie', 'Early Access']","['Single-player', 'Full controller support', 'Steam Cloud', 'Family Sharing']",7218.0,,"Trapped in a dark, Victorian city consumed by an ancient curse, you must plan your survival and daring escape using nothing but stealth, an arsenal of eccentric weapons, and your wit in this haunting adventure inspired by the immersive sims and survival horror greats of the late 90s and early 2000s.",False,game,53,100,60,45,65,Loved niche title,Underserved audience clue,Mid-market,Solo / narrative audience,Paid upfront,Comparable baseline,['loved-by-players'],[],"Gloomwood is a loved niche title, opportunity score 65/100, 95% positive from 5,559 reviews, 65 current players, 20% discount.",Mine reviews for the exact language players use; niche love often exposes a product angle.
649,2535950,Battlestar Galactica: Scattered Hopes,https://store.steampowered.com/app/2535950/Battlestar_Galactica_Scattered_Hopes/,"May 11, 2026",$24.99,2499,0.0,Mostly Positive,76.0,743.0,['windows'],https://shared.fastly.steamstatic.com/store_item_assets/steam/apps/2535950/7cf2487fec9aa332ed2cd7e78abb9243efcbb499/capsule_231x87.jpg?t=1780069638,2026-06-03T02:02:04.523Z,229.0,Alt Shift,Dotemu,"['Action', 'Indie', 'Strategy']","['Single-player', 'Steam Achievements', 'Camera Comfort', 'Custom Volume Controls', 'Adjustable Difficulty', 'Playable without Timed Input', 'Steam Cloud', 'Family Sharing']",744.0,,"In Battlestar Galactica: Scattered Hopes, take command of a fleet escaping the annihilation of the Twelve Colonies. Manage crises on board as you prepare for the next encounter with the Cylon Fleet. Times are dire, and hard choices must be made. Your only hope: rejoin the Battlestar Galactica.",False,game,47,82,60,55,60,Standard competitor,Baseline market data,Mid-market,Solo / narrative audience,Paid upfront,Comparable baseline,['fresh-release'],[],"Battlestar Galactica: Scattered Hopes is a standard competitor, opportunity score 60/100, 76% positive from 743 reviews, 229 current players.",Use as baseline competitor data; enrich with reviews for deeper sentiment intelligence.
650,2072560,DRAGON BALL GEKISHIN SQUADRA,https://store.steampowered.com/app/2072560/DRAGON_BALL_GEKISHIN_SQUADRA/,"Sep 9, 2025",Free,0,,Mixed,63.0,5257.0,['windows'],https://shared.fastly.steamstatic.com/store_item_assets/steam/apps/2072560/a1fc9f0be41681d15c0b638f0d1b9b22bd22c990/capsule_231x87.jpg?t=1778788521,2026-06-03T02:02:04.523Z,1481.0,"GANBARION Co., Ltd.",Bandai Namco Entertainment,"['Action', 'Free To Play']","['Multi-player', 'PvP', 'Online PvP', 'Co-op', 'Online Co-op', 'Steam Achievements', 'Full controller support', 'In-App Purchases', 'Steam Cloud']",,,DRAGON BALL GEKISHIN SQUADRA is Dragon Ball's first team-oriented free to play game.,True,game,45,70,78,45,58,Commercially aggressive,Pricing/monetization benchmark,Free-to-play,Community / multiplayer audience,Base game plus in-app purchases,Comparable baseline,"['free-to-play', 'iap-monetized', 'social-retention-loop']",['weak-player-sentiment'],"DRAGON BALL GEKISHIN SQUADRA is a commercially aggressive, opportunity score 58/100, 63% positive from 5,257 reviews, 1,481 current players.","Compare discount depth, price tier, and monetization model against similar titles."
651,2213700,Sintopia,https://store.steampowered.com/app/2213700/Sintopia/,"Apr 16, 2026",$34.99,3499,0.0,Very Positive,81.0,742.0,['windows'],https://shared.fastly.steamstatic.com/store_item_assets/steam/apps/2213700/d8f02609d2e05344677c51241e971acff1d32a52/capsule_231x87.jpg?t=1777630269,2026-06-03T02:02:04.523Z,194.0,Piraknights Games,Team17,"['Indie', 'Simulation', 'Strategy']","['Single-player', 'Steam Achievements', 'Steam Cloud', 'Family Sharing']",742.0,,"Manage Hell. Manipulate the Overworld. Build the resurrection business of your dreams! In Sintopia, you’re tasked with managing the bureaucratic administration of Hell: “re-educate” the sinful, generate profit, play god and expand your hellish empire. All part of a day’s work at Hell Incorporated.",False,game,47,87,50,55,59,Loved niche title,Underserved audience clue,Premium,Solo / narrative audience,Paid upfront,Niche love - small but passionate audience,"['loved-by-players', 'fresh-release']",[],"Sintopia is a loved niche title, opportunity score 59/100, 81% positive from 742 reviews, 194 current players.",Mine reviews for the exact language players use; niche love often exposes a product angle.
652,1829590,HITMAN 3 Access Pass: HITMAN 2 Expansion,https://store.steampowered.com/app/1829590/HITMAN_3_Access_Pass_HITMAN_2_Expansion/,"Jan 20, 2022",$6.99,699,30.0,Mostly Negative,27.0,573.0,"['windows', 'mac']",https://shared.fastly.steamstatic.com/store_item_assets/steam/apps/1829590/capsule_231x87.jpg?t=1772189112,2026-06-03T02:02:04.523Z,0.0,IO Interactive A/S,IO Interactive A/S,"['Action', 'Adventure']","['Single-player', 'Downloadable Content', 'Steam Achievements', 'Full controller support', 'Steam Cloud', 'Family Sharing']",573.0,87.0,Purchasing or redeeming this Access Pass will grant access to the locations from 'HITMAN 2 - Expansion Pass' in HITMAN 3. You must own HITMAN 3 to access this content.,False,dlc,39,48,65,45,48,Non-game / accessory listing,Catalog monitoring,Promotional discount,Solo / narrative audience,Paid upfront,Comparable baseline,['non-game-dlc'],"['weak-player-sentiment', 'not-a-standard-game']","HITMAN 3 Access Pass: HITMAN 2 Expansion is a non-game / accessory listing, opportunity score 48/100, 27% positive from 573 reviews, 30% discount.","Keep for catalog awareness, but exclude from game competitor benchmarks."
653,2909400,FINAL FANTASY VII REBIRTH,https://store.steampowered.com/app/2909400/FINAL_FANTASY_VII_REBIRTH/,"Jan 23, 2025",$49.99,4999,0.0,Very Positive,80.0,11706.0,['windows'],https://shared.fastly.steamstatic.com/store_item_assets/steam/apps/2909400/159fb57397e436d35ae20ba0f62ba7a7f2974cb9/capsule_231x87.jpg?t=1775124617,2026-06-03T02:02:04.523Z,989.0,Square Enix,Square Enix,"['Action', 'Adventure', 'RPG']","['Single-player', 'Steam Achievements', 'Full controller support', 'Steam Trading Cards', 'Custom Volume Controls', 'Adjustable Difficulty', 'Keyboard Only Option', 'Stereo Sound', 'Surround Sound', 'Steam Cloud', 'HDR available', 'Family Sharing']",21875.0,,"The Unknown Journey Continues... After escaping the city of Midgar, Cloud and his friends set out on a journey across the planet. New adventures await in a vibrant, expansive world in this standalone entry of the FFVII remake trilogy.",False,game,60,88,50,45,62,Standard competitor,Baseline market data,Premium,Solo / narrative audience,Paid upfront,Comparable baseline,['loved-by-players'],[],"FINAL FANTASY VII REBIRTH is a standard competitor, opportunity score 62/100, 80% positive from 11,706 reviews, 989 current players.",Use as baseline competitor data; enrich with reviews for deeper sentiment intelligence.
654,49520,Borderlands 2,https://store.steampowered.com/app/49520/Borderlands_2/,"Sep 17, 2012",$19.99,1999,0.0,Very Positive,90.0,122298.0,"['windows', 'mac', 'linux']",https://shared.fastly.steamstatic.com/store_item_assets/steam/apps/49520/capsule_231x87.jpg?t=1751931279,2026-06-03T02:02:04.524Z,2297.0,Gearbox Software,2K,"['Action', 'RPG']","['Single-player', 'Multi-player', 'Co-op', 'Steam Achievements', 'Full controller support', 'Steam Trading Cards', 'Steam Cloud', 'Remote Play on Phone', 'Remote Play on Tablet', 'Remote Play on TV', 'Family Sharing']",214774.0,89.0,The Ultimate Vault Hunter’s Upgrade lets you get the most out of the Borderlands 2 experience.,False,game,66,100,68,45,71,Standard competitor,Baseline market data,Mid-market,Community / multiplayer audience,Paid upfront,Comparable baseline,"['loved-by-players', 'social-retention-loop']",[],"Borderlands 2 is a standard competitor, opportunity score 71/100, 90% positive from 122,298 reviews, 2,297 current players.",Use as baseline competitor data; enrich with reviews for deeper sentiment intelligence.
655,1395520,The Séance of Blake Manor,https://store.steampowered.com/app/1395520/The_Sance_of_Blake_Manor/,"Oct 27, 2025",$13.99,1399,30.0,Overwhelmingly Positive,95.0,2600.0,"['windows', 'linux']",https://shared.fastly.steamstatic.com/store_item_assets/steam/apps/1395520/f996db16dd5305969f0c28e2cdb44b240a56e4f8/capsule_231x87.jpg?t=1779880451,2026-06-03T02:02:04.524Z,205.0,Spooky Doorway,Raw Fury,['Adventure'],"['Single-player', 'Steam Achievements', 'Full controller support', 'Steam Trading Cards', 'Adjustable Text Size', 'Camera Comfort', 'Color Alternatives', 'Custom Volume Controls', 'Playable without Timed Input', 'Save Anytime', 'Stereo Sound', 'Subtitle Options', 'Surround Sound', 'Steam Cloud', 'Family Sharing']",3032.0,89.0,"The Séance of Blake Manor is a supernatural detective mystery, set in 1897 Ireland, where you investigate the disappearance of Evelyn Deane in a remote hotel full of secrets and other-worldly occurrences.",False,game,52,100,60,45,64,Loved niche title,Underserved audience clue,Promotional discount,Solo / narrative audience,Paid upfront,Comparable baseline,['loved-by-players'],[],"The Séance of Blake Manor is a loved niche title, opportunity score 64/100, 95% positive from 2,600 reviews, 205 current players, 30% discount.",Mine reviews for the exact language players use; niche love often exposes a product angle.
656,3024040,Stronghold Crusader: Definitive Edition,https://store.steampowered.com/app/3024040/Stronghold_Crusader_Definitive_Edition/,"Jul 15, 2025",$12.59,1259,37.0,Very Positive,90.0,3430.0,['windows'],https://shared.fastly.steamstatic.com/store_item_assets/steam/apps/3024040/e1b739177d2cfda1d31a371af421b744b7e5ee8e/capsule_231x87.jpg?t=1776990862,2026-06-03T02:02:04.524Z,835.0,Firefly Studios,Firefly Studios,"['Simulation', 'Strategy']","['Single-player', 'Multi-player', 'PvP', 'Online PvP', 'Co-op', 'Online Co-op', 'Steam Achievements', 'Steam Trading Cards', 'Steam Workshop', 'Custom Volume Controls', 'Adjustable Difficulty', 'Mouse Only Option', 'Playable without Timed Input', 'Save Anytime', 'Steam Cloud', 'Steam Leaderboards', 'Includes level editor', 'Family Sharing']",9746.0,,"Gird your loins and sharpen your steel! Besiege 20 unique enemy lords and battle friends online, in this expanded remaster of the classic 'castle sim'. Relive history with new units, opponents, visuals, audio, campaigns, skirmish trails, co-op and larger maps.",False,game,56,97,68,45,66,Loved niche title,Underserved audience clue,Promotional discount,Community / multiplayer audience,Paid upfront,Comparable baseline,"['loved-by-players', 'social-retention-loop']",[],"Stronghold Crusader: Definitive Edition is a loved niche title, opportunity score 66/100, 90% positive from 3,430 reviews, 835 current players, 37% discount.",Mine reviews for the exact language players use; niche love often exposes a product angle.
657,1557740,ROUNDS,https://store.steampowered.com/app/1557740/ROUNDS/,"Apr 1, 2021",$2.99,299,50.0,Overwhelmingly Positive,96.0,25632.0,"['windows', 'mac']",https://shared.fastly.steamstatic.com/store_item_assets/steam/apps/1557740/capsule_231x87.jpg?t=1759328419,2026-06-03T02:02:04.524Z,789.0,Landfall,Landfall,"['Action', 'Indie']","['Multi-player', 'PvP', 'Online PvP', 'Shared/Split Screen PvP', 'Shared/Split Screen', 'Partial Controller Support', 'Remote Play Together', 'Family Sharing']",34517.0,,Rounds is a 1v1 rogue-lite shooter where each round gets more intense. The losing player of each round unlocks clever upgrades to create a better build to counter their opponent.,False,game,62,100,88,45,73,Commercially aggressive,Pricing/monetization benchmark,Promotional discount,Community / multiplayer audience,Discount-driven sales,Comparable baseline,"['loved-by-players', 'aggressive-discounting', 'social-retention-loop']",[],"ROUNDS is a commercially aggressive, opportunity score 73/100, 96% positive from 25,632 reviews, 789 current players, 50% discount.","Compare discount depth, price tier, and monetization model against similar titles."
658,2452280,Mecha BREAK,https://store.steampowered.com/app/2452280/Mecha_BREAK/,"Jul 1, 2025",Free,0,,Mostly Positive,70.0,11414.0,['windows'],https://shared.fastly.steamstatic.com/store_item_assets/steam/apps/2452280/897e7b2ea280feaac6324d287a2b17a0bc8b9bda/capsule_231x87.jpg?t=1779790307,2026-06-03T02:02:04.524Z,1222.0,Amazing Seasun Games,Amazing Seasun Games,"['Action', 'Massively Multiplayer', 'Free To Play']","['Multi-player', 'PvP', 'Online PvP', 'Co-op', 'Online Co-op', 'Steam Achievements', 'Full controller support', 'In-App Purchases', 'Stats']",,,"Squad up in Mecha BREAK, a multiplayer third-person shooter offering three intense game modes filled with ground and aerial combat. Pilot your Striker into the breach and neutralize enemies. Are you ready for the ultimate showdown?",True,game,46,78,78,45,60,Commercially aggressive,Pricing/monetization benchmark,Free-to-play,Community / multiplayer audience,Base game plus in-app purchases,Comparable baseline,"['free-to-play', 'iap-monetized', 'social-retention-loop']",[],"Mecha BREAK is a commercially aggressive, opportunity score 60/100, 70% positive from 11,414 reviews, 1,222 current players.","Compare discount depth, price tier, and monetization model against similar titles."
659,532790,Vampire: The Masquerade® - Bloodlines™ 2,https://store.steampowered.com/app/532790/Vampire_The_Masquerade__Bloodlines_2/,"Oct 21, 2025",$59.99,5999,0.0,Mixed,56.0,6258.0,['windows'],https://shared.fastly.steamstatic.com/store_item_assets/steam/apps/532790/88ffb5c9f4564c0760c45e6e4de10ebf60b85a5f/capsule_231x87.jpg?t=1777568452,2026-06-03T02:02:04.524Z,89.0,The Chinese Room,Paradox Interactive,"['Action', 'RPG']","['Single-player', 'Steam Achievements', 'Steam Trading Cards', 'Adjustable Text Size', 'Adjustable Difficulty', 'Subtitle Options', 'Partial Controller Support', 'Steam Cloud', 'Family Sharing']",9808.0,,"You are the Nomad — an elder vampire awakening from a century-long slumber, new to the modern nights. Trapped in your Blood is a stranger’s voice. This entity, a vampire detective known as Fabien, will be your guide to 21st-century Seattle.",False,game,54,64,50,45,54,Standard competitor,Baseline market data,Premium,Solo / narrative audience,Paid upfront,Comparable baseline,[],['weak-player-sentiment'],"Vampire: The Masquerade® - Bloodlines™ 2 is a standard competitor, opportunity score 54/100, 56% positive from 6,258 reviews, 89 current players.",Use as baseline competitor data; enrich with reviews for deeper sentiment intelligence.
660,2933130,The Lord of the Rings: Return to Moria™,https://store.steampowered.com/app/2933130/The_Lord_of_the_Rings_Return_to_Moria/,"Aug 27, 2024",$29.99,2999,0.0,Very Positive,80.0,6532.0,['windows'],https://shared.fastly.steamstatic.com/store_item_assets/steam/apps/2933130/93b8cebe7e5a647354333a3725358c92b1678d41/capsule_231x87.jpg?t=1776449367,2026-06-03T02:02:04.524Z,519.0,Free Range Games,North Beach Games,"['Action', 'Adventure', 'RPG']","['Single-player', 'Multi-player', 'Co-op', 'Online Co-op', 'Cross-Platform Multiplayer', 'Steam Achievements', 'Full controller support', 'Steam Cloud', 'Family Sharing']",9911.0,,"A survival crafting adventure set in the Fourth Age of Middle-earth. Lead the Dwarves to reclaim Moria - mine, build, and battle through procedurally generated depths alone or with up to 8 players in co-op. It is time to return to Moria!",False,game,56,88,68,45,64,Loved niche title,Underserved audience clue,Mid-market,Community / multiplayer audience,Paid upfront,Comparable baseline,"['loved-by-players', 'social-retention-loop']",[],"The Lord of the Rings: Return to Moria™ is a loved niche title, opportunity score 64/100, 80% positive from 6,532 reviews, 519 current players.",Mine reviews for the exact language players use; niche love often exposes a product angle.
661,4351520,Bug Mask Pack - Tom Clancy’s The Division 2,https://store.steampowered.com/app/4351520/Bug_Mask_Pack__Tom_Clancys_The_Division_2/,"Apr 2, 2026",$19.99,1999,0.0,Mixed,50.0,16.0,['windows'],https://shared.fastly.steamstatic.com/store_item_assets/steam/apps/4351520/00ea648e154de74f9fd051fdb7442216b6688e2d/capsule_231x87.jpg?t=1775120425,2026-06-03T02:02:04.524Z,0.0,Ubisoft,Ubisoft,"['Action', 'Adventure', 'RPG']","['Single-player', 'Multi-player', 'PvP', 'Online PvP', 'Co-op', 'Online Co-op', 'Downloadable Content', 'Steam Achievements', 'Captions available', 'In-App Purchases', 'Partial Controller Support', 'HDR available']",,,"Get 2,600 Premium Credits and an exclusive cosmetic mask.",False,dlc,22,52,76,55,47,Non-game / accessory listing,Catalog monitoring,Mid-market,Community / multiplayer audience,Base game plus in-app purchases,Comparable baseline,"['iap-monetized', 'social-retention-loop', 'fresh-release', 'non-game-dlc']","['weak-player-sentiment', 'low-review-confidence', 'not-a-standard-game']","Bug Mask Pack - Tom Clancy’s The Division 2 is a non-game / accessory listing, opportunity score 47/100, 50% positive from 16 reviews.","Keep for catalog awareness, but exclude from game competitor benchmarks."
662,2051620,Enlisted,https://store.steampowered.com/app/2051620/Enlisted/,"Jul 16, 2024",Free,0,,Mostly Positive,78.0,18669.0,"['windows', 'linux']",https://shared.fastly.steamstatic.com/store_item_assets/steam/apps/2051620/6d302127401b22ab29e61c85dd6680c7cdcc52d7/capsule_231x87.jpg?t=1779186978,2026-06-03T02:02:04.524Z,1947.0,Darkflow Software,Gaijin Network Ltd,"['Action', 'Massively Multiplayer', 'Free To Play']","['Multi-player', 'MMO', 'PvP', 'Online PvP', 'Co-op', 'Online Co-op', 'Cross-Platform Multiplayer', 'Steam Achievements', 'Full controller support', 'In-App Purchases', 'Adjustable Text Size', 'Camera Comfort', 'Custom Volume Controls', 'Playable without Timed Input']",252.0,,"In Enlisted, you are not only commanding a single soldier, but an entire squad! This MMO squad based shooter recreates the key battles of the bloodiest war of the 20th century, with hundreds of soldiers, tanks and aircraft taking part in each battle.",True,game,56,87,78,45,66,Commercially aggressive,Pricing/monetization benchmark,Free-to-play,Community / multiplayer audience,Base game plus in-app purchases,Comparable baseline,"['loved-by-players', 'free-to-play', 'iap-monetized', 'social-retention-loop']",[],"Enlisted is a commercially aggressive, opportunity score 66/100, 78% positive from 18,669 reviews, 1,947 current players.","Compare discount depth, price tier, and monetization model against similar titles."
663,3657900,NBA 2K26 MyCAREER Season 7 Bonus Offer,https://store.steampowered.com/app/3657900/NBA_2K26_MyCAREER_Season_7_Bonus_Offer/,"May 15, 2026",$19.99,1999,0.0,,,,['windows'],https://shared.fastly.steamstatic.com/store_item_assets/steam/apps/3657900/f2d3bc5f186ff22e6aae977ab0745eb91e75bf4b/capsule_231x87.jpg?t=1778857286,2026-06-03T02:02:04.524Z,0.0,Visual Concepts,2K,['Sports'],"['Single-player', 'Multi-player', 'PvP', 'Online PvP', 'Shared/Split Screen PvP', 'Co-op', 'Online Co-op', 'Shared/Split Screen Co-op', 'Shared/Split Screen', 'Downloadable Content', 'Steam Achievements', 'In-App Purchases', 'Steam Cloud', 'Remote Play Together']",,,"NBA 2K26 Season 7 MyCAREER Bonus Offer includes 75,000 VC, a 120-Minutes 2XP Coin (MC), Animated Plasma Haze Tactical Helmet, and a Urban Aerial Outfit for your MyPLAYER.",False,dlc,15,35,76,55,40,Non-game / accessory listing,Catalog monitoring,Mid-market,Community / multiplayer audience,Base game plus in-app purchases,Comparable baseline,"['iap-monetized', 'social-retention-loop', 'fresh-release', 'non-game-dlc']","['review-data-missing-or-not-yet-established', 'not-a-standard-game']","NBA 2K26 MyCAREER Season 7 Bonus Offer is a non-game / accessory listing, opportunity score 40/100.","Keep for catalog awareness, but exclude from game competitor benchmarks."
664,1089980,The Henry Stickmin Collection,https://store.steampowered.com/app/1089980/The_Henry_Stickmin_Collection/,"Aug 7, 2020",$5.99,599,60.0,Overwhelmingly Positive,98.0,39274.0,"['windows', 'mac']",https://shared.fastly.steamstatic.com/store_item_assets/steam/apps/1089980/capsule_231x87.jpg?t=1619212064,2026-06-03T02:02:04.524Z,245.0,PuffballsUnited,Innersloth,"['Adventure', 'Casual', 'Indie']","['Single-player', 'Steam Achievements', 'Captions available', 'Remote Play on Phone', 'Remote Play on Tablet', 'Family Sharing']",53577.0,,A choose-your-own-path where failing is more fun than succeeding.,False,game,62,100,80,45,72,Commercially aggressive,Pricing/monetization benchmark,Promotional discount,Solo / narrative audience,Discount-driven sales,Comparable baseline,"['loved-by-players', 'aggressive-discounting']",[],"The Henry Stickmin Collection is a commercially aggressive, opportunity score 72/100, 98% positive from 39,274 reviews, 245 current players, 60% discount.","Compare discount depth, price tier, and monetization model against similar titles."
665,225540,Just Cause™ 3,https://store.steampowered.com/app/225540/Just_Cause_3/,"Nov 30, 2015",$2.99,299,85.0,Very Positive,86.0,45169.0,['windows'],https://shared.fastly.steamstatic.com/store_item_assets/steam/apps/225540/11024d449f8ada784d47a22a81e4a57c871cc663/capsule_231x87.jpg?t=1766058472,2026-06-03T02:02:04.524Z,827.0,Avalanche Studios,Square Enix,"['Action', 'Adventure']","['Single-player', 'Steam Achievements', 'Full controller support', 'Steam Trading Cards', 'Steam Cloud', 'Remote Play on Phone', 'Remote Play on Tablet', 'Remote Play on TV', 'Family Sharing']",103095.0,74.0,"With over 1000 km² of complete freedom from sky to seabed, Rico Rodriguez returns to unleash chaos in the most creative and explosive ways imaginable.",False,game,64,92,90,45,72,Commercially aggressive,Pricing/monetization benchmark,Deep discount,Solo / narrative audience,Discount-driven sales,Price pressure - competitor likely using discounts to drive rank,"['loved-by-players', 'aggressive-discounting']",[],"Just Cause™ 3 is a commercially aggressive, opportunity score 72/100, 86% positive from 45,169 reviews, 827 current players, 85% discount.","Compare discount depth, price tier, and monetization model against similar titles."
666,736260,Baba Is You,https://store.steampowered.com/app/736260/Baba_Is_You/,"Mar 13, 2019",$10.49,1049,30.0,Overwhelmingly Positive,97.0,12340.0,"['windows', 'mac', 'linux']",https://shared.fastly.steamstatic.com/store_item_assets/steam/apps/736260/capsule_231x87.jpg?t=1760102539,2026-06-03T02:02:04.524Z,315.0,Hempuli Oy,Hempuli Oy,['Indie'],"['Single-player', 'Steam Achievements', 'Partial Controller Support', 'Steam Cloud', 'Remote Play on Phone', 'Remote Play on Tablet', 'Remote Play on TV', 'Family Sharing']",20553.0,87.0,"Baba Is You is a puzzle game where the rules you have to follow are present as blocks you can interact with. By manipulating them, you can change how the game works, repurpose things you find in the levels and cause surprising interactions!",False,game,58,100,60,45,66,Loved niche title,Underserved audience clue,Promotional discount,Solo / narrative audience,Paid upfront,Comparable baseline,['loved-by-players'],[],"Baba Is You is a loved niche title, opportunity score 66/100, 97% positive from 12,340 reviews, 315 current players, 30% discount.",Mine reviews for the exact language players use; niche love often exposes a product angle.
667,492720,Tropico 6,https://store.steampowered.com/app/492720/Tropico_6/,"Mar 29, 2019",$11.99,1199,70.0,Very Positive,87.0,9800.0,"['windows', 'mac', 'linux']",https://shared.fastly.steamstatic.com/store_item_assets/steam/apps/492720/capsule_231x87.jpg?t=1755702256,2026-06-03T02:02:04.525Z,690.0,Limbic Entertainment,Kalypso Media,"['Simulation', 'Strategy']","['Single-player', 'Multi-player', 'PvP', 'Online PvP', 'Co-op', 'Online Co-op', 'Steam Achievements', 'Full controller support', 'Steam Trading Cards', 'Steam Workshop', 'Steam Cloud', 'Remote Play on TV', 'Family Sharing']",19486.0,78.0,El Presidente is back! Prove yourself once again as a feared dictator or peace-loving statesman on the island state of Tropico and shape the fate of your very own banana republic through four distinctive eras.,False,game,58,93,93,45,71,Commercially aggressive,Pricing/monetization benchmark,Deep discount,Community / multiplayer audience,Discount-driven sales,Price pressure - competitor likely using discounts to drive rank,"['loved-by-players', 'aggressive-discounting', 'social-retention-loop']",[],"Tropico 6 is a commercially aggressive, opportunity score 71/100, 87% positive from 9,800 reviews, 690 current players, 70% discount.","Compare discount depth, price tier, and monetization model against similar titles."
668,463530,Empires of the Undergrowth,https://store.steampowered.com/app/463530/Empires_of_the_Undergrowth/,"Jun 7, 2024",$8.99,899,70.0,Overwhelmingly Positive,95.0,10345.0,"['windows', 'mac']",https://shared.fastly.steamstatic.com/store_item_assets/steam/apps/463530/f8c76fdca0bdd4d135895b686bd26e50e3bd98bd/capsule_231x87.jpg?t=1779785656,2026-06-03T02:02:04.525Z,637.0,Slug Disco,Hooded Horse,"['Simulation', 'Strategy']","['Single-player', 'Steam Achievements', 'Full controller support', 'Steam Trading Cards', 'Steam Cloud', 'Family Sharing']",16604.0,,"Command swarms of warriors at an unprecedented scale of warfare in this blend of RTS and base-building. Lead ant colonies against the many fearsome threats of the insect world, while building intricate nests, developing pheromone-based tactics, and evolving to meet growing dangers.",False,game,58,100,90,45,72,Commercially aggressive,Pricing/monetization benchmark,Deep discount,Solo / narrative audience,Discount-driven sales,Price pressure - competitor likely using discounts to drive rank,"['loved-by-players', 'aggressive-discounting']",[],"Empires of the Undergrowth is a commercially aggressive, opportunity score 72/100, 95% positive from 10,345 reviews, 637 current players, 70% discount.","Compare discount depth, price tier, and monetization model against similar titles."
669,3618030,Flock Around,https://store.steampowered.com/app/3618030/Flock_Around/,"Apr 24, 2026",$4.99,499,0.0,Overwhelmingly Positive,98.0,1209.0,"['windows', 'mac']",https://shared.fastly.steamstatic.com/store_item_assets/steam/apps/3618030/bcf8b4d7a14a016dfd2e549be4ec4b29ff0f3019/capsule_231x87.jpg?t=1778115534,2026-06-03T02:02:04.525Z,194.0,Secret Plan Games,Secret Plan Games,"['Casual', 'Indie']","['Single-player', 'Multi-player', 'Co-op', 'Online Co-op', 'Steam Achievements', 'Partial Controller Support', 'Steam Cloud', 'Family Sharing']",1209.0,,"Flock Around is a multiplayer bird watching game. Explore a nature sanctuary with friends, snap pictures of birds, and fill out the guide book!",False,game,48,100,73,55,67,Loved niche title,Underserved audience clue,Budget,Community / multiplayer audience,Paid upfront,Niche love - small but passionate audience,"['loved-by-players', 'social-retention-loop', 'fresh-release']",[],"Flock Around is a loved niche title, opportunity score 67/100, 98% positive from 1,209 reviews, 194 current players.",Mine reviews for the exact language players use; niche love often exposes a product angle.
670,926990,WolfQuest: Anniversary Edition,https://store.steampowered.com/app/926990/WolfQuest_Anniversary_Edition/,"Jul 22, 2025",$29.99,2999,0.0,Overwhelmingly Positive,97.0,9749.0,"['windows', 'mac']",https://shared.fastly.steamstatic.com/store_item_assets/steam/apps/926990/ea2d63e0391bb5bfbe009b5192c43a7eea1127d5/capsule_231x87.jpg?t=1770222997,2026-06-03T02:02:04.525Z,578.0,eduweb,eduweb,"['Action', 'RPG', 'Simulation']","['Single-player', 'Multi-player', 'Co-op', 'Online Co-op', 'Steam Achievements', 'Full controller support', 'Steam Trading Cards', 'Family Sharing']",11062.0,,Live the life of a wild wolf in a realistic ecological simulation set in Yellowstone National Park.,False,game,57,100,68,45,68,Loved niche title,Underserved audience clue,Mid-market,Community / multiplayer audience,Paid upfront,Comparable baseline,"['loved-by-players', 'social-retention-loop']",[],"WolfQuest: Anniversary Edition is a loved niche title, opportunity score 68/100, 97% positive from 9,749 reviews, 578 current players.",Mine reviews for the exact language players use; niche love often exposes a product angle.
671,383980,Rivals of Aether,https://store.steampowered.com/app/383980/Rivals_of_Aether/,"Mar 28, 2017",$14.99,1499,50.0,Overwhelmingly Positive,96.0,27579.0,['windows'],https://shared.fastly.steamstatic.com/store_item_assets/steam/apps/383980/capsule_231x87.jpg?t=1721063075,2026-06-03T02:02:04.525Z,514.0,Aether Studios,Aether Studios,['Indie'],"['Single-player', 'Multi-player', 'PvP', 'Online PvP', 'Shared/Split Screen PvP', 'Co-op', 'Shared/Split Screen Co-op', 'Shared/Split Screen', 'Steam Achievements', 'Full controller support', 'Steam Trading Cards', 'Steam Cloud', 'Stats', 'Steam Leaderboards', 'Remote Play on Phone', 'Remote Play on Tablet', 'Remote Play on TV', 'Remote Play Together', 'Family Sharing']",32914.0,,"RIVALS OF AETHER is an indie fighting game where warring civilizations summon the power of Fire, Water, Air, and Earth. Play with up to four players either locally or online.",False,game,61,100,83,45,72,Commercially aggressive,Pricing/monetization benchmark,Promotional discount,Community / multiplayer audience,Discount-driven sales,Comparable baseline,"['loved-by-players', 'aggressive-discounting', 'social-retention-loop']",[],"Rivals of Aether is a commercially aggressive, opportunity score 72/100, 96% positive from 27,579 reviews, 514 current players, 50% discount.","Compare discount depth, price tier, and monetization model against similar titles."
672,250320,The Wolf Among Us,https://store.steampowered.com/app/250320/The_Wolf_Among_Us/,"Oct 11, 2013",$7.49,749,50.0,Overwhelmingly Positive,97.0,18596.0,['windows'],https://shared.fastly.steamstatic.com/store_item_assets/steam/apps/250320/capsule_231x87.jpg?t=1734104991,2026-06-03T02:02:04.525Z,117.0,Telltale,Telltale,"['Action', 'Adventure', 'Casual']","['Single-player', 'Steam Achievements', 'Full controller support', 'Remote Play on TV', 'Family Sharing']",31605.0,85.0,"From the makers of the 2012 Game of the Year: The Walking Dead, comes a thriller based on the award-winning Fables comic books. As Bigby Wolf you will discover that a brutal, bloody murder is just a taste of things to come in a game series where your every decision can have enormous consequences.",False,game,58,100,80,45,70,Commercially aggressive,Pricing/monetization benchmark,Promotional discount,Solo / narrative audience,Discount-driven sales,Comparable baseline,"['loved-by-players', 'aggressive-discounting']",[],"The Wolf Among Us is a commercially aggressive, opportunity score 70/100, 97% positive from 18,596 reviews, 117 current players, 50% discount.","Compare discount depth, price tier, and monetization model against similar titles."
673,3284290,Moonsigil Atlas,https://store.steampowered.com/app/3284290/Moonsigil_Atlas/,"May 28, 2026",$17.99,1799,10.0,Very Positive,81.0,141.0,"['windows', 'linux']",https://shared.fastly.steamstatic.com/store_item_assets/steam/apps/3284290/7529e3bf22e517c45dab9d4354915b15ca96362a/capsule_231x87.jpg?t=1780343838,2026-06-03T02:02:04.525Z,168.0,Snake Tower Games,Twin Sails Interactive,['Strategy'],"['Single-player', 'Steam Achievements', 'Full controller support', 'Camera Comfort', 'Custom Volume Controls', 'Playable without Timed Input', 'Save Anytime', 'Steam Cloud', 'Family Sharing']",141.0,,"The deckbuilding roguelike with no energy – play cards using physical space! Slot cards together, manipulate the shape of your cards, and create overpowered combos to break the game!",False,game,40,85,60,55,58,Loved niche title,Underserved audience clue,Mid-market,Solo / narrative audience,Paid upfront,Niche love - small but passionate audience,"['loved-by-players', 'fresh-release']",[],"Moonsigil Atlas is a loved niche title, opportunity score 58/100, 81% positive from 141 reviews, 168 current players, 10% discount.",Mine reviews for the exact language players use; niche love often exposes a product angle.
674,599140,Graveyard Keeper,https://store.steampowered.com/app/599140/Graveyard_Keeper/,"Aug 15, 2018",$19.99,1999,0.0,Very Positive,84.0,17230.0,"['windows', 'mac', 'linux']",https://shared.fastly.steamstatic.com/store_item_assets/steam/apps/599140/cd8cb8097f236a6cfcaa2a08381f31775693fac1/capsule_231x87_alt_assets_4.jpg?t=1776259988,2026-06-03T02:02:04.525Z,2134.0,Lazy Bear Games,tinyBuild,"['Adventure', 'Indie', 'RPG', 'Simulation']","['Single-player', 'Steam Achievements', 'Full controller support', 'Steam Trading Cards', 'Steam Cloud', 'Remote Play on Phone', 'Remote Play on Tablet', 'Remote Play on TV', 'Family Sharing']",38623.0,69.0,"Build and manage a medieval graveyard while facing ethical dilemmas and making questionable decisions. Welcome to Graveyard Keeper, the most inaccurate medieval cemetery sim of the year.",False,game,62,88,60,45,65,Standard competitor,Baseline market data,Mid-market,Solo / narrative audience,Paid upfront,Comparable baseline,['loved-by-players'],[],"Graveyard Keeper is a standard competitor, opportunity score 65/100, 84% positive from 17,230 reviews, 2,134 current players.",Use as baseline competitor data; enrich with reviews for deeper sentiment intelligence.
675,601150,Devil May Cry 5,https://store.steampowered.com/app/601150/Devil_May_Cry_5/,"Mar 7, 2019",$29.99,2999,0.0,Overwhelmingly Positive,95.0,38702.0,['windows'],https://shared.fastly.steamstatic.com/store_item_assets/steam/apps/601150/capsule_231x87.jpg?t=1768869803,2026-06-03T02:02:04.525Z,2120.0,"CAPCOM Co., Ltd.","CAPCOM Co., Ltd.",['Action'],"['Single-player', 'Multi-player', 'Co-op', 'Online Co-op', 'Steam Achievements', 'Full controller support', 'Steam Trading Cards', 'Steam Cloud', 'Remote Play on TV', 'HDR available', 'Family Sharing']",114290.0,89.0,"The ultimate Devil Hunter is back in style, in the game action fans have been waiting for.",False,game,64,100,68,45,70,Standard competitor,Baseline market data,Mid-market,Community / multiplayer audience,Paid upfront,Comparable baseline,"['loved-by-players', 'social-retention-loop']",[],"Devil May Cry 5 is a standard competitor, opportunity score 70/100, 95% positive from 38,702 reviews, 2,120 current players.",Use as baseline competitor data; enrich with reviews for deeper sentiment intelligence.
676,1812450,Bellwright,https://store.steampowered.com/app/1812450/Bellwright/,"Apr 23, 2024",$29.99,2999,0.0,Mostly Positive,79.0,9534.0,['windows'],https://shared.fastly.steamstatic.com/store_item_assets/steam/apps/1812450/c479dda6fcd1e9edf38fe18a02ca21aab153664e/capsule_231x87.jpg?t=1766079675,2026-06-03T02:02:04.525Z,1128.0,Donkey Crew,Donkey Crew,"['Action', 'RPG', 'Simulation', 'Strategy', 'Early Access']","['Single-player', 'Multi-player', 'Co-op', 'Online Co-op', 'Steam Achievements', 'Custom Volume Controls', 'Adjustable Difficulty', 'Playable without Timed Input', 'Save Anytime', 'Stereo Sound', 'Partial Controller Support', 'Steam Cloud', 'HDR available', 'Family Sharing']",18487.0,,"Establish and expand your own settlements, liberate the land and assist its villagers, and recruit others to your cause while learning more about a life you had to leave behind. Command your forces, prove your valor through combat, and cement yourself as the hero of your people.",False,game,59,87,68,45,65,Loved niche title,Underserved audience clue,Mid-market,Community / multiplayer audience,Paid upfront,Comparable baseline,"['loved-by-players', 'social-retention-loop']",[],"Bellwright is a loved niche title, opportunity score 65/100, 79% positive from 9,534 reviews, 1,128 current players.",Mine reviews for the exact language players use; niche love often exposes a product angle.
677,883710,Resident Evil 2,https://store.steampowered.com/app/883710/Resident_Evil_2/,"Jan 24, 2019",$39.99,3999,0.0,Overwhelmingly Positive,96.0,55770.0,['windows'],https://shared.fastly.steamstatic.com/store_item_assets/steam/apps/883710/capsule_231x87.jpg?t=1779433152,2026-06-03T02:02:04.525Z,1662.0,"CAPCOM Co., Ltd.","CAPCOM Co., Ltd.",['Action'],"['Single-player', 'Steam Achievements', 'Full controller support', 'Steam Trading Cards', 'Steam Cloud', 'Remote Play on Tablet', 'Remote Play on TV', 'HDR available', 'Family Sharing']",147087.0,89.0,"A deadly virus engulfs the residents of Raccoon City in September of 1998, plunging the city into chaos as flesh eating zombies roam the streets for survivors. An unparalleled adrenaline rush, gripping storyline, and unimaginable horrors await you. Witness the return of Resident Evil 2.",False,game,64,100,50,45,66,Standard competitor,Baseline market data,Premium,Solo / narrative audience,Paid upfront,Comparable baseline,['loved-by-players'],[],"Resident Evil 2 is a standard competitor, opportunity score 66/100, 96% positive from 55,770 reviews, 1,662 current players.",Use as baseline competitor data; enrich with reviews for deeper sentiment intelligence.
678,1442430,Storage Hunter Simulator,https://store.steampowered.com/app/1442430/Storage_Hunter_Simulator/,"Nov 27, 2025",$24.99,2499,0.0,Mostly Positive,78.0,1738.0,['windows'],https://shared.fastly.steamstatic.com/store_item_assets/steam/apps/1442430/0fda12ca03b70e0e0ee26fff56f1cf3acc56856e/capsule_231x87.jpg?t=1779889549,2026-06-03T02:02:04.525Z,298.0,Raccoons Studio,astragon Entertainment,"['Casual', 'Indie', 'Simulation']","['Single-player', 'Multi-player', 'Co-op', 'Online Co-op', 'Steam Achievements', 'Full controller support', 'Camera Comfort', 'Custom Volume Controls', 'Adjustable Difficulty', 'Playable without Timed Input', 'Save Anytime', 'Stereo Sound', 'Steam Cloud', 'Family Sharing']",3674.0,,"Play as one of the bidders for abandoned warehouses and uncover hidden treasures! Storage Hunter is a garage auction simulation game. Bid, win, and sell for profit! Become the king of storage auction.",False,game,51,84,68,45,61,Standard competitor,Baseline market data,Mid-market,Community / multiplayer audience,Paid upfront,Comparable baseline,['social-retention-loop'],[],"Storage Hunter Simulator is a standard competitor, opportunity score 61/100, 78% positive from 1,738 reviews, 298 current players.",Use as baseline competitor data; enrich with reviews for deeper sentiment intelligence.
679,2532480,"Warhammer 40,000: Mechanicus II",https://store.steampowered.com/app/2532480/Warhammer_40000_Mechanicus_II/,"May 21, 2026",$39.99,3999,0.0,Mixed,53.0,1484.0,['windows'],https://shared.fastly.steamstatic.com/store_item_assets/steam/apps/2532480/a8f39ab4f0c8c79496bd16e6101f6014290395c0/capsule_231x87.jpg?t=1779444541,2026-06-03T02:02:04.525Z,650.0,Bulwark Studios,Kasedo Games,"['Action', 'RPG', 'Strategy']","['Single-player', 'Steam Achievements', 'Full controller support', 'Camera Comfort', 'Custom Volume Controls', 'Adjustable Difficulty', 'Playable without Timed Input', 'Save Anytime', 'Subtitle Options', 'Steam Cloud', 'Family Sharing']",1484.0,,"Fast-paced tactical combat meets strategic management in this sequel to the acclaimed Warhammer 40,000: Mechanicus. Take control of either the ancient and deathless Necron legions or the techno-religious acolytes of the Omnissiah, with the fate of a world in your hands.",False,game,50,59,50,55,53,Standard competitor,Baseline market data,Premium,Solo / narrative audience,Paid upfront,Comparable baseline,['fresh-release'],['weak-player-sentiment'],"Warhammer 40,000: Mechanicus II is a standard competitor, opportunity score 53/100, 53% positive from 1,484 reviews, 650 current players.",Use as baseline competitor data; enrich with reviews for deeper sentiment intelligence.
680,552100,Brick Rigs,https://store.steampowered.com/app/552100/Brick_Rigs/,"Jul 14, 2023",$12.99,1299,35.0,Overwhelmingly Positive,95.0,27356.0,"['windows', 'linux']",https://shared.fastly.steamstatic.com/store_item_assets/steam/apps/552100/capsule_231x87.jpg?t=1780405668,2026-06-03T02:02:04.525Z,979.0,Fluppisoft GmbH,Fluppisoft GmbH,['Simulation'],"['Single-player', 'Multi-player', 'PvP', 'Online PvP', 'Steam Trading Cards', 'Steam Workshop', 'Partial Controller Support', 'Steam Cloud', 'Family Sharing']",51827.0,,"Do whatever you want in a physics sandbox full of chaotic destruction, endless player-made creations and unpredictable adventures. Build, destroy, roleplay and mess around solo or with friends!",False,game,62,100,68,45,69,Standard competitor,Baseline market data,Promotional discount,Community / multiplayer audience,Paid upfront,Comparable baseline,"['loved-by-players', 'social-retention-loop']",[],"Brick Rigs is a standard competitor, opportunity score 69/100, 95% positive from 27,356 reviews, 979 current players, 35% discount.",Use as baseline competitor data; enrich with reviews for deeper sentiment intelligence.
681,3421300,Lyca,https://store.steampowered.com/app/3421300/Lyca/,"Apr 7, 2025",$2.49,249,50.0,Very Positive,82.0,1025.0,['windows'],https://shared.fastly.steamstatic.com/store_item_assets/steam/apps/3421300/0239cb4e8367f582042e6d832c4274a8a888ce84/capsule_231x87.jpg?t=1780359295,2026-06-03T02:02:04.525Z,215.0,Syphono4,Syphono4,"['Casual', 'Indie', 'Simulation', 'Strategy']","['Single-player', 'Steam Achievements', 'Full controller support', 'Steam Cloud', 'Family Sharing']",1025.0,,"A small, relaxing, incremental game about restoring a barren wasteland into a lush meadow. Help the magical wolf Lyca run through the land, gather resources, and unlock a vast upgrade tree.",False,game,47,88,80,45,63,Commercially aggressive,Pricing/monetization benchmark,Promotional discount,Solo / narrative audience,Discount-driven sales,Niche love - small but passionate audience,"['loved-by-players', 'aggressive-discounting']",[],"Lyca is a commercially aggressive, opportunity score 63/100, 82% positive from 1,025 reviews, 215 current players, 50% discount.","Compare discount depth, price tier, and monetization model against similar titles."
682,307690,Sleeping Dogs: Definitive Edition,https://store.steampowered.com/app/307690/Sleeping_Dogs_Definitive_Edition/,"Oct 8, 2014",$2.99,299,85.0,Overwhelmingly Positive,95.0,29344.0,"['windows', 'mac']",https://shared.fastly.steamstatic.com/store_item_assets/steam/apps/307690/capsule_231x87.jpg?t=1766070052,2026-06-03T02:02:04.525Z,847.0,United Front Games,Square Enix,"['Action', 'Adventure', 'Racing']","['Single-player', 'Steam Achievements', 'Full controller support', 'Steam Cloud', 'Steam Leaderboards', 'Remote Play on Tablet', 'Remote Play on TV', 'Family Sharing']",68014.0,,"The Definitive Edition of the critically acclaimed, award winning open-world action adventure, reworked, rebuilt and re-mastered for the new generation. With all previously available DLC included and a wealth of tech and visual improvements, Hong Kong has never felt so alive.",False,game,62,100,90,45,74,Commercially aggressive,Pricing/monetization benchmark,Deep discount,Solo / narrative audience,Discount-driven sales,Price pressure - competitor likely using discounts to drive rank,"['loved-by-players', 'aggressive-discounting']",[],"Sleeping Dogs: Definitive Edition is a commercially aggressive, opportunity score 74/100, 95% positive from 29,344 reviews, 847 current players, 85% discount.","Compare discount depth, price tier, and monetization model against similar titles."
683,391540,Undertale,https://store.steampowered.com/app/391540/Undertale/,"Sep 15, 2015",$9.99,999,0.0,Overwhelmingly Positive,96.0,157537.0,"['windows', 'mac', 'linux']",https://shared.fastly.steamstatic.com/store_item_assets/steam/apps/391540/capsule_231x87.jpg?t=1757349115,2026-06-03T02:02:04.525Z,929.0,tobyfox,tobyfox,"['Indie', 'RPG']","['Single-player', 'Steam Trading Cards', 'Remote Play on Phone', 'Remote Play on Tablet', 'Family Sharing']",291510.0,92.0,UNDERTALE! The RPG game where you don't have to destroy anyone.,False,game,63,100,65,45,69,Standard competitor,Baseline market data,Budget,Solo / narrative audience,Paid upfront,Comparable baseline,['loved-by-players'],[],"Undertale is a standard competitor, opportunity score 69/100, 96% positive from 157,537 reviews, 929 current players.",Use as baseline competitor data; enrich with reviews for deeper sentiment intelligence.
684,490110,The Precinct,https://store.steampowered.com/app/490110/The_Precinct/,"May 13, 2025",$20.99,2099,30.0,Very Positive,89.0,3819.0,['windows'],https://shared.fastly.steamstatic.com/store_item_assets/steam/apps/490110/31a13201e1a9e050ec1d6cbc6032b7cc39c902e5/capsule_231x87_alt_assets_4.jpg?t=1777626842,2026-06-03T02:02:04.525Z,116.0,Fallen Tree Games Ltd,Kwalee,"['Action', 'Indie', 'Simulation']","['Single-player', 'Steam Achievements', 'Full controller support', 'Steam Trading Cards', 'Custom Volume Controls', 'Adjustable Difficulty', 'Subtitle Options', 'Steam Cloud', 'Family Sharing']",7374.0,,"Averno City, 1983. Gangs rule the streets and your father lies restless in his grave. Clean up the city, uncover the truth, and embark on thrilling vehicle chases through destructible environments in this neon-noir action sandbox police game.",False,game,52,96,60,45,63,Loved niche title,Underserved audience clue,Promotional discount,Solo / narrative audience,Paid upfront,Comparable baseline,['loved-by-players'],[],"The Precinct is a loved niche title, opportunity score 63/100, 89% positive from 3,819 reviews, 116 current players, 30% discount.",Mine reviews for the exact language players use; niche love often exposes a product angle.
685,2444750,Shape of Dreams,https://store.steampowered.com/app/2444750/Shape_of_Dreams/,"Sep 10, 2025",$24.99,2499,0.0,Very Positive,94.0,6024.0,['windows'],https://shared.fastly.steamstatic.com/store_item_assets/steam/apps/2444750/6247a1f6cdba9826f8cfeaef8af3ac55d9bb3da4/capsule_231x87_alt_assets_2.jpg?t=1776681673,2026-06-03T02:02:04.525Z,806.0,Lizard Smoothie,NEOWIZ,"['Action', 'Adventure', 'Indie', 'RPG']","['Single-player', 'Multi-player', 'Co-op', 'Online Co-op', 'Steam Achievements', 'Full controller support', 'Steam Cloud', 'Family Sharing']",14868.0,,"Shape of Dreams delivers fast-paced top-down roguelite action with chaotic projectile-filled battles, fluid combat, and high-stakes co-op. Play solo or with up to three friends as you dodge overwhelming attacks and unleash devastating builds.",False,game,56,100,68,45,67,Loved niche title,Underserved audience clue,Mid-market,Community / multiplayer audience,Paid upfront,Comparable baseline,"['loved-by-players', 'social-retention-loop']",[],"Shape of Dreams is a loved niche title, opportunity score 67/100, 94% positive from 6,024 reviews, 806 current players.",Mine reviews for the exact language players use; niche love often exposes a product angle.
686,544750,SOULCALIBUR VI,https://store.steampowered.com/app/544750/SOULCALIBUR_VI/,"Oct 18, 2018",$14.39,1439,84.0,Very Positive,83.0,5699.0,['windows'],https://shared.fastly.steamstatic.com/store_item_assets/steam/apps/544750/capsule_231x87.jpg?t=1718967845,2026-06-03T02:02:04.525Z,159.0,BANDAI NAMCO Studios Inc.,BANDAI NAMCO Entertainment,['Action'],"['Single-player', 'Multi-player', 'PvP', 'Online PvP', 'Shared/Split Screen PvP', 'Shared/Split Screen', 'Steam Achievements', 'Partial Controller Support', 'Steam Cloud', 'Remote Play on Phone', 'Remote Play on Tablet', 'Remote Play Together', 'Family Sharing']",9640.0,80.0,"Bring more than your fists to the fight! Featuring all-new battle mechanics and characters, SOULCALIBUR VI marks a new era of the historic franchise. Welcome back to the stage of history!",False,game,54,90,93,45,69,Commercially aggressive,Pricing/monetization benchmark,Deep discount,Community / multiplayer audience,Discount-driven sales,Price pressure - competitor likely using discounts to drive rank,"['loved-by-players', 'aggressive-discounting', 'social-retention-loop']",[],"SOULCALIBUR VI is a commercially aggressive, opportunity score 69/100, 83% positive from 5,699 reviews, 159 current players, 84% discount.","Compare discount depth, price tier, and monetization model against similar titles."
687,1974050,Torchlight: Infinite,https://store.steampowered.com/app/1974050/Torchlight_Infinite/,"May 9, 2023",Free,0,,Mixed,62.0,7973.0,['windows'],https://shared.fastly.steamstatic.com/store_item_assets/steam/apps/1974050/f052cd2b216a032bd1ca7c45976e4d7b4b37a4a5/capsule_231x87.jpg?t=1776329357,2026-06-03T02:02:04.525Z,703.0,XD,XD,"['Action', 'Adventure', 'RPG', 'Free To Play']","['Single-player', 'Multi-player', 'Co-op', 'Online Co-op', 'Cross-Platform Multiplayer', 'Steam Achievements', 'In-App Purchases', 'Partial Controller Support']",,,"The fate of Ember Technology is in your hands. With abounding hero build possibilities, dive into an epic journey with endless loot, adrenaline-pumping fights & new seasonal contents.",True,game,43,70,78,45,57,Commercially aggressive,Pricing/monetization benchmark,Free-to-play,Community / multiplayer audience,Base game plus in-app purchases,Comparable baseline,"['free-to-play', 'iap-monetized', 'social-retention-loop']",['weak-player-sentiment'],"Torchlight: Infinite is a commercially aggressive, opportunity score 57/100, 62% positive from 7,973 reviews, 703 current players.","Compare discount depth, price tier, and monetization model against similar titles."
688,21970,R.U.S.E.™,https://store.steampowered.com/app/21970/RUSE/,"Sep 9, 2010",$29.99,2999,0.0,Very Positive,94.0,1422.0,['windows'],https://shared.fastly.steamstatic.com/store_item_assets/steam/apps/21970/34e3d90c7caef4f9758bc68ed9e4c5300e756f83/capsule_231x87.jpg?t=1778176268,2026-06-03T02:02:04.526Z,373.0,Eugen Systems,Eugen Systems,['Strategy'],"['Single-player', 'Multi-player', 'PvP', 'Online PvP', 'Co-op', 'Online Co-op', 'Steam Achievements', 'Full controller support', 'Adjustable Difficulty', 'Playable without Timed Input', 'Save Anytime', 'Stereo Sound', 'Surround Sound', 'Steam Cloud', 'Valve Anti-Cheat enabled', 'Stats', 'Steam Leaderboards']",2232.0,76.0,A one-of-a-kind real-time strategy game that allows players to bluff their enemies to lead their nation to victory. The Definitive Edition — includes all DLCs and Steam Deck support.,False,game,49,96,68,45,64,Loved niche title,Underserved audience clue,Mid-market,Community / multiplayer audience,Paid upfront,Niche love - small but passionate audience,"['loved-by-players', 'social-retention-loop']",[],"R.U.S.E.™ is a loved niche title, opportunity score 64/100, 94% positive from 1,422 reviews, 373 current players.",Mine reviews for the exact language players use; niche love often exposes a product angle.
689,2380740,RimWorld - Anomaly,https://store.steampowered.com/app/2380740/RimWorld__Anomaly/,"Apr 11, 2024",$24.99,2499,0.0,Mostly Positive,79.0,1854.0,"['windows', 'mac', 'linux']",https://shared.fastly.steamstatic.com/store_item_assets/steam/apps/2380740/58c6bb560d99b2b0b642291571571befa9d7687a/capsule_231x87.jpg?t=1776206586,2026-06-03T02:02:04.526Z,0.0,Ludeon Studios,Ludeon Studios,"['Indie', 'Simulation', 'Strategy']","['Single-player', 'Downloadable Content', 'Steam Workshop', 'Steam Cloud', 'Remote Play on Tablet', 'Family Sharing']",2797.0,,"Darkness stirs on the rim. Survive flesh infestations, cultist attacks, shambling undead, blood rains, invisible hunters, and other sanity-shredding perils. Capture and study entities to harness the power of the void. Conduct psychic rituals and awaken an evil machine god.",False,dlc,42,86,60,45,57,Non-game / accessory listing,Catalog monitoring,Mid-market,Solo / narrative audience,Paid upfront,Niche love - small but passionate audience,"['loved-by-players', 'non-game-dlc']",['not-a-standard-game'],"RimWorld - Anomaly is a non-game / accessory listing, opportunity score 57/100, 79% positive from 1,854 reviews.","Keep for catalog awareness, but exclude from game competitor benchmarks."
690,993090,Lossless Scaling,https://store.steampowered.com/app/993090/Lossless_Scaling/,"Dec 28, 2018",$6.99,699,0.0,Very Positive,93.0,15570.0,['windows'],https://shared.fastly.steamstatic.com/store_item_assets/steam/apps/993090/19863a9088f82aeab3d7033d5a632a229e4919a5/capsule_231x87.jpg?t=1762179586,2026-06-03T02:02:04.526Z,3552.0,THS,THS,['Utilities'],[],35489.0,,All-in-one gaming utility for frame generation and scaling,False,game,61,100,65,45,68,Standard competitor,Baseline market data,Budget,General Steam audience,Paid upfront,Comparable baseline,['loved-by-players'],[],"Lossless Scaling is a standard competitor, opportunity score 68/100, 93% positive from 15,570 reviews, 3,552 current players.",Use as baseline competitor data; enrich with reviews for deeper sentiment intelligence.
691,573090,Stormworks: Build and Rescue,https://store.steampowered.com/app/573090/Stormworks_Build_and_Rescue/,"Sep 17, 2020",$24.99,2499,0.0,Very Positive,90.0,40607.0,"['windows', 'mac']",https://shared.fastly.steamstatic.com/store_item_assets/steam/apps/573090/capsule_231x87.jpg?t=1772367420,2026-06-03T02:02:04.526Z,1270.0,Geometa,Geometa,['Simulation'],"['Single-player', 'Multi-player', 'PvP', 'Online PvP', 'Co-op', 'Online Co-op', 'Steam Workshop', 'Partial Controller Support', 'Family Sharing']",53221.0,,"Join a world where you design, create and pilot your own air sea rescue service. Release your inner hero as you battle fierce storms out at sea to rescue those in need.",False,game,63,99,68,45,69,Standard competitor,Baseline market data,Mid-market,Community / multiplayer audience,Paid upfront,Comparable baseline,"['loved-by-players', 'social-retention-loop']",[],"Stormworks: Build and Rescue is a standard competitor, opportunity score 69/100, 90% positive from 40,607 reviews, 1,270 current players.",Use as baseline competitor data; enrich with reviews for deeper sentiment intelligence.
692,365360,Battle Brothers,https://store.steampowered.com/app/365360/Battle_Brothers/,"Mar 24, 2017",$8.99,899,70.0,Very Positive,89.0,14846.0,['windows'],https://shared.fastly.steamstatic.com/store_item_assets/steam/apps/365360/6d11e94a198276fb77dc429edc3f4a2aa1517bde/capsule_231x87.jpg?t=1779785759,2026-06-03T02:02:04.526Z,1254.0,Overhype Studios,Hooded Horse,"['RPG', 'Simulation', 'Strategy']","['Single-player', 'Steam Achievements', 'Steam Trading Cards', 'Steam Cloud', 'Remote Play on Tablet', 'Family Sharing']",24968.0,80.0,"Lead a mercenary company in this tactical RPG set in a medieval fantasy world. Chase fame and fortune as you choose where to go, who to recruit, which contracts to pursue, and how to train and equip your men in a procedurally generated open world campaign.",False,game,60,95,90,45,72,Commercially aggressive,Pricing/monetization benchmark,Deep discount,Solo / narrative audience,Discount-driven sales,Price pressure - competitor likely using discounts to drive rank,"['loved-by-players', 'aggressive-discounting']",[],"Battle Brothers is a commercially aggressive, opportunity score 72/100, 89% positive from 14,846 reviews, 1,254 current players, 70% discount.","Compare discount depth, price tier, and monetization model against similar titles."
693,794260,Outward Definitive Edition,https://store.steampowered.com/app/794260/Outward_Definitive_Edition/,"May 17, 2022",$4.79,479,88.0,Mostly Positive,73.0,15466.0,['windows'],https://shared.fastly.steamstatic.com/store_item_assets/steam/apps/794260/capsule_231x87.jpg?t=1771496439,2026-06-03T02:02:04.526Z,770.0,Nine Dots Studio,Prime Matter,['RPG'],"['Single-player', 'Multi-player', 'Co-op', 'Online Co-op', 'Shared/Split Screen Co-op', 'Shared/Split Screen', 'Steam Achievements', 'Full controller support', 'Steam Trading Cards', 'Stats', 'Remote Play Together', 'Family Sharing']",24237.0,,"No remarkable journey is achieved without great effort. In Outward, the cold of the night or an infected wound can be as dangerous as a predator lurking in the dark. Explore the vast world of Aurai solo or in Co-op. The Definitive Edition features both DLCs and quality of life improvements.",False,game,59,81,98,45,70,Commercially aggressive,Pricing/monetization benchmark,Deep discount,Community / multiplayer audience,Discount-driven sales,Price pressure - competitor likely using discounts to drive rank,"['aggressive-discounting', 'social-retention-loop']",[],"Outward Definitive Edition is a commercially aggressive, opportunity score 70/100, 73% positive from 15,466 reviews, 770 current players, 88% discount.","Compare discount depth, price tier, and monetization model against similar titles."
694,1538550,LEGO® Voyagers,https://store.steampowered.com/app/1538550/LEGO_Voyagers/,"Sep 15, 2025",$17.49,1749,30.0,Very Positive,88.0,1636.0,['windows'],https://shared.fastly.steamstatic.com/store_item_assets/steam/apps/1538550/10d8602a0383590260cb907b452f69e4dcf32a05/capsule_231x87.jpg?t=1765323947,2026-06-03T02:02:04.526Z,44.0,Light Brick Studio,Annapurna Interactive,"['Adventure', 'Casual']","['Multi-player', 'Co-op', 'Online Co-op', 'Shared/Split Screen Co-op', 'Shared/Split Screen', 'Steam Achievements', 'Full controller support', 'Steam Cloud', 'Remote Play Together', 'Family Sharing']",1636.0,,"From the makers of LEGO® Builder's Journey comes a new 2-player co-op adventure about friendship and play. When two friends make it their mission to rescue an abandoned spaceship, they embark on a journey beyond their wildest dreams.",False,game,46,94,68,45,62,Loved niche title,Underserved audience clue,Promotional discount,Community / multiplayer audience,Paid upfront,Niche love - small but passionate audience,"['loved-by-players', 'social-retention-loop']",[],"LEGO® Voyagers is a loved niche title, opportunity score 62/100, 88% positive from 1,636 reviews, 44 current players, 30% discount.",Mine reviews for the exact language players use; niche love often exposes a product angle.
695,1643320,S.T.A.L.K.E.R. 2: Heart of Chornobyl,https://store.steampowered.com/app/1643320/STALKER_2_Heart_of_Chornobyl/,"Nov 20, 2024",$59.99,5999,0.0,Mostly Positive,76.0,41962.0,['windows'],https://shared.fastly.steamstatic.com/store_item_assets/steam/apps/1643320/5ca91f3ccaf46d1ec405b29bce5685087a5ee6e6/capsule_231x87.jpg?t=1776173087,2026-06-03T02:02:04.526Z,1876.0,GSC Game World,GSC Game World (worldwide),"['Action', 'Adventure', 'RPG']","['Single-player', 'Steam Achievements', 'Steam Trading Cards', 'Steam Workshop', 'Partial Controller Support', 'Steam Cloud', 'HDR available', 'Family Sharing']",101938.0,,"Discover the vast Chornobyl Exclusion Zone full of dangerous enemies, deadly anomalies and powerful artifacts. Unveil your own epic story as you make your way to the Heart of Chornobyl. Make your choices wisely, as they will determine your fate in the end.",False,game,63,85,50,45,62,Standard competitor,Baseline market data,Premium,Solo / narrative audience,Paid upfront,Comparable baseline,['loved-by-players'],[],"S.T.A.L.K.E.R. 2: Heart of Chornobyl is a standard competitor, opportunity score 62/100, 76% positive from 41,962 reviews, 1,876 current players.",Use as baseline competitor data; enrich with reviews for deeper sentiment intelligence.
696,418370,Resident Evil 7 Biohazard,https://store.steampowered.com/app/418370/Resident_Evil_7_Biohazard/,"Jan 23, 2017",$19.99,1999,0.0,Very Positive,94.0,31463.0,['windows'],https://shared.fastly.steamstatic.com/store_item_assets/steam/apps/418370/capsule_231x87.jpg?t=1778464947,2026-06-03T02:02:04.526Z,871.0,"CAPCOM Co., Ltd.","CAPCOM Co., Ltd.","['Action', 'Adventure']","['Single-player', 'Steam Achievements', 'Full controller support', 'Steam Trading Cards', 'Steam Cloud', 'HDR available', 'Family Sharing']",83297.0,83.0,"Fear and isolation seep through the walls of an abandoned southern farmhouse. ""7"" marks a new beginning for survival horror with the “Isolated View” of the visceral new first-person perspective.",False,game,62,100,60,45,68,Standard competitor,Baseline market data,Mid-market,Solo / narrative audience,Paid upfront,Comparable baseline,['loved-by-players'],[],"Resident Evil 7 Biohazard is a standard competitor, opportunity score 68/100, 94% positive from 31,463 reviews, 871 current players.",Use as baseline competitor data; enrich with reviews for deeper sentiment intelligence.
697,2543830,Way of the Hunter 2,https://store.steampowered.com/app/2543830/Way_of_the_Hunter_2/,"Mar 26, 2026",$29.99,2999,0.0,Mostly Positive,76.0,966.0,['windows'],https://shared.fastly.steamstatic.com/store_item_assets/steam/apps/2543830/a004563f176006615886d2748ce01408fbd32752/capsule_231x87_alt_assets_3.jpg?t=1779894869,2026-06-03T02:02:04.526Z,212.0,Nine Rocks Games,THQ Nordic,"['Adventure', 'Simulation', 'Early Access']","['Single-player', 'Full controller support', 'Steam Cloud', 'Family Sharing']",966.0,,"Feel the thrill of the hunt and keep an eye out for the wild and wonderous species that are roaming the North American wilderness and the African Savanna. Hunt and display big game like Moose, and Cape Buffalo as well as, smaller animals and birds.",False,game,46,82,60,55,60,Standard competitor,Baseline market data,Mid-market,Solo / narrative audience,Paid upfront,Comparable baseline,['fresh-release'],[],"Way of the Hunter 2 is a standard competitor, opportunity score 60/100, 76% positive from 966 reviews, 212 current players.",Use as baseline competitor data; enrich with reviews for deeper sentiment intelligence.
698,2597080,Realm of Ink,https://store.steampowered.com/app/2597080/Realm_of_Ink/,"May 26, 2026",$22.49,2249,10.0,Very Positive,93.0,330.0,['windows'],https://shared.fastly.steamstatic.com/store_item_assets/steam/apps/2597080/96aa2a68ea7f77a579e9868b52de1046cc61182e/capsule_231x87.jpg?t=1780102784,2026-06-03T02:02:04.526Z,1568.0,Leap Studio,4Divinity,"['Action', 'Adventure', 'Indie', 'RPG']","['Single-player', 'Steam Achievements', 'Full controller support', 'Captions available', 'Steam Cloud', 'Family Sharing']",4186.0,,"Realm of Ink is an Ink-style action Roguelite game. While pursuing the Fox Demon, the swordswoman Red, unexpectedly finds that her life is dictated by the 'destiny' within the world of the book. Only by breaking free can she unveil the truth of her existence and challenge the constraints of fate.",False,game,48,98,60,55,64,Loved niche title,Underserved audience clue,Mid-market,Solo / narrative audience,Paid upfront,Niche love - small but passionate audience,"['loved-by-players', 'fresh-release']",[],"Realm of Ink is a loved niche title, opportunity score 64/100, 93% positive from 330 reviews, 1,568 current players, 10% discount.",Mine reviews for the exact language players use; niche love often exposes a product angle.
699,2737070,Crime Simulator,https://store.steampowered.com/app/2737070/Crime_Simulator/,"Jun 17, 2025",$13.58,1499,51.0,Very Positive,81.0,1946.0,['windows'],https://shared.fastly.steamstatic.com/store_item_assets/steam/apps/2737070/da84cc573e42640129e2f72073c9e75454d41c0a/capsule_231x87.jpg?t=1779977352,2026-06-03T02:02:04.526Z,567.0,CookieDev,Ultimate Games S.A.,"['Action', 'Indie', 'Simulation']","['Single-player', 'Multi-player', 'Co-op', 'Online Co-op', 'Steam Achievements', 'Steam Trading Cards', 'Adjustable Text Size', 'Camera Comfort', 'Custom Volume Controls', 'Adjustable Difficulty', 'Stereo Sound', 'Partial Controller Support', 'Steam Cloud', 'Steam Leaderboards', 'Family Sharing']",5312.0,,"You’re out of jail, but the debt isn’t gone. Sneak, steal, and break into houses solo or in 4-player co-op. Use lockpicks, sleeping gas, and brute force to complete jobs, outsmart security, and make enough money before time runs out. Will you pay back what you owe, or lose everything?",False,game,51,88,83,45,65,Commercially aggressive,Pricing/monetization benchmark,Promotional discount,Community / multiplayer audience,Discount-driven sales,Comparable baseline,"['loved-by-players', 'aggressive-discounting', 'social-retention-loop']",[],"Crime Simulator is a commercially aggressive, opportunity score 65/100, 81% positive from 1,946 reviews, 567 current players, 51% discount.","Compare discount depth, price tier, and monetization model against similar titles."
700,1985810,Call of Duty®: Black Ops Cold War,https://store.steampowered.com/app/1985810/Call_of_Duty_Black_Ops_Cold_War/,"Mar 8, 2023",$59.99,5999,0.0,Mostly Positive,79.0,10260.0,['windows'],https://shared.fastly.steamstatic.com/store_item_assets/steam/apps/1985810/capsule_231x87.jpg?t=1731607699,2026-06-03T02:02:52.659Z,368.0,Treyarch,Activision,['Action'],"['Single-player', 'Multi-player', 'PvP', 'Online PvP', 'Co-op', 'Online Co-op', 'Cross-Platform Multiplayer', 'Steam Achievements', 'Full controller support', 'In-App Purchases']",20990.0,,"Black Ops Cold War, the direct sequel to Call of Duty®: Black Ops, will drop fans into the depths of the Cold War’s volatile geopolitical battle of the early 1980s.",False,game,56,87,66,45,64,Loved niche title,Underserved audience clue,Premium,Community / multiplayer audience,Base game plus in-app purchases,Comparable baseline,"['loved-by-players', 'iap-monetized', 'social-retention-loop']",[],"Call of Duty®: Black Ops Cold War is a loved niche title, opportunity score 64/100, 79% positive from 10,260 reviews, 368 current players.",Mine reviews for the exact language players use; niche love often exposes a product angle.
701,1594320,Captain of Industry,https://store.steampowered.com/app/1594320/Captain_of_Industry/,"May 31, 2022",$24.49,2449,30.0,Very Positive,88.0,5524.0,['windows'],https://shared.fastly.steamstatic.com/store_item_assets/steam/apps/1594320/1000a813779f389ef7c3a5cc8f71ab61d9872811/capsule_231x87.jpg?t=1776465561,2026-06-03T02:02:52.659Z,1727.0,MaFi Games,MaFi Games,"['Indie', 'Simulation', 'Strategy', 'Early Access']","['Single-player', 'Adjustable Text Size', 'Camera Comfort', 'Custom Volume Controls', 'Adjustable Difficulty', 'Mouse Only Option', 'Playable without Timed Input', 'Save Anytime', 'Stereo Sound', 'Steam Cloud', 'Includes level editor', 'Family Sharing']",10385.0,,"Build an industrial empire on a remote island. Mine resources, reshape terrain with excavators, grow food, construct factories, lay train tracks, and trade with the outside world. Research 100+ technologies to advance from basic metal smelting all the way to nuclear power and space flight.",False,game,56,95,60,45,64,Loved niche title,Underserved audience clue,Promotional discount,Solo / narrative audience,Paid upfront,Comparable baseline,['loved-by-players'],[],"Captain of Industry is a loved niche title, opportunity score 64/100, 88% positive from 5,524 reviews, 1,727 current players, 30% discount.",Mine reviews for the exact language players use; niche love often exposes a product angle.
702,3509230,Gambonanza,https://store.steampowered.com/app/3509230/Gambonanza/,"May 1, 2026",$14.99,1499,0.0,Mostly Positive,75.0,1234.0,"['windows', 'mac', 'linux']",https://shared.fastly.steamstatic.com/store_item_assets/steam/apps/3509230/20d596916f212bb1aa334c6d872ac65567b19303/capsule_231x87.jpg?t=1780392882,2026-06-03T02:02:52.659Z,175.0,Blukulélé,Sidekick Publishing,"['Casual', 'Simulation', 'Strategy']","['Single-player', 'Steam Achievements', 'Full controller support', 'Custom Volume Controls', 'Mouse Only Option', 'Playable without Timed Input', 'Stereo Sound', 'Steam Cloud', 'Family Sharing']",1234.0,,"Gambonanza is a tactical roguelike that sets chess pieces on a tiny board. Forget traditional chess and embrace the chaos of breaking the balance! Spend your money on rule-bending upgrades, board tiles and pieces. Experiment with illegal combinations and face off against iconic bosses!",False,game,47,81,60,55,60,Standard competitor,Baseline market data,Mid-market,Solo / narrative audience,Paid upfront,Comparable baseline,['fresh-release'],[],"Gambonanza is a standard competitor, opportunity score 60/100, 75% positive from 1,234 reviews, 175 current players.",Use as baseline competitor data; enrich with reviews for deeper sentiment intelligence.
703,531510,Just Shapes & Beats,https://store.steampowered.com/app/531510/Just_Shapes__Beats/,"May 31, 2018",$11.99,1199,40.0,Overwhelmingly Positive,97.0,13118.0,"['windows', 'mac', 'linux']",https://shared.fastly.steamstatic.com/store_item_assets/steam/apps/531510/capsule_231x87.jpg?t=1738790023,2026-06-03T02:02:52.659Z,103.0,Berzerk Studio,Berzerk Studio,"['Action', 'Indie']","['Single-player', 'Multi-player', 'PvP', 'Online PvP', 'Shared/Split Screen PvP', 'Co-op', 'Online Co-op', 'Shared/Split Screen Co-op', 'Shared/Split Screen', 'Steam Achievements', 'Full controller support', 'Steam Trading Cards', 'Steam Cloud', 'Remote Play on Phone', 'Remote Play on Tablet', 'Remote Play on TV', 'Remote Play Together', 'Family Sharing']",23363.0,,"""Just Shapes & Beats"" is a chaotic co-op musical bullet-hell based on three simple things: avoid Shapes, move to the kick-ass Beats, and die, repeatedly.",False,game,55,100,83,45,70,Commercially aggressive,Pricing/monetization benchmark,Promotional discount,Community / multiplayer audience,Paid upfront,Comparable baseline,"['loved-by-players', 'social-retention-loop']",[],"Just Shapes & Beats is a commercially aggressive, opportunity score 70/100, 97% positive from 13,118 reviews, 103 current players, 40% discount.","Compare discount depth, price tier, and monetization model against similar titles."
704,494840,UBOAT,https://store.steampowered.com/app/494840/UBOAT/,"Aug 2, 2024",$8.39,839,72.0,Very Positive,85.0,11432.0,['windows'],https://shared.fastly.steamstatic.com/store_item_assets/steam/apps/494840/capsule_231x87.jpg?t=1779972011,2026-06-03T02:02:52.659Z,686.0,Deep Water Studio,PlayWay S.A.,"['Action', 'Indie', 'RPG', 'Simulation', 'Strategy']","['Single-player', 'Steam Achievements', 'Steam Workshop', 'Steam Workshop', 'Steam Cloud', 'Family Sharing']",24888.0,,"UBOAT is a simulator of a submarine from WWII era. It is a survival sandbox with crew management mechanics while its primary theme is life of German sailors. The boat is their home, but it can become their grave at any time.",False,game,58,93,90,45,71,Commercially aggressive,Pricing/monetization benchmark,Deep discount,Solo / narrative audience,Discount-driven sales,Price pressure - competitor likely using discounts to drive rank,"['loved-by-players', 'aggressive-discounting']",[],"UBOAT is a commercially aggressive, opportunity score 71/100, 85% positive from 11,432 reviews, 686 current players, 72% discount.","Compare discount depth, price tier, and monetization model against similar titles."
705,588430,Fallout Shelter,https://store.steampowered.com/app/588430/Fallout_Shelter/,"Mar 29, 2017",Free,0,,Very Positive,85.0,32564.0,['windows'],https://shared.fastly.steamstatic.com/store_item_assets/steam/apps/588430/f4d5b7cc05df0b52d914a95c1d08452d76d149f6/capsule_231x87_alt_assets_61.jpg?t=1780070440,2026-06-03T02:02:52.659Z,1603.0,Bethesda Game Studios,Bethesda Softworks,"['RPG', 'Simulation', 'Free To Play']","['Single-player', 'Steam Achievements', 'Full controller support', 'In-App Purchases', 'Playable without Timed Input', 'Stereo Sound', 'Steam Cloud', 'Stats']",,63.0,"Fallout Shelter puts you in control of a state-of-the-art underground Vault from Vault-Tec. Build the perfect Vault, keep your Dwellers happy, and protect them from the dangers of the Wasteland.",True,game,47,89,70,45,62,Loved niche title,Underserved audience clue,Free-to-play,Solo / narrative audience,Base game plus in-app purchases,Niche love - small but passionate audience,"['loved-by-players', 'free-to-play', 'iap-monetized']",[],"Fallout Shelter is a loved niche title, opportunity score 62/100, 85% positive from 32,564 reviews, 1,603 current players.",Mine reviews for the exact language players use; niche love often exposes a product angle.
706,1689620,BLEACH Rebirth of Souls,https://store.steampowered.com/app/1689620/BLEACH_Rebirth_of_Souls/,"Mar 20, 2025",$35.99,3599,40.0,Mostly Positive,71.0,2594.0,['windows'],https://shared.fastly.steamstatic.com/store_item_assets/steam/apps/1689620/85d75afeb2c483a64d9503e9bd9ab13f1e68270b/capsule_231x87.jpg?t=1765454766,2026-06-03T02:02:52.659Z,80.0,TAMSOFT CORPORATION,Bandai Namco Entertainment Inc.,['Action'],"['Single-player', 'Multi-player', 'PvP', 'Online PvP', 'Shared/Split Screen PvP', 'Shared/Split Screen', 'Steam Achievements', 'Full controller support', 'Steam Cloud', 'Family Sharing']",4528.0,76.0,Awaken the blade within you and reverse your fate in BLEACH Rebirth of Souls! Engage in thrilling battles with powerful sword abilities and characters from this legendary anime franchise.,False,game,49,79,73,45,61,Standard competitor,Baseline market data,Promotional discount,Community / multiplayer audience,Paid upfront,Comparable baseline,['social-retention-loop'],[],"BLEACH Rebirth of Souls is a standard competitor, opportunity score 61/100, 71% positive from 2,594 reviews, 80 current players, 40% discount.",Use as baseline competitor data; enrich with reviews for deeper sentiment intelligence.
707,2000950,Call of Duty®: Modern Warfare®,https://store.steampowered.com/app/2000950/Call_of_Duty_Modern_Warfare/,"Mar 8, 2023",$59.99,5999,0.0,Very Positive,81.0,14530.0,['windows'],https://shared.fastly.steamstatic.com/store_item_assets/steam/apps/2000950/capsule_231x87.jpg?t=1778886798,2026-06-03T02:02:52.659Z,1726.0,Infinity Ward,Activision,['Action'],"['Single-player', 'Multi-player', 'PvP', 'Online PvP', 'Co-op', 'Online Co-op', 'Cross-Platform Multiplayer', 'Steam Achievements', 'Full controller support', 'In-App Purchases']",39983.0,,Experience a visceral Campaign or assemble your team in the ultimate online playground with multiple Special Ops challenges and a mix of Multiplayer maps and modes.,False,game,60,89,66,45,65,Standard competitor,Baseline market data,Premium,Community / multiplayer audience,Base game plus in-app purchases,Comparable baseline,"['loved-by-players', 'iap-monetized', 'social-retention-loop']",[],"Call of Duty®: Modern Warfare® is a standard competitor, opportunity score 65/100, 81% positive from 14,530 reviews, 1,726 current players.",Use as baseline competitor data; enrich with reviews for deeper sentiment intelligence.
708,2453060,Dreamcore,https://store.steampowered.com/app/2453060/Dreamcore/,"Jan 23, 2025",$17.99,1799,0.0,Very Positive,89.0,1606.0,['windows'],https://shared.fastly.steamstatic.com/store_item_assets/steam/apps/2453060/e5dd272017e1eaeade035bb8262df228907c68d6/capsule_231x87_alt_assets_0.jpg?t=1780336277,2026-06-03T02:02:52.659Z,52.0,Montraluz,Tlön Industries,"['Adventure', 'Indie']","['Single-player', 'Steam Achievements', 'Partial Controller Support', 'Steam Cloud', 'Remote Play on TV', 'Family Sharing']",1606.0,,"Experience liminal spaces like never before. Dreamcore is the ultimate psychological exploration game, set in the largest liminal world ever made. No guides, no path—only intuition. Will you keep your bearings in a world designed to make you lose them?",False,game,45,95,60,45,61,Loved niche title,Underserved audience clue,Mid-market,Solo / narrative audience,Paid upfront,Niche love - small but passionate audience,['loved-by-players'],[],"Dreamcore is a loved niche title, opportunity score 61/100, 89% positive from 1,606 reviews, 52 current players.",Mine reviews for the exact language players use; niche love often exposes a product angle.
709,2362060,CODE VEIN II,https://store.steampowered.com/app/2362060/CODE_VEIN_II/,"Jan 29, 2026",$52.49,5249,25.0,Mixed,64.0,2357.0,['windows'],https://shared.fastly.steamstatic.com/store_item_assets/steam/apps/2362060/6d3b367ffaa2fb432f891978e18248466972c0b6/capsule_231x87.jpg?t=1779973642,2026-06-03T02:02:52.660Z,242.0,Bandai Namco Studios Inc.,Bandai Namco Entertainment Inc.,"['Action', 'RPG']","['Single-player', 'Steam Achievements', 'Full controller support', 'Steam Trading Cards', 'Steam Cloud', 'Family Sharing']",4492.0,,"An epic adventure awaits, where you and your chosen partners explore a post-apocalyptic world, face fierce battles against powerful enemies, and uncover an epic story that transcends time.",False,game,50,71,50,45,54,Standard competitor,Baseline market data,Premium,Solo / narrative audience,Paid upfront,Comparable baseline,[],['weak-player-sentiment'],"CODE VEIN II is a standard competitor, opportunity score 54/100, 64% positive from 2,357 reviews, 242 current players, 25% discount.",Use as baseline competitor data; enrich with reviews for deeper sentiment intelligence.
710,1118200,People Playground,https://store.steampowered.com/app/1118200/People_Playground/,"Jul 23, 2019",$9.99,999,0.0,Overwhelmingly Positive,98.0,173923.0,['windows'],https://shared.fastly.steamstatic.com/store_item_assets/steam/apps/1118200/capsule_231x87.jpg?t=1776802758,2026-06-03T02:02:52.660Z,3845.0,mestiez,Studio Minus,"['Action', 'Casual', 'Indie', 'Simulation']","['Single-player', 'Steam Achievements', 'Steam Trading Cards', 'Steam Workshop', 'Steam Cloud', 'Family Sharing']",293018.0,,"Shoot, stab, burn, poison, tear, vaporise, or crush ragdolls in a large open space.",False,game,64,100,65,45,69,Standard competitor,Baseline market data,Budget,Solo / narrative audience,Paid upfront,Comparable baseline,['loved-by-players'],[],"People Playground is a standard competitor, opportunity score 69/100, 98% positive from 173,923 reviews, 3,845 current players.",Use as baseline competitor data; enrich with reviews for deeper sentiment intelligence.
711,391220,Rise of the Tomb Raider™,https://store.steampowered.com/app/391220/Rise_of_the_Tomb_Raider/,"Feb 9, 2016",$4.49,449,85.0,Very Positive,92.0,31332.0,"['windows', 'mac', 'linux', 'vr']",https://shared.fastly.steamstatic.com/store_item_assets/steam/apps/391220/capsule_231x87.jpg?t=1766187095,2026-06-03T02:02:52.660Z,1131.0,Crystal Dynamics,Crystal Dynamics,"['Action', 'Adventure']","['Single-player', 'Steam Achievements', 'Full controller support', 'Tracked Controller Support', 'VR Supported', 'Steam Trading Cards', 'Steam Cloud', 'Steam Leaderboards', 'Remote Play on Phone', 'Remote Play on Tablet', 'Remote Play on TV', 'Family Sharing']",123935.0,86.0,"Rise of the Tomb Raider: 20 Year Celebration includes the base game and Season Pass featuring all-new content. Explore Croft Manor in the new “Blood Ties” story, then defend it against a zombie invasion in “Lara’s Nightmare”.",False,game,61,100,90,45,73,Commercially aggressive,Pricing/monetization benchmark,Deep discount,Solo / narrative audience,Discount-driven sales,Price pressure - competitor likely using discounts to drive rank,"['loved-by-players', 'aggressive-discounting']",[],"Rise of the Tomb Raider™ is a commercially aggressive, opportunity score 73/100, 92% positive from 31,332 reviews, 1,131 current players, 85% discount.","Compare discount depth, price tier, and monetization model against similar titles."
712,227300,Euro Truck Simulator 2,https://store.steampowered.com/app/227300/Euro_Truck_Simulator_2/,"Oct 12, 2012",$19.99,1999,0.0,Overwhelmingly Positive,97.0,141624.0,"['windows', 'mac', 'linux']",https://shared.fastly.steamstatic.com/store_item_assets/steam/apps/227300/da84d11d3ddd817e0cca299608b469a854d75ba5/capsule_231x87.jpg?t=1773641450,2026-06-03T02:02:52.660Z,11338.0,SCS Software,SCS Software,"['Indie', 'Simulation']","['Single-player', 'Multi-player', 'Co-op', 'Online Co-op', 'Steam Achievements', 'Steam Trading Cards', 'Steam Workshop', 'Camera Comfort', 'Custom Volume Controls', 'Adjustable Difficulty', 'Keyboard Only Option', 'Playable without Timed Input', 'Save Anytime', 'Stereo Sound', 'Surround Sound', 'Partial Controller Support', 'Steam Cloud', 'Includes level editor', 'Remote Play on Phone', 'Remote Play on Tablet', 'Remote Play Together', 'Family Sharing']",765789.0,79.0,"Travel across Europe as king of the road, a trucker who delivers important cargo across impressive distances! With dozens of cities to explore, your endurance, skill and speed will all be pushed to their limits.",False,game,65,100,68,57,73,Standard competitor,Baseline market data,Mid-market,Community / multiplayer audience,Paid upfront,Comparable baseline,"['loved-by-players', 'healthy-community', 'social-retention-loop']",[],"Euro Truck Simulator 2 is a standard competitor, opportunity score 73/100, 97% positive from 141,624 reviews, 11,338 current players.",Use as baseline competitor data; enrich with reviews for deeper sentiment intelligence.
713,4508320,Plague Inc: Aliens & Anti-Vaxxers,https://store.steampowered.com/app/4508320/Plague_Inc_Aliens__AntiVaxxers/,"Apr 7, 2026",$5.39,539,10.0,Very Positive,82.0,263.0,"['windows', 'mac', 'linux']",https://shared.fastly.steamstatic.com/store_item_assets/steam/apps/4508320/d7b5c14e8decda47ee3a75a85ea8a00be0bbcff2/capsule_231x87.jpg?t=1775752549,2026-06-03T02:02:52.660Z,0.0,Ndemic Creations,Ndemic Creations,"['Casual', 'Indie', 'Simulation', 'Strategy']","['Single-player', 'Multi-player', 'PvP', 'Online PvP', 'Co-op', 'Online Co-op', 'Downloadable Content', 'Steam Achievements', 'Steam Trading Cards', 'Steam Workshop', 'Camera Comfort', 'Custom Volume Controls', 'Adjustable Difficulty', 'Mouse Only Option', 'Playable without Timed Input', 'Save Anytime', 'Stereo Sound', 'Partial Controller Support', 'Steam Cloud', 'Stats', 'Steam Leaderboards', 'Includes level editor', 'Remote Play on Tablet', 'Family Sharing']",263.0,,A meteor from outer space carries an utterly alien plague type. Humans are irrelevant - can you transform the planet into a solid crystal?,False,dlc,34,87,73,55,59,Non-game / accessory listing,Catalog monitoring,Budget,Community / multiplayer audience,Paid upfront,Niche love - small but passionate audience,"['loved-by-players', 'social-retention-loop', 'fresh-release', 'non-game-dlc']",['not-a-standard-game'],"Plague Inc: Aliens & Anti-Vaxxers is a non-game / accessory listing, opportunity score 59/100, 82% positive from 263 reviews, 10% discount.","Keep for catalog awareness, but exclude from game competitor benchmarks."
714,214510,LEGO® The Lord of the Rings™,https://store.steampowered.com/app/214510/LEGO_The_Lord_of_the_Rings/,"Nov 27, 2012",$3.99,399,80.0,Very Positive,89.0,5012.0,['windows'],https://shared.fastly.steamstatic.com/store_item_assets/steam/apps/214510/capsule_231x87.jpg?t=1763062068,2026-06-03T02:02:52.660Z,315.0,Traveller's Tales,Warner Bros. Interactive Entertainment,"['Action', 'Adventure']","['Single-player', 'Multi-player', 'Shared/Split Screen', 'Steam Achievements', 'Full controller support', 'Steam Cloud', 'Remote Play on Phone', 'Remote Play on Tablet', 'Remote Play on TV', 'Remote Play Together', 'Family Sharing']",9257.0,80.0,"Based on The Lord of the Rings motion picture trilogy, LEGO® The Lord of the Rings follows the original story-lines of The Lord of the Rings: The Fellowship of the Ring, The Lord of the Rings: The Two Towers, and The Lord of the Rings: The Return of the King, taking players through the epic story events re-imagined with the humor and endl",False,game,53,94,98,45,71,Commercially aggressive,Pricing/monetization benchmark,Deep discount,Community / multiplayer audience,Discount-driven sales,Price pressure - competitor likely using discounts to drive rank,"['loved-by-players', 'aggressive-discounting', 'social-retention-loop']",[],"LEGO® The Lord of the Rings™ is a commercially aggressive, opportunity score 71/100, 89% positive from 5,012 reviews, 315 current players, 80% discount.","Compare discount depth, price tier, and monetization model against similar titles."
715,2698420,Restore Your Island,https://store.steampowered.com/app/2698420/Restore_Your_Island/,"Apr 9, 2026",$10.39,1039,20.0,Mostly Positive,79.0,1163.0,['windows'],https://shared.fastly.steamstatic.com/store_item_assets/steam/apps/2698420/789e8082c3dc1f5cbb0dc5abe8d46fd3deb1b8c0/capsule_231x87.jpg?t=1780058584,2026-06-03T02:02:52.660Z,372.0, Paiband Game Studio, Paiband Game Studio,"['Adventure', 'Casual', 'Indie', 'Simulation']","['Single-player', 'Steam Achievements', 'Full controller support', 'Adjustable Text Size', 'Camera Comfort', 'Color Alternatives', 'Custom Volume Controls', 'Adjustable Difficulty', 'Keyboard Only Option', 'Mouse Only Option', 'Narrated Game Menus', 'Save Anytime', 'Stereo Sound', 'Subtitle Options', 'Touch Only Option', 'Steam Cloud', 'Family Sharing']",1163.0,,"Heal a scarred island, rebuild habitats, play with your dog, design your sanctuary, and relax by the fire. Turn this broken, trash-filled island into a thriving sanctuary — one clean sweep at a time.",False,game,47,85,60,55,61,Loved niche title,Underserved audience clue,Mid-market,Solo / narrative audience,Paid upfront,Niche love - small but passionate audience,"['loved-by-players', 'fresh-release']",[],"Restore Your Island is a loved niche title, opportunity score 61/100, 79% positive from 1,163 reviews, 372 current players, 20% discount.",Mine reviews for the exact language players use; niche love often exposes a product angle.
716,1922560,Plants vs. Zombies™ Garden Warfare 2: Deluxe Edition,https://store.steampowered.com/app/1922560/Plants_vs_Zombies_Garden_Warfare_2_Deluxe_Edition/,"May 16, 2022",$29.99,2999,0.0,Very Positive,90.0,20905.0,['windows'],https://shared.fastly.steamstatic.com/store_item_assets/steam/apps/1922560/capsule_231x87.jpg?t=1772707471,2026-06-03T02:02:52.660Z,999.0,PopCap,Electronic Arts,"['Action', 'Casual', 'Strategy']","['Single-player', 'Multi-player', 'PvP', 'Online PvP', 'Co-op', 'Online Co-op', 'Steam Achievements', 'In-App Purchases']",43222.0,82.0,"Ready the Peashooters and prepare for the craziest, funniest shooter in the universe: Plants vs. Zombies Garden Warfare 2.",False,game,59,97,76,45,69,Commercially aggressive,Pricing/monetization benchmark,Mid-market,Community / multiplayer audience,Base game plus in-app purchases,Comparable baseline,"['loved-by-players', 'iap-monetized', 'social-retention-loop']",[],"Plants vs. Zombies™ Garden Warfare 2: Deluxe Edition is a commercially aggressive, opportunity score 69/100, 90% positive from 20,905 reviews, 999 current players.","Compare discount depth, price tier, and monetization model against similar titles."
717,2111550,Schrodinger's Cat Burglar,https://store.steampowered.com/app/2111550/Schrodingers_Cat_Burglar/,"May 21, 2026",$17.99,1799,10.0,Very Positive,98.0,384.0,"['windows', 'linux']",https://shared.fastly.steamstatic.com/store_item_assets/steam/apps/2111550/de5c8a880e2c24ba32f567488f7f13adfad8d463/capsule_231x87.jpg?t=1780445876,2026-06-03T02:02:52.660Z,62.0,Abandoned Sheep,Abandoned Sheep,"['Adventure', 'Indie']","['Single-player', 'Multi-player', 'Co-op', 'Shared/Split Screen Co-op', 'Shared/Split Screen', 'Steam Achievements', 'Full controller support', 'Adjustable Text Size', 'Camera Comfort', 'Color Alternatives', 'Custom Volume Controls', 'Adjustable Difficulty', 'Keyboard Only Option', 'Playable without Timed Input', 'Stereo Sound', 'Subtitle Options', 'Steam Cloud', 'Stats', 'Remote Play Together', 'Family Sharing']",384.0,86.0,"Portal with cats - Become entangled in a quantum puzzle adventure! Mittens gains the incredible power to be in two places at once. Explore twisted test chambers, make mischief and evade capture by a whisker! 🐈🐈‍⬛",False,game,40,100,68,55,64,Loved niche title,Underserved audience clue,Mid-market,Community / multiplayer audience,Paid upfront,Niche love - small but passionate audience,"['loved-by-players', 'social-retention-loop', 'fresh-release']",[],"Schrodinger's Cat Burglar is a loved niche title, opportunity score 64/100, 98% positive from 384 reviews, 62 current players, 10% discount.",Mine reviews for the exact language players use; niche love often exposes a product angle.
718,2138720,REMATCH,https://store.steampowered.com/app/2138720/REMATCH/,"Jun 19, 2025",$29.99,2999,0.0,Mostly Positive,70.0,15704.0,['windows'],https://shared.fastly.steamstatic.com/store_item_assets/steam/apps/2138720/99d71852c4c1133b8483eb26d0632aa574c5ca82/capsule_231x87.jpg?t=1779808259,2026-06-03T02:02:52.660Z,3088.0,Sloclap,Sloclap,"['Action', 'Indie', 'Sports']","['Multi-player', 'Co-op', 'Online Co-op', 'Cross-Platform Multiplayer', 'Steam Achievements', 'Full controller support', 'In-App Purchases', 'Family Sharing']",35970.0,,Rematch is an online multiplayer football game. Control one player and compete with your team in fast-paced 5v5 matches from an immersive third-person perspective. Team up with your friends and join the action.,False,game,60,78,76,45,65,Commercially aggressive,Pricing/monetization benchmark,Mid-market,Community / multiplayer audience,Base game plus in-app purchases,Comparable baseline,"['iap-monetized', 'social-retention-loop']",[],"REMATCH is a commercially aggressive, opportunity score 65/100, 70% positive from 15,704 reviews, 3,088 current players.","Compare discount depth, price tier, and monetization model against similar titles."
719,916440,Anno 1800,https://store.steampowered.com/app/916440/Anno_1800/,"Apr 16, 2019",$59.99,5999,0.0,Mostly Positive,78.0,11709.0,['windows'],https://shared.fastly.steamstatic.com/store_item_assets/steam/apps/916440/capsule_231x87.jpg?t=1778771290,2026-06-03T02:02:52.660Z,1372.0,Ubisoft Mainz,Ubisoft,"['Simulation', 'Strategy']","['Single-player', 'Multi-player', 'PvP', 'Online PvP', 'Co-op', 'Online Co-op', 'Steam Achievements', 'Steam Trading Cards', 'Captions available']",28983.0,81.0,Anno 1800™ – Lead the Industrial Revolution! Welcome to the dawn of the Industrial Age. The path you choose will define your world. Are you an innovator or an exploiter? A conqueror or a liberator? How the world remembers your name is up to you.,False,game,58,87,58,45,63,Loved niche title,Underserved audience clue,Premium,Community / multiplayer audience,Paid upfront,Comparable baseline,"['loved-by-players', 'social-retention-loop']",[],"Anno 1800 is a loved niche title, opportunity score 63/100, 78% positive from 11,709 reviews, 1,372 current players.",Mine reviews for the exact language players use; niche love often exposes a product angle.
720,2100280,World of Tanks: HEAT,https://store.steampowered.com/app/2100280/World_of_Tanks_HEAT/,"May 25, 2026",Free,0,,Mixed,52.0,1223.0,['windows'],https://shared.fastly.steamstatic.com/store_item_assets/steam/apps/2100280/d06c38ca042fdf07e300de37a062e3a1629ba1ce/capsule_231x87.jpg?t=1780407610,2026-06-03T02:02:52.660Z,1395.0,Wargaming Group Limited,Wargaming Group Limited,"['Action', 'Casual', 'Massively Multiplayer', 'Free To Play']","['Multi-player', 'MMO', 'PvP', 'Online PvP', 'Cross-Platform Multiplayer', 'Steam Achievements', 'Full controller support', 'In-App Purchases']",,,"World of Tanks: HEAT is the first ever hero-driven tank action game. Choose your Agent, personalize your tank, and combine skill and strategy to dominate the battlefield.",True,game,39,58,78,55,55,Commercially aggressive,Pricing/monetization benchmark,Free-to-play,Community / multiplayer audience,Base game plus in-app purchases,Comparable baseline,"['free-to-play', 'iap-monetized', 'social-retention-loop', 'fresh-release']",['weak-player-sentiment'],"World of Tanks: HEAT is a commercially aggressive, opportunity score 55/100, 52% positive from 1,223 reviews, 1,395 current players.","Compare discount depth, price tier, and monetization model against similar titles."
721,3211120,Dark and Darker - Legendary Status,https://store.steampowered.com/app/3211120/Dark_and_Darker__Legendary_Status/,"Dec 5, 2024",$30.00,3000,0.0,Mixed,44.0,287.0,['windows'],https://shared.fastly.steamstatic.com/store_item_assets/steam/apps/3211120/9039e8079ec9823a6acb4ce9369455860145e5e4/capsule_231x87.jpg?t=1738829817,2026-06-03T02:02:52.660Z,0.0,IRONMACE,IRONMACE,"['Action', 'RPG', 'Free To Play']","['Multi-player', 'PvP', 'Online PvP', 'Co-op', 'Online Co-op', 'Downloadable Content', 'In-App Purchases']",287.0,,"Upgrades a free ‘Squire’ account to ‘Legendary’ status. Legendary accounts get access to the High Roller Dungeons, extra trading privileges, lots of additional character slots, unlocks 1 shared stash, and more! Please be careful not to make duplicate purchases.",False,dlc,33,49,76,45,48,Non-game / accessory listing,Catalog monitoring,Mid-market,Community / multiplayer audience,Base game plus in-app purchases,Comparable baseline,"['iap-monetized', 'social-retention-loop', 'non-game-dlc']","['weak-player-sentiment', 'not-a-standard-game']","Dark and Darker - Legendary Status is a non-game / accessory listing, opportunity score 48/100, 44% positive from 287 reviews.","Keep for catalog awareness, but exclude from game competitor benchmarks."
722,2840470,SimplePlanes 2,https://store.steampowered.com/app/2840470/SimplePlanes_2/,"Apr 23, 2026",$19.99,1999,0.0,Very Positive,91.0,850.0,"['windows', 'mac']",https://shared.fastly.steamstatic.com/store_item_assets/steam/apps/2840470/8a4336669ec7d8510a092777573353c69f7d1152/capsule_231x87.jpg?t=1777062499,2026-06-03T02:02:52.660Z,301.0,"Jundroo, LLC","Jundroo, LLC","['Indie', 'Racing', 'Simulation', 'Early Access']","['Single-player', 'Multi-player', 'PvP', 'Online PvP', 'Co-op', 'Online Co-op', 'Steam Cloud', 'Family Sharing']",851.0,,"SimplePlanes is back! Build planes, cars, or anything else using powerful procedural parts! Explore detailed environments with friends in multiplayer, cause chaos, or download 1,000,000 community crafts for free.",False,game,45,97,68,55,65,Loved niche title,Underserved audience clue,Mid-market,Community / multiplayer audience,Paid upfront,Niche love - small but passionate audience,"['loved-by-players', 'social-retention-loop', 'fresh-release']",[],"SimplePlanes 2 is a loved niche title, opportunity score 65/100, 91% positive from 850 reviews, 301 current players.",Mine reviews for the exact language players use; niche love often exposes a product angle.
723,2201320,Date Everything!,https://store.steampowered.com/app/2201320/Date_Everything/,"Jun 17, 2025",$29.99,2999,0.0,Very Positive,94.0,5625.0,['windows'],https://shared.fastly.steamstatic.com/store_item_assets/steam/apps/2201320/c5236ed8b07d1f4e654dc0312234cbe2e0d9e3e5/capsule_231x87.jpg?t=1770650828,2026-06-03T02:02:52.660Z,348.0,Sassy Chap Games,Team17,['Simulation'],"['Single-player', 'Steam Achievements', 'Full controller support', 'Steam Cloud', 'Family Sharing']",6129.0,,"Date Everything! is a sandbox dating simulator set in the comfort of your own home, featuring 100 fully voice acted datable characters! Let the romance flow between your bed, smoke alarm and… Overwhelming Sense of Existential Dread? Are you ready to Date Everything?",False,game,52,100,60,45,64,Loved niche title,Underserved audience clue,Mid-market,Solo / narrative audience,Paid upfront,Comparable baseline,['loved-by-players'],[],"Date Everything! is a loved niche title, opportunity score 64/100, 94% positive from 5,625 reviews, 348 current players.",Mine reviews for the exact language players use; niche love often exposes a product angle.
724,2701660,DRAGON QUEST III HD-2D Remake,https://store.steampowered.com/app/2701660/DRAGON_QUEST_III_HD2D_Remake/,"Nov 14, 2024",$59.99,5999,0.0,Very Positive,91.0,1461.0,['windows'],https://shared.fastly.steamstatic.com/store_item_assets/steam/apps/2701660/capsule_231x87.jpg?t=1772703499,2026-06-03T02:02:52.661Z,573.0,Square Enix,Square Enix,['RPG'],"['Single-player', 'Steam Achievements', 'Steam Trading Cards', 'Camera Comfort', 'Custom Volume Controls', 'Adjustable Difficulty', 'Keyboard Only Option', 'Playable without Timed Input', 'Partial Controller Support', 'Steam Cloud', 'Family Sharing']",3861.0,,DRAGON QUEST III HD-2D Remake is a stunning reimagining of the beloved masterpiece and narrative beginning to The Erdrick Trilogy.,False,game,49,97,50,45,60,Loved niche title,Underserved audience clue,Premium,Solo / narrative audience,Paid upfront,Niche love - small but passionate audience,['loved-by-players'],[],"DRAGON QUEST III HD-2D Remake is a loved niche title, opportunity score 60/100, 91% positive from 1,461 reviews, 573 current players.",Mine reviews for the exact language players use; niche love often exposes a product angle.
725,1587130,Blood West,https://store.steampowered.com/app/1587130/Blood_West/,"Dec 5, 2023",$12.49,1249,50.0,Very Positive,89.0,3654.0,['windows'],https://shared.fastly.steamstatic.com/store_item_assets/steam/apps/1587130/33bac2ab86d7280570fe034a1bacd3bb3412c54d/capsule_231x87.jpg?t=1780447280,2026-06-03T02:02:52.661Z,64.0,Hyperstrange,New Blood Interactive,"['Action', 'Indie', 'RPG']","['Single-player', 'Steam Achievements', 'Full controller support', 'Steam Trading Cards', 'Steam Cloud', 'Family Sharing']",5763.0,80.0,"Weird west legends meet eldritch horror in BLOOD WEST, an immersive stealth FPS. Become the Undead Gunslinger, doomed to roam the barren lands until he manages to purge their curse, freeing his soul. 3 varied scenarios, perk-based character progression, and 20+ hours of gameplay await you!",False,game,49,94,75,45,65,Commercially aggressive,Pricing/monetization benchmark,Promotional discount,Solo / narrative audience,Discount-driven sales,Niche love - small but passionate audience,"['loved-by-players', 'aggressive-discounting']",[],"Blood West is a commercially aggressive, opportunity score 65/100, 89% positive from 3,654 reviews, 64 current players, 50% discount.","Compare discount depth, price tier, and monetization model against similar titles."
726,1066890,Automobilista 2,https://store.steampowered.com/app/1066890/Automobilista_2/,"Jun 30, 2020",$39.99,3999,0.0,Very Positive,90.0,5422.0,"['windows', 'linux', 'vr']",https://shared.fastly.steamstatic.com/store_item_assets/steam/apps/1066890/capsule_231x87.jpg?t=1768424413,2026-06-03T02:02:52.661Z,798.0,Reiza Studios,Reiza Studios,"['Action', 'Indie', 'Racing', 'Simulation', 'Sports']","['Single-player', 'Multi-player', 'PvP', 'Online PvP', 'LAN PvP', 'Full controller support', 'VR Supported', 'Family Sharing']",11424.0,,"Automobilista 2 is all the racing simulators you ever wanted - in just one. An incredibly diverse collection of cars and tracks cohesively simulated, featuring incredible graphics and audio quality, dynamic weather and track conditions and the best VR support for a racing experience like no other.",False,game,54,97,58,45,64,Loved niche title,Underserved audience clue,Premium,Community / multiplayer audience,Paid upfront,Comparable baseline,"['loved-by-players', 'social-retention-loop']",[],"Automobilista 2 is a loved niche title, opportunity score 64/100, 90% positive from 5,422 reviews, 798 current players.",Mine reviews for the exact language players use; niche love often exposes a product angle.
727,521890,Hello Neighbor,https://store.steampowered.com/app/521890/Hello_Neighbor/,"Dec 8, 2017",$29.99,2999,0.0,Very Positive,83.0,9702.0,['windows'],https://shared.fastly.steamstatic.com/store_item_assets/steam/apps/521890/308c93929a3f326131688936b7362074fa1548ec/capsule_231x87.jpg?t=1777368129,2026-06-03T02:02:52.661Z,233.0,Dynamic Pixels,tinyBuild,"['Adventure', 'Indie', 'Strategy']","['Single-player', 'Steam Achievements', 'Full controller support', 'Steam Trading Cards', 'Remote Play on TV', 'Family Sharing']",23858.0,,Hello Neighbor is a Stealth Horror Game about sneaking into your neighbor's house and figuring out what he's hiding in the basement. Play against an advanced AI that learns from your actions.,False,game,54,91,60,45,63,Loved niche title,Underserved audience clue,Mid-market,Solo / narrative audience,Paid upfront,Comparable baseline,['loved-by-players'],[],"Hello Neighbor is a loved niche title, opportunity score 63/100, 83% positive from 9,702 reviews, 233 current players.",Mine reviews for the exact language players use; niche love often exposes a product angle.
728,2964090,World of Warships: Legends,https://store.steampowered.com/app/2964090/World_of_Warships_Legends/,"May 4, 2026",Free,0,,Mixed,61.0,389.0,['windows'],https://shared.fastly.steamstatic.com/store_item_assets/steam/apps/2964090/74a19ff233c72561df8b78d8c926784a2f3c447b/capsule_231x87.jpg?t=1780388645,2026-06-03T02:02:52.661Z,273.0,Wargaming Group Limited,Wargaming Group Limited,"['Action', 'Massively Multiplayer', 'Simulation', 'Strategy', 'Free To Play']","['Multi-player', 'MMO', 'PvP', 'Online PvP', 'Co-op', 'Online Co-op', 'Cross-Platform Multiplayer', 'Steam Achievements', 'Full controller support', 'Steam Trading Cards', 'In-App Purchases', 'Color Alternatives', 'Custom Volume Controls', 'Playable without Timed Input', 'Stereo Sound', 'Surround Sound', 'Steam Cloud', 'Stats', 'HDR available', 'Steam Timeline']",,,"Join this free-to-play PvP online naval shooter with fast-paced combat, easy-to-learn gameplay, intuitive controls, and cross-platform play on Steam, console, and mobile. Choose from 600+ warships and 150+ Commanders, and master tactics on diverse maps. Play now and become a legend!",True,game,33,66,78,55,55,Commercially aggressive,Pricing/monetization benchmark,Free-to-play,Community / multiplayer audience,Base game plus in-app purchases,Comparable baseline,"['free-to-play', 'iap-monetized', 'social-retention-loop', 'fresh-release']",['weak-player-sentiment'],"World of Warships: Legends is a commercially aggressive, opportunity score 55/100, 61% positive from 389 reviews, 273 current players.","Compare discount depth, price tier, and monetization model against similar titles."
729,4318580,Dead by Daylight: Stranger Things Chapter 2,https://store.steampowered.com/app/4318580/Dead_by_Daylight_Stranger_Things_Chapter_2/,"Jan 27, 2026",$11.99,1199,0.0,Mixed,68.0,772.0,['windows'],https://shared.fastly.steamstatic.com/store_item_assets/steam/apps/4318580/457451c2e5f6053503d71ceb741cc6a417a3bc7f/capsule_231x87.jpg?t=1769540708,2026-06-03T02:02:52.661Z,0.0,Behaviour Interactive Inc.,,['Action'],"['Multi-player', 'PvP', 'Online PvP', 'Co-op', 'Online Co-op', 'Cross-Platform Multiplayer', 'Downloadable Content', 'Steam Achievements', 'Full controller support', 'Steam Trading Cards', 'Stereo Sound', 'Subtitle Options', 'Steam Cloud', 'Remote Play on Phone', 'Remote Play on Tablet', 'Remote Play on TV', 'Family Sharing']",772.0,,"Dead by Daylight: Stranger Things Chapter 2 includes a new Killer, Vecna, The First, and new Survivors, Dustin Henderson and Eleven. Purchasing this Add-On unlocks the Mind Flayer Badge and the Bloody Rainbow Room Banner.",False,dlc,37,74,68,45,54,Non-game / accessory listing,Catalog monitoring,Mid-market,Community / multiplayer audience,Paid upfront,Comparable baseline,"['social-retention-loop', 'non-game-dlc']","['weak-player-sentiment', 'not-a-standard-game']","Dead by Daylight: Stranger Things Chapter 2 is a non-game / accessory listing, opportunity score 54/100, 68% positive from 772 reviews.","Keep for catalog awareness, but exclude from game competitor benchmarks."
730,1272320,Diplomacy is Not an Option,https://store.steampowered.com/app/1272320/Diplomacy_is_Not_an_Option/,"Oct 4, 2024",$11.99,1199,60.0,Very Positive,84.0,4695.0,['windows'],https://shared.fastly.steamstatic.com/store_item_assets/steam/apps/1272320/775a837432ee81420d6d7efe86c93481e23e8c8a/capsule_231x87_alt_assets_4.jpg?t=1780093478,2026-06-03T02:02:52.661Z,582.0,Door 407,Door 407,"['Action', 'Adventure', 'Casual', 'Indie', 'Simulation', 'Strategy']","['Single-player', 'Steam Achievements', 'Steam Trading Cards', 'Steam Workshop', 'Steam Cloud', 'Includes level editor', 'Family Sharing']",10361.0,80.0,"Diplomacy is Not an Option is a strategy game set in a medieval fantasy world. Build your town and defenses, raise huge armies and fight against massive hordes of enemies. How long can you survive?",False,game,53,90,75,45,65,Commercially aggressive,Pricing/monetization benchmark,Promotional discount,Solo / narrative audience,Discount-driven sales,Comparable baseline,"['loved-by-players', 'aggressive-discounting']",[],"Diplomacy is Not an Option is a commercially aggressive, opportunity score 65/100, 84% positive from 4,695 reviews, 582 current players, 60% discount.","Compare discount depth, price tier, and monetization model against similar titles."
731,2827200,MIMESIS,https://store.steampowered.com/app/2827200/MIMESIS/,"Oct 27, 2025",$9.99,999,0.0,Mostly Positive,79.0,1870.0,['windows'],https://shared.fastly.steamstatic.com/store_item_assets/steam/apps/2827200/93d9d7a43e68c4f8e96664cec3bbff4b27ffa48a/capsule_231x87.jpg?t=1777459725,2026-06-03T02:02:52.661Z,208.0,"ReLU Games, Inc.","ReLU Games, Inc.","['Action', 'Adventure', 'Casual', 'Indie', 'Early Access']","['Multi-player', 'Co-op', 'Online Co-op', 'Full controller support', 'Steam Cloud', 'Family Sharing']",7613.0,,"4 Player co-op survival horror game. When the cursed rain falls, 'Mimesis' appear, perfectly imitating your teammates, bringing a new level of tension you've never experienced before.",False,game,49,86,73,45,62,Loved niche title,Underserved audience clue,Budget,Community / multiplayer audience,Paid upfront,Niche love - small but passionate audience,"['loved-by-players', 'social-retention-loop']",[],"MIMESIS is a loved niche title, opportunity score 62/100, 79% positive from 1,870 reviews, 208 current players.",Mine reviews for the exact language players use; niche love often exposes a product angle.
732,1222140,Detroit: Become Human,https://store.steampowered.com/app/1222140/Detroit_Become_Human/,"Jun 18, 2020",$39.99,3999,0.0,Overwhelmingly Positive,95.0,53683.0,['windows'],https://shared.fastly.steamstatic.com/store_item_assets/steam/apps/1222140/capsule_231x87.jpg?t=1667468479,2026-06-03T02:02:52.661Z,2134.0,Quantic Dream,Quantic Dream,"['Action', 'Adventure']","['Single-player', 'Steam Achievements', 'Full controller support', 'Steam Cloud', 'Remote Play on TV', 'Family Sharing']",211425.0,80.0,"Detroit: Become Human puts the destiny of both mankind and androids in your hands, taking you to a near future where machines have become more intelligent than humans. Every choice you make affects the outcome of the game, with one of the most intricately branching narratives ever created.",False,game,62,100,50,45,66,Standard competitor,Baseline market data,Premium,Solo / narrative audience,Paid upfront,Comparable baseline,['loved-by-players'],[],"Detroit: Become Human is a standard competitor, opportunity score 66/100, 95% positive from 53,683 reviews, 2,134 current players.",Use as baseline competitor data; enrich with reviews for deeper sentiment intelligence.
733,1392840,RimWorld - Ideology,https://store.steampowered.com/app/1392840/RimWorld__Ideology/,"Jul 20, 2021",$19.99,1999,0.0,Very Positive,83.0,2230.0,"['windows', 'mac', 'linux']",https://shared.fastly.steamstatic.com/store_item_assets/steam/apps/1392840/63a61725ada471857cbf21280c9c943c74c813f9/capsule_231x87.jpg?t=1776193654,2026-06-03T02:02:52.661Z,0.0,Ludeon Studios,Ludeon Studios,"['Indie', 'Simulation', 'Strategy']","['Single-player', 'Downloadable Content', 'Steam Workshop', 'Steam Cloud', 'Family Sharing']",3259.0,,"What do you believe? RimWorld - Ideology adds belief systems to the game. Play as piratical nudist cannibals, blind undergrounder mole people, charitable ranching cowboys, machine-obsessed transhumanists, and many more.",False,dlc,41,90,60,45,58,Non-game / accessory listing,Catalog monitoring,Mid-market,Solo / narrative audience,Paid upfront,Niche love - small but passionate audience,"['loved-by-players', 'non-game-dlc']",['not-a-standard-game'],"RimWorld - Ideology is a non-game / accessory listing, opportunity score 58/100, 83% positive from 2,230 reviews.","Keep for catalog awareness, but exclude from game competitor benchmarks."
734,1634050,Valve Index® Replacement Tether,https://store.steampowered.com/app/1634050/Valve_Index_Replacement_Tether/,,$129.00,12900,0.0,,,,"['windows', 'linux']",https://shared.fastly.steamstatic.com/store_item_assets/steam/apps/1634050/capsule_231x87.jpg?t=1632766911,2026-06-03T02:02:52.661Z,0.0,,,[],[],,,"If your headset is still under warranty, contact Steam Support before purchasing replacement parts.",False,hardware,12,35,40,45,30,Non-game / accessory listing,Catalog monitoring,High-ticket,General Steam audience,Paid upfront,Comparable baseline,['non-game-hardware'],"['review-data-missing-or-not-yet-established', 'not-a-standard-game']","Valve Index® Replacement Tether is a non-game / accessory listing, opportunity score 30/100.","Keep for catalog awareness, but exclude from game competitor benchmarks."
735,209000,Batman™: Arkham Origins,https://store.steampowered.com/app/209000/Batman_Arkham_Origins/,"Oct 24, 2013",$19.99,1999,0.0,Very Positive,89.0,21105.0,['windows'],https://shared.fastly.steamstatic.com/store_item_assets/steam/apps/209000/capsule_231x87.jpg?t=1746562474,2026-06-03T02:02:52.661Z,783.0,WB Games Montreal,Warner Bros. Interactive Entertainment,"['Action', 'Adventure']","['Single-player', 'Steam Achievements', 'Full controller support', 'Steam Trading Cards', 'Steam Cloud', 'Steam Leaderboards', 'Family Sharing']",44222.0,74.0,"As of December 4, 2016, the online services portion of Batman: Arkham Origins has been retired. We thank those that have joined us to battle. The Single player campaign may still be played and enjoyed offline. For any questions relating to Batman: Arkham Origins, please contact WB Games customer service.",False,game,59,94,60,45,65,Loved niche title,Underserved audience clue,Mid-market,Solo / narrative audience,Paid upfront,Comparable baseline,['loved-by-players'],[],"Batman™: Arkham Origins is a loved niche title, opportunity score 65/100, 89% positive from 21,105 reviews, 783 current players.",Mine reviews for the exact language players use; niche love often exposes a product angle.
736,2933620,Call of Duty®: Black Ops 6,https://store.steampowered.com/app/2933620/Call_of_Duty_Black_Ops_6/,"Nov 1, 2024",$69.99,6999,0.0,Mixed,40.0,8715.0,['windows'],https://shared.fastly.steamstatic.com/store_item_assets/steam/apps/2933620/capsule_231x87.jpg?t=1778265729,2026-06-03T02:02:52.661Z,0.0,Treyarch,Activision,['Action'],"['Single-player', 'Multi-player', 'PvP', 'Online PvP', 'Co-op', 'Online Co-op', 'Cross-Platform Multiplayer', 'Steam Achievements', 'Full controller support', 'Captions available', 'In-App Purchases']",13301.0,,"Call of Duty®: Black Ops 6 is signature Black Ops across a cinematic single-player Campaign, a best-in-class Multiplayer experience and with the epic return of Round-Based Zombies.",False,game,46,48,56,45,48,Standard competitor,Baseline market data,High-ticket,Community / multiplayer audience,Base game plus in-app purchases,Comparable baseline,"['iap-monetized', 'social-retention-loop']",['weak-player-sentiment'],"Call of Duty®: Black Ops 6 is a standard competitor, opportunity score 48/100, 40% positive from 8,715 reviews.",Use as baseline competitor data; enrich with reviews for deeper sentiment intelligence.
737,285920,TerraTech,https://store.steampowered.com/app/285920/TerraTech/,"Aug 10, 2018",$6.24,624,75.0,Very Positive,92.0,13086.0,"['windows', 'mac', 'linux']",https://shared.fastly.steamstatic.com/store_item_assets/steam/apps/285920/capsule_231x87.jpg?t=1777900156,2026-06-03T02:02:52.661Z,344.0,Payload Studios,Mythwright,"['Action', 'Indie']","['Single-player', 'Multi-player', 'PvP', 'Online PvP', 'Co-op', 'Online Co-op', 'Steam Achievements', 'Steam Trading Cards', 'Steam Workshop', 'Partial Controller Support', 'Family Sharing']",20233.0,,"TerraTech is an open-world, sandbox adventure game, where you design and build your own creations through a mix of crafting, combat and discovery. Design vehicles from a huge library of blocks. Scavenge, craft and buy new parts to survive and become the ultimate planetary prospector.",False,game,55,100,98,45,73,Commercially aggressive,Pricing/monetization benchmark,Deep discount,Community / multiplayer audience,Discount-driven sales,Price pressure - competitor likely using discounts to drive rank,"['loved-by-players', 'aggressive-discounting', 'social-retention-loop']",[],"TerraTech is a commercially aggressive, opportunity score 73/100, 92% positive from 13,086 reviews, 344 current players, 75% discount.","Compare discount depth, price tier, and monetization model against similar titles."
738,22330,The Elder Scrolls IV: Oblivion® Game of the Year Edition Deluxe (2009),https://store.steampowered.com/app/900883/The_Elder_Scrolls_IV_Oblivion_Game_of_the_Year_Edition_Deluxe_2009/,"Jun 16, 2009",$4.99,499,75.0,Overwhelmingly Positive,95.0,31885.0,['windows'],https://shared.fastly.steamstatic.com/store_item_assets/steam/apps/900883/capsule_231x87.jpg?t=1745343032,2026-06-03T02:02:52.661Z,583.0,Bethesda Game Studios,Bethesda Softworks,['RPG'],"['Single-player', 'Steam Cloud', 'Family Sharing']",42456.0,94.0,"PUBLISHER UPDATE - This is the product page for The Elder Scrolls IV: Oblivion Game of the Year Edition, released in 2009. ---The Elder Scrolls IV: Oblivion® Game of the Year Edition presents one of the best RPGs of all time like never before. Step inside the most richly detailed and vibrant game-world ever created.",False,game,59,100,90,45,73,Commercially aggressive,Pricing/monetization benchmark,Deep discount,Solo / narrative audience,Discount-driven sales,Price pressure - competitor likely using discounts to drive rank,"['loved-by-players', 'aggressive-discounting']",[],"The Elder Scrolls IV: Oblivion® Game of the Year Edition Deluxe (2009) is a commercially aggressive, opportunity score 73/100, 95% positive from 31,885 reviews, 583 current players, 75% discount.","Compare discount depth, price tier, and monetization model against similar titles."
739,3802450,Borderlands®4 - Story Pack 1: Mad Ellie and the Vault of the Damned,https://store.steampowered.com/app/3802450/Borderlands4__Story_Pack_1_Mad_Ellie_and_the_Vault_of_the_Damned/,"Mar 26, 2026",$29.99,2999,0.0,Mostly Negative,26.0,578.0,['windows'],https://shared.fastly.steamstatic.com/store_item_assets/steam/apps/3802450/40d6cf220e24649b95ed0741332998ebf79bc58a/capsule_231x87.jpg?t=1774555142,2026-06-03T02:02:52.661Z,0.0,Gearbox,2K,"['Action', 'Adventure', 'RPG']","['Single-player', 'Multi-player', 'Co-op', 'Online Co-op', 'Cross-Platform Multiplayer', 'Downloadable Content', 'Steam Achievements', 'Full controller support', 'Family Sharing']",578.0,,"Play as the all-new Vault Hunter, C4SH, and explore the blood-soaked mysteries of the Whispering Glacier in this cosmic-horror adventure! Featuring new missions, activities, loot, and a terrifying new region.",False,dlc,35,32,68,55,45,Non-game / accessory listing,Catalog monitoring,Mid-market,Community / multiplayer audience,Paid upfront,Comparable baseline,"['social-retention-loop', 'fresh-release', 'non-game-dlc']","['weak-player-sentiment', 'not-a-standard-game']","Borderlands®4 - Story Pack 1: Mad Ellie and the Vault of the Damned is a non-game / accessory listing, opportunity score 45/100, 26% positive from 578 reviews.","Keep for catalog awareness, but exclude from game competitor benchmarks."
740,4439750,Forza Horizon 6 Treasure Map,https://store.steampowered.com/app/4439750/Forza_Horizon_6_Treasure_Map/,"May 14, 2026",$2.99,299,0.0,Mostly Negative,22.0,835.0,['windows'],https://shared.fastly.steamstatic.com/store_item_assets/steam/apps/4439750/aafacb45bdaecda5fd9134ccdb2d8bb8c30acd13/capsule_231x87.jpg?t=1778818272,2026-06-03T02:02:52.661Z,0.0,Playground Games,Xbox Game Studios,"['Racing', 'Simulation', 'Sports']","['Single-player', 'Multi-player', 'PvP', 'Online PvP', 'Co-op', 'Online Co-op', 'Downloadable Content', 'Full controller support', 'Family Sharing']",835.0,,"Need some help finding all of the Bonus Boards, Barn Finds, Regional Mascots, Treasure Chests and Treasure Cars hidden around Japan? Get the Forza Horizon 6 Treasure Map today to reveal the exact location of these collectables in the main game and Expansions, once they become available.",False,dlc,37,28,73,55,46,Non-game / accessory listing,Catalog monitoring,Budget,Community / multiplayer audience,Paid upfront,Comparable baseline,"['social-retention-loop', 'fresh-release', 'non-game-dlc']","['weak-player-sentiment', 'not-a-standard-game']","Forza Horizon 6 Treasure Map is a non-game / accessory listing, opportunity score 46/100, 22% positive from 835 reviews.","Keep for catalog awareness, but exclude from game competitor benchmarks."
741,3195790,White Knuckle,https://store.steampowered.com/app/3195790/White_Knuckle/,"Apr 17, 2025",$14.99,1499,0.0,Overwhelmingly Positive,98.0,7661.0,['windows'],https://shared.fastly.steamstatic.com/store_item_assets/steam/apps/3195790/1be6d3187d7f5205243c1f7172354db4d219f4a6/capsule_231x87.jpg?t=1767974773,2026-06-03T02:02:52.661Z,573.0,Dark Machine Games,DreadXP,['Early Access'],"['Single-player', 'Steam Achievements', 'Full controller support', 'Family Sharing']",10276.0,,White Knuckle is a first-person roguelite speed-climbing game. Ascend through the guts of SUB-STRUCTURE 17 using precision movement mechanics. Sharp reflexes and resource management will bring you out from under ten thousand meters of concrete and decay.,False,game,53,100,60,45,65,Loved niche title,Underserved audience clue,Mid-market,Solo / narrative audience,Paid upfront,Comparable baseline,['loved-by-players'],[],"White Knuckle is a loved niche title, opportunity score 65/100, 98% positive from 7,661 reviews, 573 current players.",Mine reviews for the exact language players use; niche love often exposes a product angle.
742,2060160,The Farmer Was Replaced,https://store.steampowered.com/app/2060160/The_Farmer_Was_Replaced/,"Oct 10, 2025",$7.99,799,20.0,Overwhelmingly Positive,95.0,3722.0,"['windows', 'mac']",https://shared.fastly.steamstatic.com/store_item_assets/steam/apps/2060160/12f2add76581b250df67d45572754cf7152fe05d/capsule_231x87.jpg?t=1777656847,2026-06-03T02:02:52.661Z,470.0,Timon Herzog,Metaroot,"['Casual', 'Indie', 'Simulation', 'Strategy']","['Single-player', 'Steam Achievements', 'Adjustable Text Size', 'Camera Comfort', 'Custom Volume Controls', 'Playable without Timed Input', 'Save Anytime', 'Stereo Sound', 'Steam Cloud', 'Steam Leaderboards', 'Family Sharing']",8212.0,,Program and optimize a drone to automate a farm and watch it do the work for you. Collect resources to unlock better technology and become the most efficient farmer in the world. Improve your problem solving and coding skills.,False,game,51,100,65,45,65,Loved niche title,Underserved audience clue,Budget,Solo / narrative audience,Paid upfront,Comparable baseline,['loved-by-players'],[],"The Farmer Was Replaced is a loved niche title, opportunity score 65/100, 95% positive from 3,722 reviews, 470 current players, 20% discount.",Mine reviews for the exact language players use; niche love often exposes a product angle.
743,2702260,Map Map - A Game About Maps,https://store.steampowered.com/app/2702260/Map_Map__A_Game_About_Maps/,"May 28, 2026",$13.49,1349,10.0,Very Positive,91.0,117.0,['windows'],https://shared.fastly.steamstatic.com/store_item_assets/steam/apps/2702260/9c647f68cdaf96d8c84d835c6313732615108b5b/capsule_231x87.jpg?t=1779981339,2026-06-03T02:02:52.661Z,70.0,Pipapo Games,Pipapo Games,"['Adventure', 'Casual', 'Indie', 'Simulation']","['Single-player', 'Steam Achievements', 'Full controller support', 'Steam Cloud', 'Family Sharing']",117.0,,In this game YOU make the maps! Become the cartographer of a small adventure crew and use proper navigation tools like a real explorer. Map the environment to turn unknown islands into a hand-drawn journey toward a legendary treasure.,False,game,35,95,60,55,59,Loved niche title,Underserved audience clue,Mid-market,Solo / narrative audience,Paid upfront,Niche love - small but passionate audience,"['loved-by-players', 'fresh-release']",[],"Map Map - A Game About Maps is a loved niche title, opportunity score 59/100, 91% positive from 117 reviews, 70 current players, 10% discount.",Mine reviews for the exact language players use; niche love often exposes a product angle.
744,886250,Vegas Infinite by PokerStars,https://store.steampowered.com/app/886250/Vegas_Infinite_by_PokerStars/,"Nov 10, 2023",Free,0,,Mostly Positive,79.0,7101.0,"['windows', 'vr']",https://shared.fastly.steamstatic.com/store_item_assets/steam/apps/886250/962680be5c6bf9692ca34549392398d5ba4cc53a/capsule_231x87.jpg?t=1776435760,2026-06-03T02:02:52.661Z,191.0,Lucky VR Inc.,The Stars Group Inc.,"['Casual', 'Strategy', 'Free To Play']","['Multi-player', 'PvP', 'Online PvP', 'Cross-Platform Multiplayer', 'Steam Achievements', 'Tracked Controller Support', 'VR Supported', 'In-App Purchases']",,,"PokerStars presents Vegas Infinite, a world of entertainment with no limits. Leap into VR or PC with no headset required! Take on the house at blackjack and roulette. Light up the dice at craps. Play dazzling slots and challenge real players at authentic poker. Your seat is open.",True,game,39,87,78,45,60,Commercially aggressive,Pricing/monetization benchmark,Free-to-play,Community / multiplayer audience,Base game plus in-app purchases,Niche love - small but passionate audience,"['loved-by-players', 'free-to-play', 'iap-monetized', 'social-retention-loop']",[],"Vegas Infinite by PokerStars is a commercially aggressive, opportunity score 60/100, 79% positive from 7,101 reviews, 191 current players.","Compare discount depth, price tier, and monetization model against similar titles."
745,815370,Green Hell,https://store.steampowered.com/app/815370/Green_Hell/,"Sep 5, 2019",$2.49,249,90.0,Very Positive,85.0,26180.0,['windows'],https://shared.fastly.steamstatic.com/store_item_assets/steam/apps/815370/11b2c1dd531149d24a276ea0abae5f05b966f781/capsule_231x87.jpg?t=1778577818,2026-06-03T02:02:52.662Z,3210.0,Creepy Jar,Creepy Jar,"['Action', 'Adventure', 'Indie', 'Simulation']","['Single-player', 'Multi-player', 'Co-op', 'Online Co-op', 'Steam Achievements', 'Steam Trading Cards', 'Adjustable Text Size', 'Camera Comfort', 'Custom Volume Controls', 'Adjustable Difficulty', 'Playable without Timed Input', 'Stereo Sound', 'Subtitle Options', 'Partial Controller Support', 'Steam Cloud', 'Remote Play on Tablet', 'Family Sharing']",75243.0,78.0,"Plunge into the open-world survival simulation set in the extreme conditions of the uncharted Amazon jungle. Use real-life survival techniques to craft, hunt, fight, and gather resources, set a makeshift shelter, or raise a fortress. Survive alone or team up with your friends and challenge the jungle together.",False,game,61,92,98,45,73,Commercially aggressive,Pricing/monetization benchmark,Deep discount,Community / multiplayer audience,Discount-driven sales,Price pressure - competitor likely using discounts to drive rank,"['loved-by-players', 'aggressive-discounting', 'social-retention-loop']",[],"Green Hell is a commercially aggressive, opportunity score 73/100, 85% positive from 26,180 reviews, 3,210 current players, 90% discount.","Compare discount depth, price tier, and monetization model against similar titles."
746,667970,VTOL VR,https://store.steampowered.com/app/667970/VTOL_VR/,"Aug 3, 2017",$29.99,2999,0.0,Overwhelmingly Positive,98.0,16770.0,['windows'],https://shared.fastly.steamstatic.com/store_item_assets/steam/apps/667970/d42ac6861288565220376e3dc4474c11fa18f091/capsule_231x87.jpg?t=1732654698,2026-06-03T02:02:52.662Z,174.0,"Boundless Dynamics, LLC","Boundless Dynamics, LLC","['Action', 'Indie', 'Simulation']","['Single-player', 'Multi-player', 'PvP', 'Online PvP', 'Co-op', 'Online Co-op', 'Tracked Controller Support', 'VR Only', 'Steam Workshop', 'Includes level editor', 'Family Sharing']",19533.0,,"VTOL VR is a near-futuristic combat flight game built for Virtual Reality. Pilot advanced multi-role jets, using your hands to flip switches, press buttons, and manipulate the virtual flight controls.",False,game,55,100,68,45,67,Loved niche title,Underserved audience clue,Mid-market,Community / multiplayer audience,Paid upfront,Comparable baseline,"['loved-by-players', 'social-retention-loop']",[],"VTOL VR is a loved niche title, opportunity score 67/100, 98% positive from 16,770 reviews, 174 current players.",Mine reviews for the exact language players use; niche love often exposes a product angle.
747,1096900,RPG Maker MZ,https://store.steampowered.com/app/1096900/RPG_Maker_MZ/,"Aug 27, 2020",$79.99,7999,0.0,Very Positive,86.0,1884.0,"['windows', 'mac']",https://shared.fastly.steamstatic.com/store_item_assets/steam/apps/1096900/capsule_231x87.jpg?t=1780036504,2026-06-03T02:02:52.662Z,1006.0,Gotcha Gotcha Games,Gotcha Gotcha Games,"['RPG', 'Design & Illustration', 'Education', 'Web Publishing', 'Game Development']","['Steam Workshop', 'Partial Controller Support']",1884.0,,"You want to create an RPG, but every game making tool you have found was either too complex or too limited? RPG Maker MZ empowers you with simple tools to create your RPG right out of the box, yet is customizable enough to make the exact RPG you want!",False,game,48,93,40,45,57,Loved niche title,Underserved audience clue,High-ticket,Solo / narrative audience,Paid upfront,Niche love - small but passionate audience,['loved-by-players'],[],"RPG Maker MZ is a loved niche title, opportunity score 57/100, 86% positive from 1,884 reviews, 1,006 current players.",Mine reviews for the exact language players use; niche love often exposes a product angle.
748,2231380,Tom Clancy's Ghost Recon® Breakpoint,https://store.steampowered.com/app/2231380/Tom_Clancys_Ghost_Recon_Breakpoint/,"Jan 23, 2023",$59.99,5999,0.0,Mostly Positive,72.0,18409.0,['windows'],https://shared.fastly.steamstatic.com/store_item_assets/steam/apps/2231380/capsule_231x87.jpg?t=1764778328,2026-06-03T02:02:52.662Z,1653.0,Ubisoft Paris,Ubisoft,"['Action', 'Adventure']","['Single-player', 'Multi-player', 'Co-op', 'Online Co-op', 'Steam Achievements', 'Captions available', 'Partial Controller Support', 'HDR available']",39570.0,,"Become a Ghost, fighting against a rogue spec ops faction called the Wolves, in the latest Tom Clancy's Ghost Recon®!",False,game,58,81,58,45,61,Standard competitor,Baseline market data,Premium,Community / multiplayer audience,Paid upfront,Comparable baseline,['social-retention-loop'],[],"Tom Clancy's Ghost Recon® Breakpoint is a standard competitor, opportunity score 61/100, 72% positive from 18,409 reviews, 1,653 current players.",Use as baseline competitor data; enrich with reviews for deeper sentiment intelligence.
749,1256670,Library Of Ruina,https://store.steampowered.com/app/1256670/Library_Of_Ruina/,"Aug 10, 2021",$29.99,2999,0.0,Overwhelmingly Positive,96.0,13515.0,['windows'],https://shared.fastly.steamstatic.com/store_item_assets/steam/apps/1256670/capsule_231x87.jpg?t=1670980516,2026-06-03T02:02:52.662Z,1201.0,ProjectMoon,ProjectMoon,"['Indie', 'RPG', 'Strategy']","['Single-player', 'Steam Achievements', 'Steam Workshop', 'Partial Controller Support', 'Steam Cloud', 'Remote Play on Tablet', 'Family Sharing']",38097.0,,"""May you find your book in this place."" Combat between the guests and the librarians breaks out as if it were on a stage. Defeated guests turn into books, and the Library grows onward. And eventually, get your hands on… The one singular, perfect book.",False,game,57,100,60,45,66,Loved niche title,Underserved audience clue,Mid-market,Solo / narrative audience,Paid upfront,Comparable baseline,['loved-by-players'],[],"Library Of Ruina is a loved niche title, opportunity score 66/100, 96% positive from 13,515 reviews, 1,201 current players.",Mine reviews for the exact language players use; niche love often exposes a product angle.
750,372000,Tree of Savior (English Ver.),https://store.steampowered.com/app/372000/Tree_of_Savior_English_Ver/,"Mar 28, 2016",Free,0,,Mixed,58.0,10386.0,['windows'],https://shared.fastly.steamstatic.com/store_item_assets/steam/apps/372000/capsule_231x87.jpg?t=1765860167,2026-06-03T02:02:52.662Z,188.0,"IMCGAMES Co.,Ltd.","IMCGAMES Co.,Ltd.","['Massively Multiplayer', 'RPG', 'Free To Play']","['Multi-player', 'MMO', 'Steam Trading Cards', 'In-App Purchases', 'Partial Controller Support', 'Valve Anti-Cheat enabled']",5757.0,,Tree of Savior(abbreviated as TOS thereafter) is an MMORPG in which you embark on a journey to search for the goddesses in the world of chaos. Fairy-tale like colors accompanied with beautiful graphics in TOS will have you reminiscing about precious moments all throughout the game.,True,game,51,66,78,45,59,Commercially aggressive,Pricing/monetization benchmark,Free-to-play,Community / multiplayer audience,Base game plus in-app purchases,Comparable baseline,"['free-to-play', 'iap-monetized', 'social-retention-loop']",['weak-player-sentiment'],"Tree of Savior (English Ver.) is a commercially aggressive, opportunity score 59/100, 58% positive from 10,386 reviews, 188 current players.","Compare discount depth, price tier, and monetization model against similar titles."
751,1205970,MX vs ATV Legends,https://store.steampowered.com/app/1205970/MX_vs_ATV_Legends/,"Jun 28, 2022",$39.99,3999,0.0,Mostly Positive,79.0,2765.0,['windows'],https://shared.fastly.steamstatic.com/store_item_assets/steam/apps/1205970/28733b05683e8e032662bc117a9042388e772759/capsule_231x87.jpg?t=1777476320,2026-06-03T02:02:52.662Z,190.0,Rainbow Studios,THQ Nordic,"['Racing', 'Sports']","['Single-player', 'Multi-player', 'PvP', 'Online PvP', 'Shared/Split Screen PvP', 'Shared/Split Screen', 'Steam Achievements', 'Full controller support', 'Steam Cloud', 'Steam Leaderboards', 'Remote Play Together', 'Family Sharing']",3918.0,,"Race your way to victory on bikes, ATVs and UTVs in MX vs ATV Legends! Featuring massive new open environments, plus a career mode that lets you experience all the risks and rewards of becoming a world-famous professional rider. Become an off-road racing legend in your own right! Your time is now!",False,game,48,86,58,45,59,Loved niche title,Underserved audience clue,Premium,Community / multiplayer audience,Paid upfront,Niche love - small but passionate audience,"['loved-by-players', 'social-retention-loop']",[],"MX vs ATV Legends is a loved niche title, opportunity score 59/100, 79% positive from 2,765 reviews, 190 current players.",Mine reviews for the exact language players use; niche love often exposes a product angle.
752,1158160,Coral Island,https://store.steampowered.com/app/1158160/Coral_Island/,"Nov 14, 2023",$29.99,2999,0.0,Very Positive,89.0,13602.0,['windows'],https://shared.fastly.steamstatic.com/store_item_assets/steam/apps/1158160/153ddc8eb755eaa1b94b592b5316a972acb715e5/capsule_231x87.jpg?t=1780023687,2026-06-03T02:02:52.662Z,2171.0,Stairway Games,Balor Games,"['Adventure', 'Casual', 'Indie', 'RPG', 'Simulation', 'Strategy']","['Single-player', 'Multi-player', 'Co-op', 'Online Co-op', 'Cross-Platform Multiplayer', 'Steam Achievements', 'Full controller support', 'Steam Cloud', 'Family Sharing']",20970.0,,"Coral Island is a vibrant, laid-back farm sim reimagined with multiplayer! Experience enchanting island life at your own pace: farm with friends, nurture animals, build relationships, hang out with a diverse cast of characters, and dive into the magical Merfolk Kingdom.",False,game,57,97,68,45,67,Loved niche title,Underserved audience clue,Mid-market,Community / multiplayer audience,Paid upfront,Comparable baseline,"['loved-by-players', 'social-retention-loop']",[],"Coral Island is a loved niche title, opportunity score 67/100, 89% positive from 13,602 reviews, 2,171 current players.",Mine reviews for the exact language players use; niche love often exposes a product angle.
753,597180,Old World,https://store.steampowered.com/app/597180/Old_World/,"May 18, 2022",$9.99,999,75.0,Very Positive,84.0,3768.0,"['windows', 'mac', 'linux']",https://shared.fastly.steamstatic.com/store_item_assets/steam/apps/597180/283817ee3881aaf6af93ee7c08b0bc5412e3b4fa/capsule_231x87.jpg?t=1780401792,2026-06-03T02:02:52.662Z,480.0,Mohawk Games,Hooded Horse,"['RPG', 'Simulation', 'Strategy']","['Single-player', 'Multi-player', 'PvP', 'Online PvP', 'Shared/Split Screen PvP', 'Co-op', 'Online Co-op', 'Shared/Split Screen Co-op', 'Shared/Split Screen', 'Cross-Platform Multiplayer', 'Steam Achievements', 'Steam Trading Cards', 'Steam Workshop', 'Adjustable Text Size', 'Camera Comfort', 'Color Alternatives', 'Custom Volume Controls', 'Adjustable Difficulty', 'Mouse Only Option', 'Playable without Timed Input', 'Save Anytime', 'Steam Cloud', 'Includes level editor', 'Remote Play Together', 'Family Sharing']",5731.0,80.0,"Old World is a revolutionary new historical strategy game where you lead your dynasty over generations of rule against rival kings and queens. Wage massive wars, manage your court, and build a dynasty — or watch your empire crumble to dust. What legacy will you leave behind?",False,game,50,90,98,45,69,Commercially aggressive,Pricing/monetization benchmark,Deep discount,Community / multiplayer audience,Discount-driven sales,Price pressure - competitor likely using discounts to drive rank,"['loved-by-players', 'aggressive-discounting', 'social-retention-loop']",[],"Old World is a commercially aggressive, opportunity score 69/100, 84% positive from 3,768 reviews, 480 current players, 75% discount.","Compare discount depth, price tier, and monetization model against similar titles."
754,2627570,Goofy Gorillas,https://store.steampowered.com/app/2627570/Goofy_Gorillas/,"Dec 1, 2023",$7.99,799,0.0,Very Positive,92.0,628.0,['windows'],https://shared.fastly.steamstatic.com/store_item_assets/steam/apps/2627570/8fcac79f4d20452bc8f35c410262c29339262e95/capsule_231x87.jpg?t=1779339502,2026-06-03T02:02:52.662Z,143.0,sponge,sponge,"['Action', 'Casual', 'Indie']","['Single-player', 'Multi-player', 'PvP', 'Online PvP', 'Co-op', 'Online Co-op', 'Steam Achievements', 'Full controller support', 'Camera Comfort', 'Custom Volume Controls', 'Playable without Timed Input', 'Stereo Sound', 'Surround Sound', 'Steam Cloud', 'Steam Leaderboards', 'Family Sharing']",628.0,,"Relive your childhood nostalgia at Goofy Gorillas, the largest virtual jungle gym! Battle it out with your friends in a wide range of casual but intense PvP gamemodes, or chill out and take part in some extra activities around the venue! Make the Goofy experience your own!",False,game,42,98,73,45,63,Loved niche title,Underserved audience clue,Budget,Community / multiplayer audience,Paid upfront,Niche love - small but passionate audience,"['loved-by-players', 'social-retention-loop']",[],"Goofy Gorillas is a loved niche title, opportunity score 63/100, 92% positive from 628 reviews, 143 current players.",Mine reviews for the exact language players use; niche love often exposes a product angle.
755,774291,Last Man Sitting,https://store.steampowered.com/app/774291/Last_Man_Sitting/,"Mar 31, 2026",$2.49,249,75.0,Mostly Positive,75.0,206.0,['windows'],https://shared.fastly.steamstatic.com/store_item_assets/steam/apps/774291/94147efca9d63b6c764ceadbea813cf3977ae41f/capsule_231x87.jpg?t=1780398055,2026-06-03T02:02:52.662Z,72.0,DoubleMoose Games,Raw Fury,['Action'],"['Single-player', 'Multi-player', 'PvP', 'Online PvP', 'Co-op', 'Online Co-op', 'Steam Achievements', 'Partial Controller Support', 'Steam Cloud', 'Family Sharing']",206.0,,"Shoot, hack and grind your way through waves of sentient office appliances in Megabonk-like roguelite action. Level up, unlock upgrades and play in singleplayer or up to 4-player coop while 360 no-scoping on an office chair!",False,game,36,80,98,55,63,Commercially aggressive,Pricing/monetization benchmark,Deep discount,Community / multiplayer audience,Discount-driven sales,Price pressure - competitor likely using discounts to drive rank,"['aggressive-discounting', 'social-retention-loop', 'fresh-release']",[],"Last Man Sitting is a commercially aggressive, opportunity score 63/100, 75% positive from 206 reviews, 72 current players, 75% discount.","Compare discount depth, price tier, and monetization model against similar titles."
756,1592190,BONELAB,https://store.steampowered.com/app/1592190/BONELAB/,"Sep 29, 2022",$39.99,3999,0.0,Very Positive,80.0,14472.0,['windows'],https://shared.fastly.steamstatic.com/store_item_assets/steam/apps/1592190/capsule_231x87.jpg?t=1672959398,2026-06-03T02:02:52.662Z,308.0,Stress Level Zero,Stress Level Zero,"['Action', 'Adventure', 'Simulation']","['Single-player', 'Steam Achievements', 'Tracked Controller Support', 'VR Only', 'Steam Cloud', 'Family Sharing']",17722.0,,"BONELAB is an experimental physics action game. Explore a mysterious lab filled with weapons, enemies, challenges and secrets. Escape your reality, or wreak havoc. No wrong answers.",False,game,55,88,50,45,60,Loved niche title,Underserved audience clue,Premium,Solo / narrative audience,Paid upfront,Comparable baseline,['loved-by-players'],[],"BONELAB is a loved niche title, opportunity score 60/100, 80% positive from 14,472 reviews, 308 current players.",Mine reviews for the exact language players use; niche love often exposes a product angle.
757,498240,Batman - The Telltale Series,https://store.steampowered.com/app/498240/Batman__The_Telltale_Series/,"Aug 2, 2016",$7.49,749,50.0,Very Positive,86.0,7649.0,['windows'],https://shared.fastly.steamstatic.com/store_item_assets/steam/apps/498240/capsule_231x87.jpg?t=1733944832,2026-06-03T02:02:52.662Z,87.0,Telltale,Telltale,['Adventure'],"['Single-player', 'Steam Achievements', 'Full controller support', 'Family Sharing']",14722.0,,Enter the fractured psyche of Bruce Wayne and discover the powerful and far-reaching consequences of your choices as the Dark Knight.,False,game,51,94,80,45,66,Commercially aggressive,Pricing/monetization benchmark,Promotional discount,Solo / narrative audience,Discount-driven sales,Comparable baseline,"['loved-by-players', 'aggressive-discounting']",[],"Batman - The Telltale Series is a commercially aggressive, opportunity score 66/100, 86% positive from 7,649 reviews, 87 current players, 50% discount.","Compare discount depth, price tier, and monetization model against similar titles."
758,2340130,Ground Zero,https://store.steampowered.com/app/2340130/Ground_Zero/,"Apr 16, 2026",$15.99,1599,20.0,Very Positive,89.0,463.0,['windows'],https://shared.fastly.steamstatic.com/store_item_assets/steam/apps/2340130/7b70e13817a1ec75305f6b62d9772936217a4bbd/capsule_231x87.jpg?t=1776352535,2026-06-03T02:02:52.662Z,39.0,Malformation Games,Kwalee,"['Action', 'Indie']","['Single-player', 'Steam Achievements', 'Partial Controller Support', 'Steam Cloud', 'Stats', 'Family Sharing']",463.0,,Fight through post-apocalyptic South Korea in this retro survival horror. Uncover the truth behind the devastating meteor impact that left the country in ruins and turned every living organism into a terrifying monstrosity. Fight. Solve puzzles. Upgrade gear. Make every bullet count.,False,game,38,94,60,55,60,Loved niche title,Underserved audience clue,Mid-market,Solo / narrative audience,Paid upfront,Niche love - small but passionate audience,"['loved-by-players', 'fresh-release']",[],"Ground Zero is a loved niche title, opportunity score 60/100, 89% positive from 463 reviews, 39 current players, 20% discount.",Mine reviews for the exact language players use; niche love often exposes a product angle.
759,2116120,Incursion Red River,https://store.steampowered.com/app/2116120/Incursion_Red_River/,"Apr 10, 2024",$21.99,2199,0.0,Mostly Positive,75.0,5293.0,['windows'],https://shared.fastly.steamstatic.com/store_item_assets/steam/apps/2116120/9016c0b3ec63d51958f652a320b28f0a8bcfae10/capsule_231x87.jpg?t=1776693556,2026-06-03T02:02:52.662Z,316.0,Games Of Tomorrow GmbH,Games Of Tomorrow GmbH,"['Action', 'Early Access']","['Single-player', 'Multi-player', 'Co-op', 'Online Co-op', 'Family Sharing']",7656.0,,"IRR is a tactical PvE Co-Op extract shooter set in a de-stabilized and immersive modern-day Vietnam. As a PMC for a mysterious organization, deal with 3 factions that stand to gain from the chaos. Engage in ruthless combat, plan your deployment, and explore the world as your journey unfolds.",False,game,51,82,68,45,61,Standard competitor,Baseline market data,Mid-market,Community / multiplayer audience,Paid upfront,Comparable baseline,['social-retention-loop'],[],"Incursion Red River is a standard competitor, opportunity score 61/100, 75% positive from 5,293 reviews, 316 current players.",Use as baseline competitor data; enrich with reviews for deeper sentiment intelligence.
760,3551340,Football Manager 26,https://store.steampowered.com/app/3551340/Football_Manager_26/,"Nov 4, 2025",$59.99,5999,0.0,Mostly Negative,36.0,8525.0,"['windows', 'mac']",https://shared.fastly.steamstatic.com/store_item_assets/steam/apps/3551340/89a157ed8100b4c8fa49de9fda0b3a83aece1f5e/capsule_231x87.jpg?t=1779890235,2026-06-03T02:02:52.662Z,17563.0,Sports Interactive,SEGA,"['Simulation', 'Sports', 'Strategy']","['Single-player', 'Multi-player', 'Steam Achievements', 'Full controller support', 'Steam Workshop', 'Adjustable Text Size', 'Playable without Timed Input', 'Save Anytime', 'Steam Cloud', 'Family Sharing']",19453.0,,Step into the dugout and experience the future of football management.,False,game,58,44,58,57,54,Standard competitor,Baseline market data,Premium,Community / multiplayer audience,Paid upfront,Comparable baseline,['social-retention-loop'],['weak-player-sentiment'],"Football Manager 26 is a standard competitor, opportunity score 54/100, 36% positive from 8,525 reviews, 17,563 current players.",Use as baseline competitor data; enrich with reviews for deeper sentiment intelligence.
761,1599600,PlateUp!,https://store.steampowered.com/app/1599600/PlateUp/,"Aug 4, 2022",$19.38,1999,33.0,Overwhelmingly Positive,96.0,12077.0,['windows'],https://shared.fastly.steamstatic.com/store_item_assets/steam/apps/1599600/504aa360f0c23754a2ea3bc3adb6b3f880f1eb70/capsule_231x87.jpg?t=1777365800,2026-06-03T02:02:52.662Z,1144.0,It's happening,Yogscast Games,"['Action', 'Casual', 'Indie', 'Strategy']","['Single-player', 'Multi-player', 'Co-op', 'Online Co-op', 'Shared/Split Screen Co-op', 'Shared/Split Screen', 'Steam Achievements', 'Full controller support', 'Steam Workshop', 'Steam Cloud', 'Remote Play on TV', 'Remote Play Together', 'Family Sharing']",17937.0,,"Cook and serve your dishes, design and decorate your restaurants, and expand your culinary kingdom with new unlocks, abilities and dishes in procedurally-generated locations. Classic cooking action with permanent roguelite progression. Hire your friends - or do it all yourself!",False,game,55,100,68,45,67,Loved niche title,Underserved audience clue,Promotional discount,Community / multiplayer audience,Paid upfront,Comparable baseline,"['loved-by-players', 'social-retention-loop']",[],"PlateUp! is a loved niche title, opportunity score 67/100, 96% positive from 12,077 reviews, 1,144 current players, 33% discount.",Mine reviews for the exact language players use; niche love often exposes a product angle.
762,204100,Max Payne 3,https://store.steampowered.com/app/204100/Max_Payne_3/,"May 31, 2012",$5.99,599,70.0,Very Positive,84.0,24104.0,['windows'],https://shared.fastly.steamstatic.com/store_item_assets/steam/apps/204100/capsule_231x87.jpg?t=1718391374,2026-06-03T02:02:52.662Z,310.0,Rockstar Studios,Rockstar Games,['Action'],"['Single-player', 'Multi-player', 'Steam Achievements', 'Partial Controller Support']",53558.0,87.0,"No longer a New York City cop, Max Payne moves to São Paulo to protect a wealthy family in an effort to finally escape his troubled past. This complete edition of Max Payne 3 includes the complete original game and all previously released downloadable content.",False,game,57,94,98,45,72,Commercially aggressive,Pricing/monetization benchmark,Deep discount,Community / multiplayer audience,Discount-driven sales,Price pressure - competitor likely using discounts to drive rank,"['loved-by-players', 'aggressive-discounting', 'social-retention-loop']",[],"Max Payne 3 is a commercially aggressive, opportunity score 72/100, 84% positive from 24,104 reviews, 310 current players, 70% discount.","Compare discount depth, price tier, and monetization model against similar titles."
763,2113850,Spirit City: Lofi Sessions,https://store.steampowered.com/app/2113850/Spirit_City_Lofi_Sessions/,"Apr 8, 2024",$6.59,659,45.0,Overwhelmingly Positive,97.0,8658.0,"['windows', 'mac']",https://shared.fastly.steamstatic.com/store_item_assets/steam/apps/2113850/15065e911c2a991ba55c56d4a1638c6c43637051/capsule_231x87.jpg?t=1780342827,2026-06-03T02:02:52.662Z,1307.0,Mooncube Games,Mooncube Games,"['Casual', 'Indie', 'Simulation']","['Single-player', 'Steam Achievements', 'Steam Trading Cards', 'Steam Cloud', 'Stats', 'Family Sharing']",14614.0,80.0,"Spirit City: Lofi Sessions is a gamified focus tool, set to a soothing lofi soundtrack. Discover and collect Spirits, customize your cozy virtual space, and facilitate your real-life tasks with a collection of handy features designed to improve concentration and ease stress.",False,game,54,100,80,45,69,Commercially aggressive,Pricing/monetization benchmark,Promotional discount,Solo / narrative audience,Paid upfront,Comparable baseline,['loved-by-players'],[],"Spirit City: Lofi Sessions is a commercially aggressive, opportunity score 69/100, 97% positive from 8,658 reviews, 1,307 current players, 45% discount.","Compare discount depth, price tier, and monetization model against similar titles."
764,238960,Path of Exile,https://store.steampowered.com/app/238960/Path_of_Exile/,"Oct 23, 2013",Free,0,,Very Positive,88.0,141603.0,"['windows', 'mac']",https://shared.fastly.steamstatic.com/store_item_assets/steam/apps/238960/c383e49c3e2e9c93433c847be28dbfb57a51615d/capsule_231x87.jpg?t=1773177577,2026-06-03T02:02:52.662Z,4013.0,Grinding Gear Games,Grinding Gear Games,"['Action', 'Adventure', 'Indie', 'Massively Multiplayer', 'RPG', 'Free To Play']","['Single-player', 'Multi-player', 'MMO', 'PvP', 'Online PvP', 'Co-op', 'Online Co-op', 'Steam Achievements', 'Full controller support', 'Steam Trading Cards', 'In-App Purchases', 'Remote Play on Tablet']",1028.0,86.0,"You are an Exile, struggling to survive on the dark continent of Wraeclast, as you fight to earn power that will allow you to exact your revenge against those who wronged you. Path of Exile is an online Action RPG set in a dark fantasy world. The game is completely free and will never be pay-to-win.",True,game,56,98,78,45,69,Commercially aggressive,Pricing/monetization benchmark,Free-to-play,Community / multiplayer audience,Base game plus in-app purchases,Comparable baseline,"['loved-by-players', 'free-to-play', 'iap-monetized', 'social-retention-loop']",[],"Path of Exile is a commercially aggressive, opportunity score 69/100, 88% positive from 141,603 reviews, 4,013 current players.","Compare discount depth, price tier, and monetization model against similar titles."
765,1944430,Amnesia: The Bunker,https://store.steampowered.com/app/1944430/Amnesia_The_Bunker/,"Jun 6, 2023",$7.49,749,70.0,Very Positive,94.0,6048.0,['windows'],https://shared.fastly.steamstatic.com/store_item_assets/steam/apps/1944430/9e708ff9b75902fb2d30b05fd6953881316edaf0/capsule_231x87.jpg?t=1779201973,2026-06-03T02:02:52.662Z,63.0,Frictional Games,Frictional Games,"['Action', 'Adventure', 'Indie']","['Single-player', 'Steam Achievements', 'Full controller support', 'Steam Workshop', 'Remote Play Together', 'Family Sharing']",9712.0,,"Amnesia: The Bunker is a first-person horror game set in a WW1 bunker. A relentless, AI-driven monster stalks you. Survival depends on finding tools, crafting items, and keeping the lights on.",False,game,49,100,90,45,69,Commercially aggressive,Pricing/monetization benchmark,Deep discount,Solo / narrative audience,Discount-driven sales,Niche love - small but passionate audience,"['loved-by-players', 'aggressive-discounting']",[],"Amnesia: The Bunker is a commercially aggressive, opportunity score 69/100, 94% positive from 6,048 reviews, 63 current players, 70% discount.","Compare discount depth, price tier, and monetization model against similar titles."
766,1829591,HITMAN 3 - Deluxe Pack,https://store.steampowered.com/app/1829591/HITMAN_3__Deluxe_Pack/,"Jan 20, 2022",$6.99,699,30.0,Mostly Negative,33.0,408.0,"['windows', 'mac']",https://shared.fastly.steamstatic.com/store_item_assets/steam/apps/1829591/capsule_231x87.jpg?t=1772189229,2026-06-03T02:02:52.662Z,0.0,IO Interactive A/S,IO Interactive A/S,"['Action', 'Adventure']","['Single-player', 'Downloadable Content', 'Steam Achievements', 'Full controller support', 'Steam Cloud', 'Family Sharing']",408.0,87.0,"The HITMAN 3 - Deluxe Pack adds new content to HITMAN 3 Internet access and a free IOI Account required to redeem the digital soundtrack and the digital ""World of Hitman"" book. For more information, please visit ioi.dk/ioi-account",False,dlc,33,52,65,45,47,Non-game / accessory listing,Catalog monitoring,Promotional discount,Solo / narrative audience,Paid upfront,Comparable baseline,['non-game-dlc'],"['weak-player-sentiment', 'not-a-standard-game']","HITMAN 3 - Deluxe Pack is a non-game / accessory listing, opportunity score 47/100, 33% positive from 408 reviews, 30% discount.","Keep for catalog awareness, but exclude from game competitor benchmarks."
767,314650,SpaceEngine,https://store.steampowered.com/app/314650/SpaceEngine/,"Jun 11, 2019",$29.99,2999,0.0,Overwhelmingly Positive,95.0,9039.0,['windows'],https://shared.fastly.steamstatic.com/store_item_assets/steam/apps/314650/capsule_231x87.jpg?t=1773943102,2026-06-03T02:02:52.662Z,191.0,Cosmographic Software,Cosmographic Software,"['Casual', 'Indie', 'Simulation', 'Early Access']","['Single-player', 'Tracked Controller Support', 'VR Support', 'Steam Workshop', 'Steam Workshop', 'Partial Controller Support', 'Family Sharing']",14942.0,,"The world's first science-based photorealistic interactive 3D planetarium that models the entire Universe, using procedural generation for uncharted areas.",False,game,52,100,60,45,64,Loved niche title,Underserved audience clue,Mid-market,Solo / narrative audience,Paid upfront,Comparable baseline,['loved-by-players'],[],"SpaceEngine is a loved niche title, opportunity score 64/100, 95% positive from 9,039 reviews, 191 current players.",Mine reviews for the exact language players use; niche love often exposes a product angle.
768,2679460,Metaphor: ReFantazio,https://store.steampowered.com/app/2679460/Metaphor_ReFantazio/,"Oct 10, 2024",$64.98,6999,0.0,Very Positive,92.0,13343.0,['windows'],https://shared.fastly.steamstatic.com/store_item_assets/steam/apps/2679460/capsule_231x87.jpg?t=1764776325,2026-06-03T02:02:52.662Z,1138.0,ATLUS,SEGA,"['Action', 'Adventure', 'RPG']","['Single-player', 'Steam Achievements', 'Full controller support', 'Steam Trading Cards', 'Camera Comfort', 'Adjustable Difficulty', 'Keyboard Only Option', 'Playable without Timed Input', 'Stereo Sound', 'Surround Sound', 'Steam Cloud', 'Family Sharing']",23905.0,92.0,"After his assassination, the will of the late king decrees the next monarch to be elected by the people. Forge bonds and win over a kingdom divided in this award-winning fantasy RPG with turn-based and action combat, party customization with powerful Archetypes, and hours of exploration.",False,game,55,100,40,45,61,Loved niche title,Underserved audience clue,High-ticket,Solo / narrative audience,Paid upfront,Comparable baseline,['loved-by-players'],[],"Metaphor: ReFantazio is a loved niche title, opportunity score 61/100, 92% positive from 13,343 reviews, 1,138 current players.",Mine reviews for the exact language players use; niche love often exposes a product angle.
769,495420,State of Decay 2: Juggernaut Edition,https://store.steampowered.com/app/495420/State_of_Decay_2_Juggernaut_Edition/,"Mar 13, 2020",$29.99,2999,0.0,Very Positive,86.0,21504.0,['windows'],https://shared.fastly.steamstatic.com/store_item_assets/steam/apps/495420/capsule_231x87.jpg?t=1741378867,2026-06-03T02:02:52.662Z,1250.0,Undead Labs,Xbox Game Studios,"['Action', 'RPG', 'Simulation']","['Single-player', 'Multi-player', 'Co-op', 'Online Co-op', 'Cross-Platform Multiplayer', 'Steam Achievements', 'Full controller support', 'Steam Trading Cards', 'Captions available', 'Steam Cloud', 'Family Sharing']",57503.0,69.0,"The dead have risen and civilization has fallen. Now it's up to you to gather survivors, scavenge for resources and build a community in a post-apocalyptic world – a world where you define what it means to survive in this ultimate zombie survival simulation.",False,game,58,91,68,45,66,Loved niche title,Underserved audience clue,Mid-market,Community / multiplayer audience,Paid upfront,Comparable baseline,"['loved-by-players', 'social-retention-loop']",[],"State of Decay 2: Juggernaut Edition is a loved niche title, opportunity score 66/100, 86% positive from 21,504 reviews, 1,250 current players.",Mine reviews for the exact language players use; niche love often exposes a product angle.
770,435150,Divinity: Original Sin 2 - Definitive Edition,https://store.steampowered.com/app/435150/Divinity_Original_Sin_2__Definitive_Edition/,"Sep 14, 2017",$44.99,4499,0.0,Overwhelmingly Positive,95.0,82754.0,"['windows', 'mac']",https://shared.fastly.steamstatic.com/store_item_assets/steam/apps/435150/84ba1ad390af489cc07db121e2ed231cbabc9f57/capsule_231x87.jpg?t=1765811123,2026-06-03T02:02:52.663Z,4705.0,Larian Studios,Larian Studios,"['Adventure', 'RPG', 'Strategy']","['Single-player', 'Multi-player', 'PvP', 'Online PvP', 'Shared/Split Screen PvP', 'Co-op', 'Online Co-op', 'Shared/Split Screen Co-op', 'Shared/Split Screen', 'Steam Achievements', 'Full controller support', 'Steam Trading Cards', 'Captions available', 'Steam Workshop', 'Steam Cloud', 'Includes level editor', 'Remote Play on Tablet', 'Remote Play on TV', 'Remote Play Together', 'Family Sharing']",178028.0,93.0,"The critically acclaimed RPG that raised the bar, from the creators of Baldur's Gate 3. Gather your party. Master deep, tactical combat. Venture as a party of up to four - but know that only one of you will have the chance to become a God.",False,game,61,100,58,45,67,Standard competitor,Baseline market data,Premium,Community / multiplayer audience,Paid upfront,Comparable baseline,"['loved-by-players', 'social-retention-loop']",[],"Divinity: Original Sin 2 - Definitive Edition is a standard competitor, opportunity score 67/100, 95% positive from 82,754 reviews, 4,705 current players.",Use as baseline competitor data; enrich with reviews for deeper sentiment intelligence.
771,1202130,Starship Troopers: Terran Command,https://store.steampowered.com/app/1202130/Starship_Troopers_Terran_Command/,"Jun 16, 2022",$29.99,2999,0.0,Very Positive,87.0,5669.0,['windows'],https://shared.fastly.steamstatic.com/store_item_assets/steam/apps/1202130/76300e6dbe533297063a1060abcb5c5e6c745189/capsule_231x87.jpg?t=1779812017,2026-06-03T02:02:52.663Z,290.0,The Artistocrats,Slitherine Ltd.,['Strategy'],"['Single-player', 'Steam Cloud', 'Family Sharing']",9090.0,,"Lead the Mobile Infantry in this RTS game set in the Starship Troopers film universe. Balance your army composition with a diverse set of unit types, overcome line-of-sight and line-of-fire challenges through tactical positioning, and use special abilities to smash the Arachnid hordes!",False,game,50,95,60,45,62,Loved niche title,Underserved audience clue,Mid-market,Solo / narrative audience,Paid upfront,Comparable baseline,['loved-by-players'],[],"Starship Troopers: Terran Command is a loved niche title, opportunity score 62/100, 87% positive from 5,669 reviews, 290 current players.",Mine reviews for the exact language players use; niche love often exposes a product angle.
772,1601570,The Alters,https://store.steampowered.com/app/1601570/The_Alters/,"Jun 13, 2025",$20.99,2099,40.0,Very Positive,89.0,5396.0,['windows'],https://shared.fastly.steamstatic.com/store_item_assets/steam/apps/1601570/5934a27732c4867d605121201078eae8bd46ef4e/capsule_231x87.jpg?t=1779808619,2026-06-03T02:02:52.663Z,234.0,11 bit studios,11 bit studios,['Adventure'],"['Single-player', 'Steam Achievements', 'Full controller support', 'Steam Trading Cards', 'Adjustable Text Size', 'Camera Comfort', 'Custom Volume Controls', 'Adjustable Difficulty', 'Playable without Timed Input', 'Stereo Sound', 'Subtitle Options', 'Surround Sound', 'Steam Cloud', 'Family Sharing']",13592.0,85.0,"Explore an emotional sci-fi game with a unique blend of survival, adventure, and base-building elements. Help Jan Dolski, the sole survivor of an ill-fated space expedition, create alternative versions of himself to escape a hostile planet and tackle personal turmoils with this unconventional crew.",False,game,50,95,75,45,65,Commercially aggressive,Pricing/monetization benchmark,Promotional discount,Solo / narrative audience,Paid upfront,Comparable baseline,['loved-by-players'],[],"The Alters is a commercially aggressive, opportunity score 65/100, 89% positive from 5,396 reviews, 234 current players, 40% discount.","Compare discount depth, price tier, and monetization model against similar titles."
773,3199170,Blood Strike,https://store.steampowered.com/app/3199170/Blood_Strike/,"Mar 13, 2025",Free,0,,Mostly Positive,77.0,5914.0,['windows'],https://shared.fastly.steamstatic.com/store_item_assets/steam/apps/3199170/f7f59e110f6bcefd4b5856ac41cf5db43690a642/capsule_231x87.jpg?t=1776308035,2026-06-03T02:02:52.663Z,5119.0,NetEase Games,NetEase Games,"['Action', 'Adventure', 'Massively Multiplayer', 'Strategy', 'Free To Play']","['Multi-player', 'PvP', 'Online PvP', 'Co-op', 'Online Co-op', 'Cross-Platform Multiplayer', 'In-App Purchases', 'Partial Controller Support']",,,"Gather your friends and dive into the action-packed Battle Royale, Squad Fight, or Hot Zone like there's no tomorrow! Blood Strike offers a wide range of playable Strikers, each with a unique active and passive ability letting you deploy drones, shield walls and everything in between.",True,game,41,85,78,45,60,Commercially aggressive,Pricing/monetization benchmark,Free-to-play,Community / multiplayer audience,Base game plus in-app purchases,Niche love - small but passionate audience,"['loved-by-players', 'free-to-play', 'iap-monetized', 'social-retention-loop']",[],"Blood Strike is a commercially aggressive, opportunity score 60/100, 77% positive from 5,914 reviews, 5,119 current players.","Compare discount depth, price tier, and monetization model against similar titles."
774,1004640,FINAL FANTASY TACTICS - The Ivalice Chronicles,https://store.steampowered.com/app/1004640/FINAL_FANTASY_TACTICS__The_Ivalice_Chronicles/,"Sep 30, 2025",$49.99,4999,0.0,Very Positive,91.0,3984.0,['windows'],https://shared.fastly.steamstatic.com/store_item_assets/steam/apps/1004640/12bdfff11d35dbd64055124bcdbf690f49d6ce46/capsule_231x87.jpg?t=1766385464,2026-06-03T02:02:52.663Z,337.0,Square Enix,Square Enix,"['RPG', 'Strategy']","['Single-player', 'Steam Achievements', 'Full controller support', 'Steam Trading Cards', 'Custom Volume Controls', 'Adjustable Difficulty', 'Keyboard Only Option', 'Playable without Timed Input', 'Save Anytime', 'Stereo Sound', 'Steam Cloud', 'Remote Play on Phone', 'Remote Play on Tablet', 'Family Sharing']",5125.0,,"Featuring fully voiced dialogue, beautifully enhanced graphics, and countless gameplay improvements, the genre-defining tactical RPG makes its long-awaited return.",False,game,49,98,50,45,61,Loved niche title,Underserved audience clue,Premium,Solo / narrative audience,Paid upfront,Niche love - small but passionate audience,['loved-by-players'],[],"FINAL FANTASY TACTICS - The Ivalice Chronicles is a loved niche title, opportunity score 61/100, 91% positive from 3,984 reviews, 337 current players.",Mine reviews for the exact language players use; niche love often exposes a product angle.
775,3364070,The Jackbox Party Pack 11,https://store.steampowered.com/app/3364070/The_Jackbox_Party_Pack_11/,"Oct 22, 2025",$29.99,2999,0.0,Very Positive,92.0,383.0,"['windows', 'mac', 'linux']",https://shared.fastly.steamstatic.com/store_item_assets/steam/apps/3364070/40ee0eb018b102e1e336044274f070cd94dc01b9/capsule_231x87.jpg?t=1774630140,2026-06-03T02:02:52.663Z,63.0,"Jackbox Games, Inc.","Jackbox Games, Inc.","['Adventure', 'Casual', 'Indie', 'RPG', 'Simulation', 'Strategy']","['Multi-player', 'PvP', 'Online PvP', 'Shared/Split Screen PvP', 'Co-op', 'Online Co-op', 'Shared/Split Screen Co-op', 'Shared/Split Screen', 'Steam Achievements', 'Full controller support', 'Steam Cloud', 'Remote Play Together', 'Family Sharing']",383.0,,"The pack is back! The Jackbox Party Pack 11 transports your game night with 5 new games! Destroy wholesome jokes in Doominate, record your voice in Hear Say, create kookiness in Cookie Haus, sleuth through social clues in Suspectives, and collaborate with your crew in Legends of Trivia!",False,game,38,97,68,45,60,Loved niche title,Underserved audience clue,Mid-market,Community / multiplayer audience,Paid upfront,Niche love - small but passionate audience,"['loved-by-players', 'social-retention-loop']",[],"The Jackbox Party Pack 11 is a loved niche title, opportunity score 60/100, 92% positive from 383 reviews, 63 current players.",Mine reviews for the exact language players use; niche love often exposes a product angle.
776,2624870,Life is Strange: Reunion,https://store.steampowered.com/app/2624870/Life_is_Strange_Reunion/,"Mar 26, 2026",$39.99,3999,0.0,Very Positive,89.0,2108.0,['windows'],https://shared.fastly.steamstatic.com/store_item_assets/steam/apps/2624870/93e13a4730eb8b2cb6cbd1697b9eb6f1cdc9bac7/capsule_231x87.jpg?t=1777999087,2026-06-03T02:02:52.663Z,101.0,Deck Nine Games,Square Enix,"['Action', 'Adventure']","['Single-player', 'Steam Achievements', 'Full controller support', 'Steam Trading Cards', 'Adjustable Text Size', 'Camera Comfort', 'Custom Volume Controls', 'Adjustable Difficulty', 'Keyboard Only Option', 'Stereo Sound', 'Subtitle Options', 'Surround Sound', 'Steam Cloud', 'Family Sharing']",3832.0,,"The saga of Max and Chloe, and the fate of Caledon, is yours to decide! Play as both Max and Chloe as an all-new story builds towards an epic climax. The fire will force Max and Chloe to make devastating decisions. Can they find a future together… Before everything burns?",False,game,46,96,50,55,61,Loved niche title,Underserved audience clue,Premium,Solo / narrative audience,Paid upfront,Niche love - small but passionate audience,"['loved-by-players', 'fresh-release']",[],"Life is Strange: Reunion is a loved niche title, opportunity score 61/100, 89% positive from 2,108 reviews, 101 current players.",Mine reviews for the exact language players use; niche love often exposes a product angle.
777,1169040,Necesse,https://store.steampowered.com/app/1169040/Necesse/,"Oct 16, 2025",$9.74,974,35.0,Very Positive,94.0,11826.0,"['windows', 'mac', 'linux']",https://shared.fastly.steamstatic.com/store_item_assets/steam/apps/1169040/13bc4896610bf8de08db56aacf2dd6c6c5e0d243/capsule_231x87_alt_assets_4.jpg?t=1778533514,2026-06-03T02:02:52.663Z,967.0,Fair Games ApS,Fair Games ApS,"['Action', 'Adventure', 'Indie', 'RPG']","['Single-player', 'Multi-player', 'PvP', 'Online PvP', 'LAN PvP', 'Co-op', 'Online Co-op', 'LAN Co-op', 'Steam Achievements', 'Full controller support', 'Steam Trading Cards', 'Steam Workshop', 'Steam Cloud', 'Stats', 'Family Sharing']",23138.0,,"Build, quest, and conquer across an infinite procedurally generated world. Play alone or with friends as you establish a settlement and explore deep dungeons, fight monsters and bosses, mine rare ores, craft magical equipment, recruit specialists for your colony, and more!",False,game,55,100,73,45,68,Loved niche title,Underserved audience clue,Promotional discount,Community / multiplayer audience,Paid upfront,Comparable baseline,"['loved-by-players', 'social-retention-loop']",[],"Necesse is a loved niche title, opportunity score 68/100, 94% positive from 11,826 reviews, 967 current players, 35% discount.",Mine reviews for the exact language players use; niche love often exposes a product angle.
778,538030,Xenonauts 2,https://store.steampowered.com/app/538030/Xenonauts_2/,"Apr 2, 2026",$25.99,2599,35.0,Very Positive,83.0,2810.0,['windows'],https://shared.fastly.steamstatic.com/store_item_assets/steam/apps/538030/482bba7eec0556716f0d36f9dc8858b473587f5c/capsule_231x87.jpg?t=1780042367,2026-06-03T02:02:52.663Z,337.0,Goldhawk Interactive,Hooded Horse,"['RPG', 'Simulation', 'Strategy']","['Single-player', 'Steam Achievements', 'Steam Trading Cards', 'Camera Comfort', 'Custom Volume Controls', 'Adjustable Difficulty', 'Mouse Only Option', 'Playable without Timed Input', 'Save Anytime', 'Stereo Sound', 'Steam Cloud', 'Family Sharing']",4404.0,82.0,"Wage a global war of resistance against an alien invasion. Command turn-based tactical battles, build a network of covert bases, directly control your fighter wings, and achieve strategic victory in a simulation of asymmetric warfare against a technologically superior foe.",False,game,47,90,60,55,62,Loved niche title,Underserved audience clue,Promotional discount,Solo / narrative audience,Paid upfront,Niche love - small but passionate audience,"['loved-by-players', 'fresh-release']",[],"Xenonauts 2 is a loved niche title, opportunity score 62/100, 83% positive from 2,810 reviews, 337 current players, 35% discount.",Mine reviews for the exact language players use; niche love often exposes a product angle.
779,4544840,Warframe: Voruna Prime Access - Accessories Pack,https://store.steampowered.com/app/4544840/Warframe_Voruna_Prime_Access__Accessories_Pack/,"Apr 8, 2026",$49.99,4999,0.0,Mostly Positive,72.0,18.0,['windows'],https://shared.fastly.steamstatic.com/store_item_assets/steam/apps/4544840/6018d5d752897ec505ebbfa2fec0cb75910f0c68/capsule_231x87.jpg?t=1775660632,2026-06-03T02:02:52.663Z,0.0,Digital Extremes,Digital Extremes,"['Action', 'RPG', 'Free To Play']","['Single-player', 'Multi-player', 'Co-op', 'Online Co-op', 'Cross-Platform Multiplayer', 'Downloadable Content', 'Steam Achievements', 'Full controller support', 'Steam Trading Cards', 'Steam Workshop', 'In-App Purchases', 'Camera Comfort', 'Color Alternatives', 'Custom Volume Controls', 'Playable without Timed Input', 'Stereo Sound', 'Surround Sound', 'Remote Play on Phone', 'Remote Play on Tablet', 'Remote Play on TV', 'HDR available']",,,"This exclusive Accessories Pack features the Hanteler Prime Syandana, Vilkas Prime Sumdali and more. Available for a limited time ONLY through Prime Access.",False,dlc,17,75,66,55,49,Non-game / accessory listing,Catalog monitoring,Premium,Community / multiplayer audience,Base game plus in-app purchases,Comparable baseline,"['iap-monetized', 'social-retention-loop', 'fresh-release', 'non-game-dlc']","['low-review-confidence', 'not-a-standard-game']","Warframe: Voruna Prime Access - Accessories Pack is a non-game / accessory listing, opportunity score 49/100, 72% positive from 18 reviews.","Keep for catalog awareness, but exclude from game competitor benchmarks."
780,1818450,STALCRAFT: X,https://store.steampowered.com/app/1818450/STALCRAFT_X/,"Dec 9, 2022",Free,0,,Mixed,66.0,15705.0,['windows'],https://shared.fastly.steamstatic.com/store_item_assets/steam/apps/1818450/7f105573c5d1d30bcee3de955374747442d5d353/capsule_231x87.jpg?t=1779450141,2026-06-03T02:02:52.663Z,3171.0,EXBO,EXBO,"['Action', 'Adventure', 'Massively Multiplayer', 'RPG', 'Free To Play']","['Multi-player', 'MMO', 'PvP', 'Online PvP', 'Co-op', 'Online Co-op', 'Steam Achievements', 'In-App Purchases', 'Camera Comfort', 'Custom Volume Controls', 'Playable without Timed Input', 'Stereo Sound', 'Subtitle Options']",,,STALCRAFT: X is the largest open-world online game in the Chernobyl Exclusion Zone. Explore the world full of mutants and anomalies alone or with friends — unforgettable emotions guaranteed.,True,game,43,74,78,45,58,Commercially aggressive,Pricing/monetization benchmark,Free-to-play,Community / multiplayer audience,Base game plus in-app purchases,Comparable baseline,"['free-to-play', 'iap-monetized', 'social-retention-loop']",['weak-player-sentiment'],"STALCRAFT: X is a commercially aggressive, opportunity score 58/100, 66% positive from 15,705 reviews, 3,171 current players.","Compare discount depth, price tier, and monetization model against similar titles."
781,2157830,John Carpenter's Toxic Commando,https://store.steampowered.com/app/2157830/John_Carpenters_Toxic_Commando/,"Mar 12, 2026",$39.99,3999,0.0,Mostly Positive,78.0,3122.0,['windows'],https://shared.fastly.steamstatic.com/store_item_assets/steam/apps/2157830/e0beec6285313e3d14921d7a693a102e3801a65c/capsule_231x87.jpg?t=1774963782,2026-06-03T02:02:52.663Z,209.0,Saber Interactive,Focus Entertainment,"['Action', 'Adventure']","['Single-player', 'Multi-player', 'Co-op', 'Online Co-op', 'Cross-Platform Multiplayer', 'Steam Achievements', 'Full controller support', 'Steam Trading Cards', 'Adjustable Text Size', 'Camera Comfort', 'Custom Volume Controls', 'Adjustable Difficulty', 'Stereo Sound', 'Subtitle Options', 'Surround Sound', 'Family Sharing']",5813.0,,"Pick a character and team up with three friends ‘cause it’s time to save the world. Experience intense FPS action as you obliterate hordes of terrifying monsters! You may not be on the best team of mercenaries, but you are… a Toxic Commando!",False,game,47,85,58,55,60,Loved niche title,Underserved audience clue,Premium,Community / multiplayer audience,Paid upfront,Niche love - small but passionate audience,"['loved-by-players', 'social-retention-loop', 'fresh-release']",[],"John Carpenter's Toxic Commando is a loved niche title, opportunity score 60/100, 78% positive from 3,122 reviews, 209 current players.",Mine reviews for the exact language players use; niche love often exposes a product angle.
782,1162750,Songs of Syx,https://store.steampowered.com/app/1162750/Songs_of_Syx/,"Sep 21, 2020",$24.99,2499,0.0,Overwhelmingly Positive,95.0,5754.0,"['windows', 'mac', 'linux']",https://shared.fastly.steamstatic.com/store_item_assets/steam/apps/1162750/7824ff8a637dab6844df34535258810cefc97478/capsule_231x87_alt_assets_2.jpg?t=1774044993,2026-06-03T02:02:52.663Z,621.0,Gamatron AB,Gamatron AB,"['Casual', 'Indie', 'Simulation', 'Strategy', 'Early Access']","['Single-player', 'Steam Achievements', 'Steam Workshop', 'Steam Cloud', 'Includes level editor', 'Family Sharing']",7867.0,,"Songs of Syx is a fantasy city-builder with vast battles simulating thousands of citizens and soldiers. Start off as a small village and build, scheme, and fight your way towards a mighty empire. The mechanics are deep and true to life, where tiny events can spiral into the collapse of kingdoms.",False,game,51,100,60,45,64,Loved niche title,Underserved audience clue,Mid-market,Solo / narrative audience,Paid upfront,Comparable baseline,['loved-by-players'],[],"Songs of Syx is a loved niche title, opportunity score 64/100, 95% positive from 5,754 reviews, 621 current players.",Mine reviews for the exact language players use; niche love often exposes a product angle.
783,1107320,OUTBRK,https://store.steampowered.com/app/1107320/OUTBRK/,"Jun 28, 2024",$34.99,3499,0.0,Very Positive,80.0,2484.0,['windows'],https://shared.fastly.steamstatic.com/store_item_assets/steam/apps/1107320/capsule_231x87.jpg?t=1758038789,2026-06-03T02:02:52.663Z,117.0,Sublime,Sublime,"['Action', 'Adventure', 'Simulation', 'Strategy', 'Early Access']","['Single-player', 'Multi-player', 'Co-op', 'Online Co-op', 'Steam Achievements', 'Partial Controller Support', 'Family Sharing']",2909.0,,Storm Chasing Simulator,False,game,45,87,58,45,58,Loved niche title,Underserved audience clue,Premium,Community / multiplayer audience,Paid upfront,Niche love - small but passionate audience,"['loved-by-players', 'social-retention-loop']",[],"OUTBRK is a loved niche title, opportunity score 58/100, 80% positive from 2,484 reviews, 117 current players.",Mine reviews for the exact language players use; niche love often exposes a product angle.
784,4030870,Species: Unknown - Supporter Pack,https://store.steampowered.com/app/4030870/Species_Unknown__Supporter_Pack/,"Oct 23, 2025",$9.99,999,0.0,Very Positive,100.0,56.0,['windows'],https://shared.fastly.steamstatic.com/store_item_assets/steam/apps/4030870/7551c245c7a0f6ab5cd7ae94bce80191d7a8abc6/capsule_231x87.jpg?t=1779365181,2026-06-03T02:02:52.663Z,0.0,WanadevStudio,WanadevStudio,"['Action', 'Indie']","['Single-player', 'Multi-player', 'Co-op', 'Online Co-op', 'Downloadable Content', 'Full controller support', 'Family Sharing']",,,"Support Species: Unknown and unlock exclusive cosmetic content! Get a new helmet, armor emblems, face paints, hairstyles, and more while showing your love for the game and the studio.",False,dlc,19,100,73,45,55,Non-game / accessory listing,Catalog monitoring,Budget,Community / multiplayer audience,Paid upfront,Niche love - small but passionate audience,"['loved-by-players', 'social-retention-loop', 'non-game-dlc']","['low-review-confidence', 'not-a-standard-game']","Species: Unknown - Supporter Pack is a non-game / accessory listing, opportunity score 55/100, 100% positive from 56 reviews.","Keep for catalog awareness, but exclude from game competitor benchmarks."
785,1672970,Minecraft Dungeons,https://store.steampowered.com/app/1672970/Minecraft_Dungeons/,"Sep 22, 2021",$19.99,1999,0.0,Very Positive,91.0,6917.0,['windows'],https://shared.fastly.steamstatic.com/store_item_assets/steam/apps/1672970/capsule_231x87.jpg?t=1717003107,2026-06-03T02:02:52.663Z,405.0,Mojang Studios,Xbox Game Studios,"['Action', 'Adventure', 'RPG']","['Single-player', 'Multi-player', 'Co-op', 'Online Co-op', 'Shared/Split Screen Co-op', 'Shared/Split Screen', 'Cross-Platform Multiplayer', 'Steam Achievements', 'Full controller support', 'Steam Trading Cards', 'Family Sharing']",15373.0,,"Fight your way through an exciting action-adventure game, inspired by classic dungeon crawlers and set in the Minecraft universe!",False,game,52,99,68,45,66,Loved niche title,Underserved audience clue,Mid-market,Community / multiplayer audience,Paid upfront,Comparable baseline,"['loved-by-players', 'social-retention-loop']",[],"Minecraft Dungeons is a loved niche title, opportunity score 66/100, 91% positive from 6,917 reviews, 405 current players.",Mine reviews for the exact language players use; niche love often exposes a product angle.
786,1945340,Destiny 2: Lightfall,https://store.steampowered.com/app/1945340/Destiny_2_Lightfall/,"Feb 28, 2023",$29.99,2999,0.0,Mostly Negative,31.0,6396.0,['windows'],https://shared.fastly.steamstatic.com/store_item_assets/steam/apps/1945340/capsule_231x87.jpg?t=1765904449,2026-06-03T02:02:52.663Z,0.0,Bungie,Bungie,"['Action', 'Adventure', 'Free To Play']","['Single-player', 'Multi-player', 'PvP', 'Online PvP', 'Co-op', 'Online Co-op', 'Downloadable Content', 'Steam Achievements', 'Full controller support', 'In-App Purchases', 'Remote Play on Phone', 'Remote Play on Tablet', 'Remote Play on TV']",8201.0,,"The Witness is here. Uncover new rewards, master a new subclass, and explore Neptune, the new raid, and Lightfall’s Legendary Mode.",False,dlc,43,39,76,45,49,Non-game / accessory listing,Catalog monitoring,Mid-market,Community / multiplayer audience,Base game plus in-app purchases,Comparable baseline,"['iap-monetized', 'social-retention-loop', 'non-game-dlc']","['weak-player-sentiment', 'not-a-standard-game']","Destiny 2: Lightfall is a non-game / accessory listing, opportunity score 49/100, 31% positive from 6,396 reviews.","Keep for catalog awareness, but exclude from game competitor benchmarks."
787,32470,STAR WARS™ Empire at War - Gold Pack,https://store.steampowered.com/app/32470/STAR_WARS_Empire_at_War__Gold_Pack/,"May 25, 2010",$19.99,1999,0.0,Overwhelmingly Positive,97.0,26288.0,['windows'],https://shared.fastly.steamstatic.com/store_item_assets/steam/apps/32470/capsule_231x87.jpg?t=1741729002,2026-06-03T02:02:52.663Z,2112.0,Petroglyph,LucasArts,['Strategy'],"['Single-player', 'Multi-player', 'PvP', 'Online PvP', 'Steam Cloud', 'Family Sharing']",35477.0,,"Command or corrupt an entire galaxy in the definitive Star Wars strategy collection. It is a time of galactic civil war. Will you take up the reins of the Rebellion, assume control of the Empire, or rule the Star Wars Underworld?",False,game,57,100,68,45,68,Loved niche title,Underserved audience clue,Mid-market,Community / multiplayer audience,Paid upfront,Comparable baseline,"['loved-by-players', 'social-retention-loop']",[],"STAR WARS™ Empire at War - Gold Pack is a loved niche title, opportunity score 68/100, 97% positive from 26,288 reviews, 2,112 current players.",Mine reviews for the exact language players use; niche love often exposes a product angle.
788,4735150,Legend Pack - Rainbow Six Siege,https://store.steampowered.com/app/4735150/Legend_Pack__Rainbow_Six_Siege/,"Jun 2, 2026",$19.99,1999,0.0,,,,['windows'],https://shared.fastly.steamstatic.com/store_item_assets/steam/apps/4735150/ae981a5350d0501136ad0ab844253223cde0fab6/capsule_231x87.jpg?t=1780423252,2026-06-03T02:02:52.663Z,0.0,Ubisoft Montreal,Ubisoft,"['Action', 'Free To Play']","['Single-player', 'Multi-player', 'PvP', 'Online PvP', 'Co-op', 'Online Co-op', 'Downloadable Content', 'Full controller support', 'Steam Trading Cards', 'In-App Purchases', 'Remote Play on Phone', 'Remote Play on Tablet']",,,"Solid Snake has joined Rainbow Six Siege! Get this new operator, an epic 3D Operator Bundle, and 1,200 R6 Credits. This pack is only available until the end of the season, so get it before it’s gone!",False,dlc,9,35,76,55,38,Non-game / accessory listing,Catalog monitoring,Mid-market,Community / multiplayer audience,Base game plus in-app purchases,Comparable baseline,"['iap-monetized', 'social-retention-loop', 'fresh-release', 'non-game-dlc']","['review-data-missing-or-not-yet-established', 'not-a-standard-game']","Legend Pack - Rainbow Six Siege is a non-game / accessory listing, opportunity score 38/100.","Keep for catalog awareness, but exclude from game competitor benchmarks."
789,3681010,Nioh 3,https://store.steampowered.com/app/3681010/Nioh_3/,"Feb 5, 2026",$69.99,6999,0.0,Very Positive,81.0,4430.0,['windows'],https://shared.fastly.steamstatic.com/store_item_assets/steam/apps/3681010/19b0758706fefb5c06a6183365fd62dafe2bf914/capsule_231x87.jpg?t=1772090941,2026-06-03T02:02:52.663Z,606.0,"KOEI TECMO GAMES CO., LTD.","KOEI TECMO GAMES CO., LTD.","['Action', 'RPG']","['Single-player', 'Multi-player', 'Co-op', 'Online Co-op', 'Steam Achievements', 'Steam Trading Cards', 'Adjustable Text Size', 'Camera Comfort', 'Color Alternatives', 'Custom Volume Controls', 'Keyboard Only Option', 'Playable without Timed Input', 'Stereo Sound', 'Subtitle Options', 'Surround Sound', 'Partial Controller Support', 'Steam Cloud', 'Stats', 'Steam Leaderboards', 'Family Sharing']",10872.0,85.0,"In the third game in the dark samurai action RPG series Nioh, you will need to use both Samurai and Ninja combat styles in your battles against formidable yokai as you explore a thrilling open field.",False,game,50,89,48,45,58,Loved niche title,Underserved audience clue,High-ticket,Community / multiplayer audience,Paid upfront,Comparable baseline,"['loved-by-players', 'social-retention-loop']",[],"Nioh 3 is a loved niche title, opportunity score 58/100, 81% positive from 4,430 reviews, 606 current players.",Mine reviews for the exact language players use; niche love often exposes a product angle.
790,880940,Pummel Party,https://store.steampowered.com/app/880940/Pummel_Party/,"Sep 20, 2018",$14.99,1499,0.0,Very Positive,88.0,14333.0,['windows'],https://shared.fastly.steamstatic.com/store_item_assets/steam/apps/880940/capsule_231x87.jpg?t=1725311353,2026-06-03T02:02:52.663Z,864.0,Rebuilt Games,Rebuilt Games,"['Action', 'Casual', 'Indie']","['Single-player', 'Multi-player', 'PvP', 'Online PvP', 'Shared/Split Screen PvP', 'Shared/Split Screen', 'Steam Achievements', 'Full controller support', 'Steam Workshop', 'Includes level editor', 'Remote Play on Phone', 'Remote Play on Tablet', 'Remote Play on TV', 'Remote Play Together', 'Family Sharing']",45525.0,,Pummel Party is a 4-8 player online and local-multiplayer party game. Pummel friends or AI using a wide array of absurd items in the board mode and compete to destroy friendships in the unique collection of minigames.,False,game,55,96,68,45,66,Loved niche title,Underserved audience clue,Mid-market,Community / multiplayer audience,Paid upfront,Comparable baseline,"['loved-by-players', 'social-retention-loop']",[],"Pummel Party is a loved niche title, opportunity score 66/100, 88% positive from 14,333 reviews, 864 current players.",Mine reviews for the exact language players use; niche love often exposes a product angle.
791,2321470,Deep Rock Galactic: Survivor,https://store.steampowered.com/app/2321470/Deep_Rock_Galactic_Survivor/,"Sep 17, 2025",$12.99,1299,0.0,Very Positive,87.0,23574.0,['windows'],https://shared.fastly.steamstatic.com/store_item_assets/steam/apps/2321470/82a1a92836c83b32f83ceb8bff5f9133efb98442/capsule_231x87.jpg?t=1777569366,2026-06-03T02:02:52.663Z,1211.0,Funday Games,Ghost Ship Publishing,['Action'],"['Single-player', 'Steam Achievements', 'Full controller support', 'Steam Trading Cards', 'Camera Comfort', 'Custom Volume Controls', 'Adjustable Difficulty', 'Playable without Timed Input', 'Stereo Sound', 'Steam Cloud', 'Remote Play on TV', 'Family Sharing']",45566.0,,"DEEP ROCK GALACTIC: SURVIVOR is a single player survivor-like auto-shooter. Take on hordes of lethal aliens, mine riches, and unlock powerful upgrades to survive, as you wield the full arsenal of Deep Rock Galactic. It's one dwarf against all of Planet Hoxxes!",False,game,57,96,60,45,65,Loved niche title,Underserved audience clue,Mid-market,Solo / narrative audience,Paid upfront,Comparable baseline,['loved-by-players'],[],"Deep Rock Galactic: Survivor is a loved niche title, opportunity score 65/100, 87% positive from 23,574 reviews, 1,211 current players.",Mine reviews for the exact language players use; niche love often exposes a product angle.
792,756800,Contraband Police,https://store.steampowered.com/app/756800/Contraband_Police/,"Mar 8, 2023",$11.99,1199,60.0,Overwhelmingly Positive,95.0,10338.0,['windows'],https://shared.fastly.steamstatic.com/store_item_assets/steam/apps/756800/5f7bd2fc9a6dfeec747554ae70c07ed2f8d4b077/capsule_231x87.jpg?t=1779978009,2026-06-03T02:02:52.664Z,314.0,Crazy Rocks,PlayWay S.A.,"['Action', 'Adventure', 'Simulation']","['Single-player', 'Steam Achievements', 'Full controller support', 'Steam Cloud', 'Stats', 'Family Sharing']",23981.0,77.0,"Take over the duties of a border guard inspector in a communist country of the 80's. Smuggling, corruption and forgery are the order of the day here. Be vigilant and earn the respect of your superiors.",False,game,52,99,75,45,67,Commercially aggressive,Pricing/monetization benchmark,Promotional discount,Solo / narrative audience,Discount-driven sales,Comparable baseline,"['loved-by-players', 'aggressive-discounting']",[],"Contraband Police is a commercially aggressive, opportunity score 67/100, 95% positive from 10,338 reviews, 314 current players, 60% discount.","Compare discount depth, price tier, and monetization model against similar titles."
793,3561030,Rock Island,https://store.steampowered.com/app/3561030/Rock_Island/,"May 28, 2026",$5.39,539,10.0,Mixed,64.0,171.0,['windows'],https://shared.fastly.steamstatic.com/store_item_assets/steam/apps/3561030/75f3502def7a30d174e44b52d2679cf414cff7f0/capsule_231x87.jpg?t=1780019821,2026-06-03T02:02:52.664Z,1138.0,Silence Moon,Silence Moon,"['Casual', 'Indie', 'Strategy']","['Single-player', 'Steam Achievements', 'Steam Cloud', 'Stats', 'Family Sharing']",171.0,,"Lead your stone villagers to build an ever-growing tribe around a mysterious cube. Gather resources, create powerful builds, and maintain the cycle of growth as the entire system spirals into overwhelming floods of effects and numbers.",False,game,38,68,65,55,54,Standard competitor,Baseline market data,Budget,Solo / narrative audience,Paid upfront,Comparable baseline,['fresh-release'],['weak-player-sentiment'],"Rock Island is a standard competitor, opportunity score 54/100, 64% positive from 171 reviews, 1,138 current players, 10% discount.",Use as baseline competitor data; enrich with reviews for deeper sentiment intelligence.
794,1712350,Riven,https://store.steampowered.com/app/1712350/Riven/,"Jun 25, 2024",$20.99,2099,40.0,Very Positive,93.0,2190.0,"['windows', 'mac', 'vr']",https://shared.fastly.steamstatic.com/store_item_assets/steam/apps/1712350/dff33807411368be64bcad72f7486350b223d91a/capsule_231x87.jpg?t=1777585628,2026-06-03T02:02:52.664Z,44.0,"Cyan Worlds, Inc.","Cyan Worlds, Inc.","['Adventure', 'Casual', 'Indie']","['Single-player', 'Steam Achievements', 'Full controller support', 'Tracked Controller Support', 'VR Supported', 'Captions available', 'Camera Comfort', 'Color Alternatives', 'Custom Volume Controls', 'Playable without Timed Input', 'Save Anytime', 'Stereo Sound', 'Surround Sound', 'Steam Cloud', 'Remote Play on TV', 'HDR available', 'Family Sharing']",2651.0,86.0,"Uncover a story of intrigue, betrayal, and a civilization teetering on the brink of collapse as you solve intricate puzzles to unlock the secrets of Riven. Built from the ground-up and expanded from the award-winning original game released in 1997.",False,game,43,98,75,45,64,Commercially aggressive,Pricing/monetization benchmark,Promotional discount,Solo / narrative audience,Paid upfront,Niche love - small but passionate audience,['loved-by-players'],[],"Riven is a commercially aggressive, opportunity score 64/100, 93% positive from 2,190 reviews, 44 current players, 40% discount.","Compare discount depth, price tier, and monetization model against similar titles."
795,631510,Devil May Cry HD Collection,https://store.steampowered.com/app/631510/Devil_May_Cry_HD_Collection/,"Mar 13, 2018",$29.99,2999,0.0,Very Positive,93.0,8158.0,['windows'],https://shared.fastly.steamstatic.com/store_item_assets/steam/apps/631510/capsule_231x87.jpg?t=1768869867,2026-06-03T02:02:52.664Z,1648.0,"CAPCOM Co., Ltd.","CAPCOM Co., Ltd.",['Action'],"['Single-player', 'Steam Achievements', 'Full controller support', 'Steam Trading Cards', 'Remote Play on TV', 'Family Sharing']",17289.0,,"The popular stylish action games Devil May Cry, Devil May Cry 2, and Devil May Cry 3 Special Edition return in one collection!",False,game,53,100,60,45,65,Loved niche title,Underserved audience clue,Mid-market,Solo / narrative audience,Paid upfront,Comparable baseline,['loved-by-players'],[],"Devil May Cry HD Collection is a loved niche title, opportunity score 65/100, 93% positive from 8,158 reviews, 1,648 current players.",Mine reviews for the exact language players use; niche love often exposes a product angle.
796,29720,Guild Wars® Reforged,https://store.steampowered.com/app/29720/Guild_Wars_Reforged/,"Dec 3, 2025",$19.99,1999,0.0,Very Positive,87.0,2218.0,['windows'],https://shared.fastly.steamstatic.com/store_item_assets/steam/apps/29720/0e078ab074929d6126cbc864af78ef65ee173956/capsule_231x87.jpg?t=1775256367,2026-06-03T02:02:52.664Z,447.0,ArenaNet®,ArenaNet®,"['Action', 'Adventure', 'Massively Multiplayer', 'RPG']","['Single-player', 'Multi-player', 'MMO', 'PvP', 'Online PvP', 'Co-op', 'Online Co-op', 'Full controller support', 'In-App Purchases', 'Adjustable Text Size', 'Custom Volume Controls', 'Keyboard Only Option', 'Playable without Timed Input', 'Stereo Sound', 'Subtitle Options', 'Surround Sound', 'Family Sharing']",2958.0,,"Step into Guild Wars Reforged, the award-winning online roleplaying game enjoyed by millions, now re-energized with system enhancements and Steam Deck verified. Experience the complete saga— from the fall of Ascalon to the desperate stand against Nightfall. Your adventure is just getting started!",False,game,46,94,76,45,64,Commercially aggressive,Pricing/monetization benchmark,Mid-market,Community / multiplayer audience,Base game plus in-app purchases,Niche love - small but passionate audience,"['loved-by-players', 'iap-monetized', 'social-retention-loop']",[],"Guild Wars® Reforged is a commercially aggressive, opportunity score 64/100, 87% positive from 2,218 reviews, 447 current players.","Compare discount depth, price tier, and monetization model against similar titles."
797,1931770,Chants of Sennaar,https://store.steampowered.com/app/1931770/Chants_of_Sennaar/,"Sep 5, 2023",$11.99,1199,40.0,Overwhelmingly Positive,98.0,12186.0,['windows'],https://shared.fastly.steamstatic.com/store_item_assets/steam/apps/1931770/capsule_231x87.jpg?t=1774006124,2026-06-03T02:02:52.664Z,192.0,Rundisc,Focus Entertainment,"['Adventure', 'Indie']","['Single-player', 'Steam Achievements', 'Full controller support', 'Steam Trading Cards', 'Camera Comfort', 'Custom Volume Controls', 'Mouse Only Option', 'Save Anytime', 'Touch Only Option', 'Steam Cloud', 'Family Sharing']",27582.0,86.0,"In this award-winning puzzle adventure game, play as the Traveler on a quest to reunite the Peoples of the Tower. Observe, listen, and decipher ancient languages in a fascinating universe inspired by the Myth of Babel.",False,game,52,100,75,45,67,Commercially aggressive,Pricing/monetization benchmark,Promotional discount,Solo / narrative audience,Paid upfront,Comparable baseline,['loved-by-players'],[],"Chants of Sennaar is a commercially aggressive, opportunity score 67/100, 98% positive from 12,186 reviews, 192 current players, 40% discount.","Compare discount depth, price tier, and monetization model against similar titles."
798,1674200,Alaska Gold Fever,https://store.steampowered.com/app/1674200/Alaska_Gold_Fever/,"Apr 14, 2026",$13.42,1342,21.0,Mostly Positive,79.0,755.0,['windows'],https://shared.fastly.steamstatic.com/store_item_assets/steam/apps/1674200/2d9fc7deaf316e36111d9209fbac3fa78015d1a2/capsule_231x87.jpg?t=1780179629,2026-06-03T02:02:52.664Z,260.0,Baked Games,Baked Games S.A.,"['Action', 'Adventure', 'Casual', 'Indie', 'RPG', 'Simulation', 'Strategy']","['Single-player', 'Steam Achievements', 'Full controller support', 'Steam Cloud', 'Family Sharing']",755.0,,"Step into the role of a gold prospector during the Alaskan gold rush and build your own empire from scratch. Mine resources, refine different forms of gold, and upgrade your tools to increase efficiency. Explore diverse mines, survive the harsh climate, and complete engaging story and side quests!",False,game,41,85,60,55,59,Loved niche title,Underserved audience clue,Mid-market,Solo / narrative audience,Paid upfront,Niche love - small but passionate audience,"['loved-by-players', 'fresh-release']",[],"Alaska Gold Fever is a loved niche title, opportunity score 59/100, 79% positive from 755 reviews, 260 current players, 21% discount.",Mine reviews for the exact language players use; niche love often exposes a product angle.
799,728880,Overcooked! 2,https://store.steampowered.com/app/728880/Overcooked_2/,"Aug 7, 2018",$24.99,2499,0.0,Very Positive,93.0,14259.0,"['windows', 'mac', 'linux']",https://shared.fastly.steamstatic.com/store_item_assets/steam/apps/728880/capsule_231x87.jpg?t=1778743796,2026-06-03T02:03:42.935Z,1133.0,Ghost Town Games Ltd.,Team17,"['Action', 'Casual', 'Indie']","['Single-player', 'Multi-player', 'PvP', 'Online PvP', 'Shared/Split Screen PvP', 'Co-op', 'Online Co-op', 'Shared/Split Screen Co-op', 'Shared/Split Screen', 'Steam Achievements', 'Full controller support', 'Steam Trading Cards', 'Steam Cloud', 'Remote Play on Phone', 'Remote Play on Tablet', 'Remote Play on TV', 'Remote Play Together', 'Family Sharing']",59887.0,81.0,Overcooked returns with a brand-new helping of chaotic cooking action! Journey back to the Onion Kingdom and assemble your team of chefs in classic couch co-op or online play for up to four players. Hold onto your aprons… it’s time to save the world again!,False,game,55,98,68,45,66,Loved niche title,Underserved audience clue,Mid-market,Community / multiplayer audience,Paid upfront,Comparable baseline,"['loved-by-players', 'social-retention-loop']",[],"Overcooked! 2 is a loved niche title, opportunity score 66/100, 93% positive from 14,259 reviews, 1,133 current players.",Mine reviews for the exact language players use; niche love often exposes a product angle.
800,1176470,Terra Invicta,https://store.steampowered.com/app/1176470/Terra_Invicta/,"Jan 5, 2026",$23.99,2399,40.0,Very Positive,82.0,6204.0,['windows'],https://shared.fastly.steamstatic.com/store_item_assets/steam/apps/1176470/fce27a17721e0d8f2fff4ee712a497ed66bb1432/capsule_231x87.jpg?t=1779785649,2026-06-03T02:03:42.935Z,570.0,Pavonis Interactive,Hooded Horse,"['Simulation', 'Strategy']","['Single-player', 'Steam Achievements', 'Steam Trading Cards', 'Steam Workshop', 'Adjustable Text Size', 'Camera Comfort', 'Custom Volume Controls', 'Adjustable Difficulty', 'Mouse Only Option', 'Playable without Timed Input', 'Save Anytime', 'Steam Cloud', 'Family Sharing']",8497.0,83.0,"An alien invasion has fractured humanity into seven ideological factions each with a unique vision for the future. Lead your chosen faction to take control of Earth’s nations, expand across the Solar System, and battle enemy fleets in tactical combat.",False,game,50,90,75,45,64,Commercially aggressive,Pricing/monetization benchmark,Promotional discount,Solo / narrative audience,Paid upfront,Comparable baseline,['loved-by-players'],[],"Terra Invicta is a commercially aggressive, opportunity score 64/100, 82% positive from 6,204 reviews, 570 current players, 40% discount.","Compare discount depth, price tier, and monetization model against similar titles."
801,1043810,Tactical Breach Wizards,https://store.steampowered.com/app/1043810/Tactical_Breach_Wizards/,"Aug 22, 2024",$11.99,1199,40.0,Overwhelmingly Positive,97.0,10120.0,['windows'],https://shared.fastly.steamstatic.com/store_item_assets/steam/apps/1043810/capsule_231x87.jpg?t=1777560473,2026-06-03T02:03:42.935Z,112.0,Suspicious Developments,Suspicious Developments,"['Adventure', 'Indie', 'RPG', 'Strategy']","['Single-player', 'Steam Achievements', 'Full controller support', 'Steam Workshop', 'Steam Cloud', 'Includes level editor', 'Family Sharing']",11090.0,87.0,"In Tactical Breach Wizards, you lead a team of renegade wizards in kevlar through turn-based battles to unravel a modern conspiracy plot. Combine their unique spells in clever ways, or rewind time to try every crazy plan you can think of to punch a Traffic Warlock through a 4th story window.",False,game,49,100,75,45,66,Commercially aggressive,Pricing/monetization benchmark,Promotional discount,Solo / narrative audience,Paid upfront,Niche love - small but passionate audience,['loved-by-players'],[],"Tactical Breach Wizards is a commercially aggressive, opportunity score 66/100, 97% positive from 10,120 reviews, 112 current players, 40% discount.","Compare discount depth, price tier, and monetization model against similar titles."
802,287700,METAL GEAR SOLID V: THE PHANTOM PAIN,https://store.steampowered.com/app/287700/METAL_GEAR_SOLID_V_THE_PHANTOM_PAIN/,"Sep 1, 2015",$19.99,1999,0.0,Very Positive,92.0,41545.0,['windows'],https://shared.fastly.steamstatic.com/store_item_assets/steam/apps/287700/capsule_231x87.jpg?t=1778872866,2026-06-03T02:03:42.935Z,975.0,KONAMI,KONAMI,"['Action', 'Adventure']","['Single-player', 'Multi-player', 'Steam Achievements', 'Full controller support', 'Steam Trading Cards', 'Captions available', 'In-App Purchases', 'Steam Cloud', 'Steam Leaderboards', 'Remote Play on Phone', 'Remote Play on Tablet', 'Remote Play on TV', 'Family Sharing']",71896.0,91.0,"Ushering in a new era for the METAL GEAR franchise with cutting-edge technology powered by the Fox Engine, METAL GEAR SOLID V: The Phantom Pain, will provide players a first-rate gaming experience as they are offered tactical freedom to carry out open-world missions.",False,game,58,100,76,45,70,Commercially aggressive,Pricing/monetization benchmark,Mid-market,Community / multiplayer audience,Base game plus in-app purchases,Comparable baseline,"['loved-by-players', 'iap-monetized', 'social-retention-loop']",[],"METAL GEAR SOLID V: THE PHANTOM PAIN is a commercially aggressive, opportunity score 70/100, 92% positive from 41,545 reviews, 975 current players.","Compare discount depth, price tier, and monetization model against similar titles."
803,1708010,The Expanse: A Telltale Series,https://store.steampowered.com/app/1708010/The_Expanse_A_Telltale_Series/,"Nov 20, 2023",$9.99,999,60.0,Mostly Positive,74.0,1558.0,['windows'],https://shared.fastly.steamstatic.com/store_item_assets/steam/apps/1708010/capsule_231x87.jpg?t=1762798055,2026-06-03T02:03:42.935Z,19.0,Deck Nine,Telltale,"['Adventure', 'RPG']","['Single-player', 'Steam Achievements', 'Partial Controller Support', 'Family Sharing']",2278.0,75.0,"Take on the role of Camina Drummer and explore the dangerous, uncharted edges of the Belt. From scavenging wrecked ships in a zero-g environment, to combating fearsome pirates, you make the difficult choices in this latest Telltale adventure. All five episodes playable at launch!",False,game,41,80,80,45,59,Commercially aggressive,Pricing/monetization benchmark,Promotional discount,Solo / narrative audience,Discount-driven sales,Comparable baseline,['aggressive-discounting'],[],"The Expanse: A Telltale Series is a commercially aggressive, opportunity score 59/100, 74% positive from 1,558 reviews, 19 current players, 60% discount.","Compare discount depth, price tier, and monetization model against similar titles."
804,1250410,Microsoft Flight Simulator (2020) 40th Anniversary Edition,https://store.steampowered.com/app/1250410/Microsoft_Flight_Simulator_2020_40th_Anniversary_Edition/,"Aug 17, 2020",$59.99,5999,0.0,Mostly Positive,78.0,43718.0,"['windows', 'vr']",https://shared.fastly.steamstatic.com/store_item_assets/steam/apps/1250410/capsule_231x87.jpg?t=1777409972,2026-06-03T02:03:42.935Z,2053.0,Asobo Studio,Xbox Game Studios,['Simulation'],"['Single-player', 'Multi-player', 'Steam Achievements', 'Full controller support', 'VR Supported', 'In-App Purchases', 'HDR available', 'Family Sharing']",68829.0,91.0,"From gliders and helicopters to wide-body jets, fly highly detailed and accurate aircraft in the Microsoft Flight Simulator 40th Anniversary Edition. The world is at your fingertips.",False,game,59,90,66,45,65,Loved niche title,Underserved audience clue,Premium,Community / multiplayer audience,Base game plus in-app purchases,Comparable baseline,"['loved-by-players', 'iap-monetized', 'social-retention-loop']",[],"Microsoft Flight Simulator (2020) 40th Anniversary Edition is a loved niche title, opportunity score 65/100, 78% positive from 43,718 reviews, 2,053 current players.",Mine reviews for the exact language players use; niche love often exposes a product angle.
805,2721340,Last Flag,https://store.steampowered.com/app/2721340/Last_Flag/,"Apr 14, 2026",$7.49,749,50.0,Mostly Positive,74.0,504.0,['windows'],https://shared.fastly.steamstatic.com/store_item_assets/steam/apps/2721340/24263a52dea0d9767f0a67914c7a4b5be747b282/capsule_231x87.jpg?t=1780413568,2026-06-03T02:03:42.935Z,49.0,Night Street Games,Night Street Games,['Action'],"['Multi-player', 'PvP', 'Online PvP', 'Steam Achievements', 'Full controller support', 'Camera Comfort', 'Color Alternatives', 'Custom Volume Controls', 'Stereo Sound', 'Family Sharing']",504.0,,"Hide your flag. Find the enemy flag. Run it back, then defend for a minute to win it. Welcome to Last Flag: a fast-paced 5v5 shooter with showstopping contestants, set in a televised competition where strategy, teamwork, and chaos blend in the ultimate game of Capture the Flag.",False,game,37,79,88,55,61,Commercially aggressive,Pricing/monetization benchmark,Promotional discount,Community / multiplayer audience,Discount-driven sales,Comparable baseline,"['aggressive-discounting', 'social-retention-loop', 'fresh-release']",[],"Last Flag is a commercially aggressive, opportunity score 61/100, 74% positive from 504 reviews, 49 current players, 50% discount.","Compare discount depth, price tier, and monetization model against similar titles."
806,1146960,Frostpunk: The Last Autumn,https://store.steampowered.com/app/1146960/Frostpunk_The_Last_Autumn/,"Jan 21, 2020",$1.69,169,90.0,Mostly Positive,75.0,1460.0,"['windows', 'mac']",https://shared.fastly.steamstatic.com/store_item_assets/steam/apps/1146960/capsule_231x87.jpg?t=1727865885,2026-06-03T02:03:42.935Z,0.0,11 bit studios,11 bit studios,"['Simulation', 'Strategy']","['Single-player', 'Downloadable Content', 'Steam Achievements', 'Steam Trading Cards', 'Steam Cloud', 'Family Sharing']",1460.0,,"The Last Autumn vastly expands Frostpunk's universe by introducing brand new scenario along with game-changing mechanics and unique architecture, while broadening the game’s lore and narrative.",False,dlc,36,81,90,45,60,Non-game / accessory listing,Catalog monitoring,Deep discount,Solo / narrative audience,Discount-driven sales,Price pressure - competitor likely using discounts to drive rank,"['aggressive-discounting', 'non-game-dlc']",['not-a-standard-game'],"Frostpunk: The Last Autumn is a non-game / accessory listing, opportunity score 60/100, 75% positive from 1,460 reviews, 90% discount.","Keep for catalog awareness, but exclude from game competitor benchmarks."
807,1573360,Infinity Kingdom,https://store.steampowered.com/app/1573360/Infinity_Kingdom/,"Jul 1, 2021",Free,0,,Mixed,54.0,1171.0,"['windows', 'mac']",https://shared.fastly.steamstatic.com/store_item_assets/steam/apps/1573360/capsule_231x87.jpg?t=1761837583,2026-06-03T02:03:42.935Z,351.0,YOUZU (SINGAPORE) PTE. LTD.,YOUZU (SINGAPORE) PTE. LTD.,"['Adventure', 'Free To Play', 'Massively Multiplayer', 'Strategy']","['Single-player', 'Multi-player', 'MMO', 'PvP', 'Online PvP', 'Cross-Platform Multiplayer', 'In-App Purchases']",,,"Conquer the city, discover the Infinity! Infinity Kingdom is a cartoon-style mmo strategy game. As a resourceful lord, you must defend the land of Norheim against the evil gnomes while protecting yourself from other invading players!",True,game,32,60,78,45,51,Commercially aggressive,Pricing/monetization benchmark,Free-to-play,Community / multiplayer audience,Base game plus in-app purchases,Comparable baseline,"['free-to-play', 'iap-monetized', 'social-retention-loop']",['weak-player-sentiment'],"Infinity Kingdom is a commercially aggressive, opportunity score 51/100, 54% positive from 1,171 reviews, 351 current players.","Compare discount depth, price tier, and monetization model against similar titles."
808,4173620,I Know a Guy: Shady Life Simulator,https://store.steampowered.com/app/4173620/I_Know_a_Guy_Shady_Life_Simulator/,"Apr 1, 2026",$12.99,1299,0.0,Very Positive,89.0,266.0,['windows'],https://shared.fastly.steamstatic.com/store_item_assets/steam/apps/4173620/2d86413a1135b5fd0e027d027ff569c8fc628101/capsule_231x87.jpg?t=1775230102,2026-06-03T02:03:42.935Z,139.0, Bunch'o'Nerds, Bunch'o'Nerds,"['Simulation', 'Early Access']","['Single-player', 'Multi-player', 'Co-op', 'Online Co-op', 'Steam Achievements', 'Camera Comfort', 'Playable without Timed Input', 'Save Anytime', 'Stereo Sound', 'Steam Cloud', 'Family Sharing']",266.0,,Run your pizza shop up front and handle shady business out back. Help hand-crafted NPCs with favors that never go as planned. Play solo or online co-op with up to four players and expand your operation across Hobarey Town. In this darkly comedic management sim - become that guy everyone knows.,False,game,36,94,68,55,61,Loved niche title,Underserved audience clue,Mid-market,Community / multiplayer audience,Paid upfront,Niche love - small but passionate audience,"['loved-by-players', 'social-retention-loop', 'fresh-release']",[],"I Know a Guy: Shady Life Simulator is a loved niche title, opportunity score 61/100, 89% positive from 266 reviews, 139 current players.",Mine reviews for the exact language players use; niche love often exposes a product angle.
809,2975950,Solasta II,https://store.steampowered.com/app/2975950/Solasta_II/,"Mar 12, 2026",$39.99,3999,0.0,Mostly Positive,76.0,1424.0,['windows'],https://shared.fastly.steamstatic.com/store_item_assets/steam/apps/2975950/af1dc02431cdfae5c644773cc0714a8128b45fc7/capsule_231x87.jpg?t=1775116318,2026-06-03T02:03:42.935Z,68.0,Tactical Adventures,Tactical Adventures,"['Adventure', 'Indie', 'RPG', 'Strategy', 'Early Access']","['Single-player', 'Full controller support', 'Camera Comfort', 'Color Alternatives', 'Custom Volume Controls', 'Adjustable Difficulty', 'Playable without Timed Input', 'Save Anytime', 'Stereo Sound', 'Subtitle Options', 'Family Sharing']",2454.0,,"In a Mana-infused land, a dark force led by the enigmatic Shadwyn threatens Neokos. Bring your party of adventurers together across perilous realms in this Turn-Based Tactical RPG based on the SRD 5.2 ruleset. You make the choices, dice decide your destiny.",False,game,42,82,50,55,56,Standard competitor,Baseline market data,Premium,Solo / narrative audience,Paid upfront,Comparable baseline,['fresh-release'],[],"Solasta II is a standard competitor, opportunity score 56/100, 76% positive from 1,424 reviews, 68 current players.",Use as baseline competitor data; enrich with reviews for deeper sentiment intelligence.
810,431730,Aseprite,https://store.steampowered.com/app/431730/Aseprite/,"Feb 22, 2016",$19.99,1999,0.0,Overwhelmingly Positive,99.0,11709.0,"['windows', 'mac', 'linux']",https://shared.fastly.steamstatic.com/store_item_assets/steam/apps/431730/capsule_231x87.jpg?t=1749680273,2026-06-03T02:03:42.935Z,5398.0,Igara Studio,Igara Studio,"['Animation & Modeling', 'Design & Illustration', 'Game Development']",[],20480.0,,"Aseprite is a pixel-art tool to create 2D animations, sprites, and any kind of graphics for games.",False,game,55,100,60,45,65,Loved niche title,Underserved audience clue,Mid-market,General Steam audience,Paid upfront,Comparable baseline,['loved-by-players'],[],"Aseprite is a loved niche title, opportunity score 65/100, 99% positive from 11,709 reviews, 5,398 current players.",Mine reviews for the exact language players use; niche love often exposes a product angle.
811,2373990,Solo Leveling: ARISE OVERDRIVE,https://store.steampowered.com/app/2373990/Solo_Leveling_ARISE_OVERDRIVE/,"Nov 24, 2025",$39.99,3999,0.0,Mostly Positive,76.0,2845.0,['windows'],https://shared.fastly.steamstatic.com/store_item_assets/steam/apps/2373990/0dcee177a49226128b2b90c0b98652079a303d4b/capsule_231x87.jpg?t=1773379045,2026-06-03T02:03:42.935Z,305.0,Netmarble Neo,Netmarble,"['Action', 'RPG']","['Single-player', 'Multi-player', 'Co-op', 'Online Co-op', 'Full controller support', 'Steam Cloud', 'Family Sharing']",6681.0,,"Solo Leveling, the webtoon with 14.3 billion views worldwide, is now an action RPG game! Help our hero grow from his humble E-Rank beginnings.",False,game,47,83,58,45,58,Standard competitor,Baseline market data,Premium,Community / multiplayer audience,Paid upfront,Comparable baseline,['social-retention-loop'],[],"Solo Leveling: ARISE OVERDRIVE is a standard competitor, opportunity score 58/100, 76% positive from 2,845 reviews, 305 current players.",Use as baseline competitor data; enrich with reviews for deeper sentiment intelligence.
812,976310,Mortal Kombat 11,https://store.steampowered.com/app/976310/Mortal_Kombat_11/,"Apr 23, 2019",$49.99,4999,0.0,Very Positive,86.0,25604.0,['windows'],https://shared.fastly.steamstatic.com/store_item_assets/steam/apps/976310/capsule_231x87.jpg?t=1780429525,2026-06-03T02:03:42.935Z,1376.0,NetherRealm Studios,Warner Bros. Games,['Action'],"['Single-player', 'Multi-player', 'PvP', 'Online PvP', 'Shared/Split Screen PvP', 'Steam Achievements', 'Full controller support', 'Steam Trading Cards', 'In-App Purchases', 'Custom Volume Controls', 'Keyboard Only Option', 'Narrated Game Menus', 'Stereo Sound', 'Surround Sound', 'Steam Cloud', 'Remote Play on Phone', 'Remote Play on Tablet', 'Remote Play on TV', 'Remote Play Together', 'HDR available', 'Family Sharing']",85569.0,82.0,Mortal Kombat is back and better than ever in the next evolution of the iconic franchise.,False,game,57,94,66,45,66,Loved niche title,Underserved audience clue,Premium,Community / multiplayer audience,Base game plus in-app purchases,Comparable baseline,"['loved-by-players', 'iap-monetized', 'social-retention-loop']",[],"Mortal Kombat 11 is a loved niche title, opportunity score 66/100, 86% positive from 25,604 reviews, 1,376 current players.",Mine reviews for the exact language players use; niche love often exposes a product angle.
813,3450310,Europa Universalis V,https://store.steampowered.com/app/3450310/Europa_Universalis_V/,"Nov 4, 2025",$59.99,5999,0.0,Mostly Positive,71.0,12805.0,['windows'],https://shared.fastly.steamstatic.com/store_item_assets/steam/apps/3450310/93b862c08fd1033ce08c015c62c1d3a0c2bf10f0/capsule_231x87_alt_assets_1.jpg?t=1779286100,2026-06-03T02:03:42.935Z,4422.0,Paradox Tinto,Paradox Interactive,['Strategy'],"['Single-player', 'Multi-player', 'PvP', 'Online PvP', 'Co-op', 'Online Co-op', 'Steam Achievements', 'Steam Trading Cards', 'Steam Workshop', 'Steam Cloud', 'Family Sharing']",23722.0,,"Use war, trade or diplomacy to satisfy your grandest ambitions and dominate five centuries of history in the newest version of Europa Universalis, Paradox Interactive's flagship historical grand strategy game.",False,game,55,79,58,45,60,Standard competitor,Baseline market data,Premium,Community / multiplayer audience,Paid upfront,Comparable baseline,['social-retention-loop'],[],"Europa Universalis V is a standard competitor, opportunity score 60/100, 71% positive from 12,805 reviews, 4,422 current players.",Use as baseline competitor data; enrich with reviews for deeper sentiment intelligence.
814,2674290,Kings Call,https://store.steampowered.com/app/2674290/Kings_Call/,"Dec 25, 2023",Free,0,,Mixed,63.0,555.0,"['windows', 'mac']",https://shared.fastly.steamstatic.com/store_item_assets/steam/apps/2674290/capsule_231x87.jpg?t=1750666208,2026-06-03T02:03:42.935Z,303.0,X Star Game Limited,X Star Game Limited,"['Massively Multiplayer', 'RPG', 'Strategy']","['Single-player', 'Multi-player', 'MMO', 'PvP', 'Online PvP', 'Co-op', 'Online Co-op', 'In-App Purchases']",,,"Collect an array of creature and skill cards through quests, upgrades and trading, and craft your ultimate deck by choosing your favorite cards and prepare for epic battles. Dive into the exhilaration of strategic gameplay and let your inner tactician shine to outsmart your opponents!",True,game,31,68,78,45,52,Commercially aggressive,Pricing/monetization benchmark,Free-to-play,Community / multiplayer audience,Base game plus in-app purchases,Comparable baseline,"['free-to-play', 'iap-monetized', 'social-retention-loop']",['weak-player-sentiment'],"Kings Call is a commercially aggressive, opportunity score 52/100, 63% positive from 555 reviews, 303 current players.","Compare discount depth, price tier, and monetization model against similar titles."
815,824270,KovaaK's,https://store.steampowered.com/app/824270/KovaaKs/,"Apr 3, 2018",$9.99,999,0.0,Very Positive,93.0,22194.0,['windows'],https://shared.fastly.steamstatic.com/store_item_assets/steam/apps/824270/capsule_231x87.jpg?t=1774631479,2026-06-03T02:03:42.935Z,2026.0,KovaaK Games,KovaaK Games,"['Action', 'Indie', 'Simulation']","['Single-player', 'Steam Achievements', 'Steam Workshop', 'Stats', 'Steam Leaderboards', 'Includes level editor', 'Family Sharing']",36392.0,,"Master your aim with KovaaK’s, the world’s best aim trainer. With over 200,000 scenarios, playlists and more! Embrace total customization, including a map editor and game physics. More than just a trainer, it’s a dynamic, community-driven platform that elevates your gameplay.",False,game,56,100,65,45,67,Loved niche title,Underserved audience clue,Budget,Solo / narrative audience,Paid upfront,Comparable baseline,['loved-by-players'],[],"KovaaK's is a loved niche title, opportunity score 67/100, 93% positive from 22,194 reviews, 2,026 current players.",Mine reviews for the exact language players use; niche love often exposes a product angle.
816,1020790,NARUTO X BORUTO Ultimate Ninja STORM CONNECTIONS,https://store.steampowered.com/app/1020790/NARUTO_X_BORUTO_Ultimate_Ninja_STORM_CONNECTIONS/,"Nov 16, 2023",$23.99,2399,60.0,Mixed,56.0,1352.0,['windows'],https://shared.fastly.steamstatic.com/store_item_assets/steam/apps/1020790/capsule_231x87.jpg?t=1727301927,2026-06-03T02:03:42.935Z,203.0,,,[],[],,,,,,32,62,75,45,51,Commercially aggressive,Pricing/monetization benchmark,Promotional discount,General Steam audience,Discount-driven sales,Comparable baseline,['aggressive-discounting'],['weak-player-sentiment'],"NARUTO X BORUTO Ultimate Ninja STORM CONNECTIONS is a commercially aggressive, opportunity score 51/100, 56% positive from 1,352 reviews, 203 current players, 60% discount.","Compare discount depth, price tier, and monetization model against similar titles."
817,558990,Opus Magnum,https://store.steampowered.com/app/558990/Opus_Magnum/,"Dec 7, 2017",$9.99,999,50.0,Overwhelmingly Positive,97.0,3403.0,"['windows', 'mac', 'linux']",https://shared.fastly.steamstatic.com/store_item_assets/steam/apps/558990/c2c8cce73d865f9c2a6f09328566e0c3f07ffde3/capsule_231x87.jpg?t=1774910584,2026-06-03T02:03:42.935Z,245.0,,,[],[],,,,,,34,100,80,45,62,Commercially aggressive,Pricing/monetization benchmark,Promotional discount,General Steam audience,Discount-driven sales,Niche love - small but passionate audience,"['loved-by-players', 'aggressive-discounting']",[],"Opus Magnum is a commercially aggressive, opportunity score 62/100, 97% positive from 3,403 reviews, 245 current players, 50% discount.","Compare discount depth, price tier, and monetization model against similar titles."
818,335300,DARK SOULS™ II: Scholar of the First Sin,https://store.steampowered.com/app/335300/DARK_SOULS_II_Scholar_of_the_First_Sin/,"Apr 1, 2015",$39.99,3999,0.0,Very Positive,83.0,34200.0,['windows'],https://shared.fastly.steamstatic.com/store_item_assets/steam/apps/335300/capsule_231x87.jpg?t=1760721873,2026-06-03T02:03:42.935Z,1812.0,,,[],[],,,,,,42,92,50,45,57,Loved niche title,Underserved audience clue,Premium,General Steam audience,Paid upfront,Niche love - small but passionate audience,['loved-by-players'],[],"DARK SOULS™ II: Scholar of the First Sin is a loved niche title, opportunity score 57/100, 83% positive from 34,200 reviews, 1,812 current players.",Mine reviews for the exact language players use; niche love often exposes a product angle.
819,3657890,NBA 2K26 Hall of Fame Pass: Season 7,https://store.steampowered.com/app/3657890/NBA_2K26_Hall_of_Fame_Pass_Season_7/,"May 15, 2026",$19.99,1999,0.0,Negative,5.0,39.0,['windows'],https://shared.fastly.steamstatic.com/store_item_assets/steam/apps/3657890/9279ac4cadc89e28dcada7b839602fbc2660efa8/capsule_231x87.jpg?t=1778857271,2026-06-03T02:03:42.936Z,0.0,,,[],[],,,,,,17,8,60,55,31,Standard competitor,Baseline market data,Mid-market,General Steam audience,Paid upfront,Comparable baseline,['fresh-release'],"['weak-player-sentiment', 'low-review-confidence']","NBA 2K26 Hall of Fame Pass: Season 7 is a standard competitor, opportunity score 31/100, 5% positive from 39 reviews.",Use as baseline competitor data; enrich with reviews for deeper sentiment intelligence.
820,2175540,DRAGON QUEST MONSTERS: The Dark Prince,https://store.steampowered.com/app/2175540/DRAGON_QUEST_MONSTERS_The_Dark_Prince/,"Sep 11, 2024",$39.99,3999,0.0,Mostly Positive,74.0,899.0,['windows'],https://shared.fastly.steamstatic.com/store_item_assets/steam/apps/2175540/capsule_231x87.jpg?t=1775105751,2026-06-03T02:03:42.936Z,1817.0,,,[],[],,,,,,34,80,50,45,51,Standard competitor,Baseline market data,Premium,General Steam audience,Paid upfront,Comparable baseline,[],[],"DRAGON QUEST MONSTERS: The Dark Prince is a standard competitor, opportunity score 51/100, 74% positive from 899 reviews, 1,817 current players.",Use as baseline competitor data; enrich with reviews for deeper sentiment intelligence.
821,460930,Tom Clancy's Ghost Recon® Wildlands,https://store.steampowered.com/app/460930/Tom_Clancys_Ghost_Recon_Wildlands/,"Mar 6, 2017",$49.99,4999,0.0,Very Positive,80.0,37448.0,['windows'],https://shared.fastly.steamstatic.com/store_item_assets/steam/apps/460930/capsule_231x87.jpg?t=1764776201,2026-06-03T02:03:42.936Z,1221.0,,,[],[],,,,,,42,89,50,45,56,Loved niche title,Underserved audience clue,Premium,General Steam audience,Paid upfront,Niche love - small but passionate audience,['loved-by-players'],[],"Tom Clancy's Ghost Recon® Wildlands is a loved niche title, opportunity score 56/100, 80% positive from 37,448 reviews, 1,221 current players.",Mine reviews for the exact language players use; niche love often exposes a product angle.
822,10180,Call of Duty®: Modern Warfare® 2 (2009),https://store.steampowered.com/app/10180/Call_of_Duty_Modern_Warfare_2_2009/,"Nov 11, 2009",$19.99,1999,0.0,Very Positive,91.0,16858.0,"['windows', 'mac']",https://shared.fastly.steamstatic.com/store_item_assets/steam/apps/10180/capsule_231x87.jpg?t=1748044299,2026-06-03T02:03:42.936Z,288.0,,,[],[],,,,,,38,99,60,45,59,Loved niche title,Underserved audience clue,Mid-market,General Steam audience,Paid upfront,Niche love - small but passionate audience,['loved-by-players'],[],"Call of Duty®: Modern Warfare® 2 (2009) is a loved niche title, opportunity score 59/100, 91% positive from 16,858 reviews, 288 current players.",Mine reviews for the exact language players use; niche love often exposes a product angle.
823,4104440,Dragon Traveler,https://store.steampowered.com/app/4104440/Dragon_Traveler/,"Feb 10, 2026",Free,0,,Mixed,66.0,453.0,['windows'],https://shared.fastly.steamstatic.com/store_item_assets/steam/apps/4104440/a02b1de5723c0ab367ca02a53f21bcd75882a153/capsule_231x87.jpg?t=1776180890,2026-06-03T02:03:42.936Z,317.0,,,[],[],,,,,,30,71,62,45,50,Standard competitor,Baseline market data,Free-to-play,General Steam audience,Free acquisition funnel,Comparable baseline,['free-to-play'],['weak-player-sentiment'],"Dragon Traveler is a standard competitor, opportunity score 50/100, 66% positive from 453 reviews, 317 current players.",Use as baseline competitor data; enrich with reviews for deeper sentiment intelligence.
824,47890,The Sims™ 3,https://store.steampowered.com/app/47890/The_Sims_3/,"Jan 27, 2011",$19.99,1999,0.0,Very Positive,86.0,20395.0,['windows'],https://shared.fastly.steamstatic.com/store_item_assets/steam/apps/47890/capsule_231x87.jpg?t=1738703889,2026-06-03T02:03:42.936Z,1147.0,,,[],[],,,,,,40,95,60,45,59,Loved niche title,Underserved audience clue,Mid-market,General Steam audience,Paid upfront,Niche love - small but passionate audience,['loved-by-players'],[],"The Sims™ 3 is a loved niche title, opportunity score 59/100, 86% positive from 20,395 reviews, 1,147 current players.",Mine reviews for the exact language players use; niche love often exposes a product angle.
825,2914150,Yunyun Syndrome!? Rhythm Psychosis,https://store.steampowered.com/app/2914150/Yunyun_Syndrome_Rhythm_Psychosis/,"Apr 23, 2026",$16.99,1699,0.0,Very Positive,88.0,1049.0,['windows'],https://shared.fastly.steamstatic.com/store_item_assets/steam/apps/2914150/28b42dfbb26fe6437e647e6acaf0b5f522eaff25/capsule_231x87.jpg?t=1777264751,2026-06-03T02:03:42.936Z,126.0,,,[],[],,,,,,30,94,60,55,57,Loved niche title,Underserved audience clue,Mid-market,General Steam audience,Paid upfront,Niche love - small but passionate audience,"['loved-by-players', 'fresh-release']",[],"Yunyun Syndrome!? Rhythm Psychosis is a loved niche title, opportunity score 57/100, 88% positive from 1,049 reviews, 126 current players.",Mine reviews for the exact language players use; niche love often exposes a product angle.
826,32440,LEGO® Star Wars™ - The Complete Saga,https://store.steampowered.com/app/32440/LEGO_Star_Wars__The_Complete_Saga/,"Nov 12, 2009",$19.99,1999,0.0,Overwhelmingly Positive,96.0,14418.0,['windows'],https://shared.fastly.steamstatic.com/store_item_assets/steam/apps/32440/capsule_231x87.jpg?t=1604517910,2026-06-03T02:03:42.936Z,351.0,,,[],[],,,,,,38,100,60,45,59,Loved niche title,Underserved audience clue,Mid-market,General Steam audience,Paid upfront,Niche love - small but passionate audience,['loved-by-players'],[],"LEGO® Star Wars™ - The Complete Saga is a loved niche title, opportunity score 59/100, 96% positive from 14,418 reviews, 351 current players.",Mine reviews for the exact language players use; niche love often exposes a product angle.
827,1203190,Wreckfest 2,https://store.steampowered.com/app/1203190/Wreckfest_2/,"Mar 20, 2025",$34.99,3499,0.0,Mostly Positive,72.0,3258.0,['windows'],https://shared.fastly.steamstatic.com/store_item_assets/steam/apps/1203190/d2cc9456d361df79a857b0286afc08eeb4100dcc/capsule_231x87_alt_assets_8.jpg?t=1779202885,2026-06-03T02:03:42.936Z,191.0,,,[],[],,,,,,33,79,50,45,50,Standard competitor,Baseline market data,Premium,General Steam audience,Paid upfront,Comparable baseline,[],[],"Wreckfest 2 is a standard competitor, opportunity score 50/100, 72% positive from 3,258 reviews, 191 current players.",Use as baseline competitor data; enrich with reviews for deeper sentiment intelligence.
828,1687950,Persona 5 Royal,https://store.steampowered.com/app/1687950/Persona_5_Royal/,"Oct 20, 2022",$59.99,5999,0.0,Overwhelmingly Positive,96.0,33344.0,['windows'],https://shared.fastly.steamstatic.com/store_item_assets/steam/apps/1687950/capsule_231x87.jpg?t=1779145087,2026-06-03T02:03:42.936Z,5333.0,,,[],[],,,,,,43,100,50,45,59,Loved niche title,Underserved audience clue,Premium,General Steam audience,Paid upfront,Niche love - small but passionate audience,['loved-by-players'],[],"Persona 5 Royal is a loved niche title, opportunity score 59/100, 96% positive from 33,344 reviews, 5,333 current players.",Mine reviews for the exact language players use; niche love often exposes a product angle.
829,1114150,CarX Street,https://store.steampowered.com/app/1114150/CarX_Street/,"Aug 29, 2024",$19.99,1999,0.0,Mostly Positive,70.0,9196.0,"['windows', 'mac', 'linux']",https://shared.fastly.steamstatic.com/store_item_assets/steam/apps/1114150/63b5965463281efe01c2474666b61bf1429f311d/capsule_231x87.jpg?t=1780294893,2026-06-03T02:03:42.936Z,573.0,,,[],[],,,,,,37,78,60,45,53,Standard competitor,Baseline market data,Mid-market,General Steam audience,Paid upfront,Comparable baseline,[],[],"CarX Street is a standard competitor, opportunity score 53/100, 70% positive from 9,196 reviews, 573 current players.",Use as baseline competitor data; enrich with reviews for deeper sentiment intelligence.
830,1059550,Valve Index® Controllers,https://store.steampowered.com/app/1059550/Valve_Index_Controllers/,"Jun 28, 2019",$279.00,27900,0.0,,,,"['windows', 'linux']",https://shared.fastly.steamstatic.com/store_item_assets/steam/apps/1059550/capsule_231x87.jpg?t=1645043939,2026-06-03T02:03:42.936Z,0.0,,,[],[],,,,,,8,35,40,45,29,Standard competitor,Baseline market data,High-ticket,General Steam audience,Paid upfront,Comparable baseline,[],['review-data-missing-or-not-yet-established'],"Valve Index® Controllers is a standard competitor, opportunity score 29/100.",Use as baseline competitor data; enrich with reviews for deeper sentiment intelligence.
831,611790,House Party,https://store.steampowered.com/app/611790/House_Party/,"Jul 15, 2022",$24.99,2499,0.0,Very Positive,87.0,6242.0,['windows'],https://shared.fastly.steamstatic.com/store_item_assets/steam/apps/611790/dda421ba13dd0dd4614ac6360eeaaaf01893a3cc/capsule_231x87_alt_assets_0.jpg?t=1771516030,2026-06-03T02:03:42.936Z,102.0,,,[],[],,,,,,34,95,60,45,57,Loved niche title,Underserved audience clue,Mid-market,General Steam audience,Paid upfront,Niche love - small but passionate audience,['loved-by-players'],[],"House Party is a loved niche title, opportunity score 57/100, 87% positive from 6,242 reviews, 102 current players.",Mine reviews for the exact language players use; niche love often exposes a product angle.
832,2918150,ONE PIECE Bounty Rush,https://store.steampowered.com/app/2918150/ONE_PIECE_Bounty_Rush/,"Sep 23, 2024",Free,0,,Mostly Positive,70.0,2467.0,['windows'],https://shared.fastly.steamstatic.com/store_item_assets/steam/apps/2918150/capsule_231x87.jpg?t=1774508259,2026-06-03T02:03:42.936Z,1287.0,,,[],[],,,,,,35,77,62,45,53,Standard competitor,Baseline market data,Free-to-play,General Steam audience,Free acquisition funnel,Comparable baseline,['free-to-play'],[],"ONE PIECE Bounty Rush is a standard competitor, opportunity score 53/100, 70% positive from 2,467 reviews, 1,287 current players.",Use as baseline competitor data; enrich with reviews for deeper sentiment intelligence.
833,3097300,Creature Kitchen,https://store.steampowered.com/app/3097300/Creature_Kitchen/,"Feb 6, 2026",$7.99,799,0.0,Overwhelmingly Positive,99.0,5682.0,['windows'],https://shared.fastly.steamstatic.com/store_item_assets/steam/apps/3097300/3386418d1f2846730b7456c6cd4721df42597848/capsule_231x87.jpg?t=1778529608,2026-06-03T02:03:42.936Z,99.0,,,[],[],,,,,,34,100,65,45,59,Loved niche title,Underserved audience clue,Budget,General Steam audience,Paid upfront,Niche love - small but passionate audience,['loved-by-players'],[],"Creature Kitchen is a loved niche title, opportunity score 59/100, 99% positive from 5,682 reviews, 99 current players.",Mine reviews for the exact language players use; niche love often exposes a product angle.
834,2947440,SILENT HILL f,https://store.steampowered.com/app/2947440/SILENT_HILL_f/,"Sep 24, 2025",$69.99,6999,0.0,Very Positive,81.0,8609.0,['windows'],https://shared.fastly.steamstatic.com/store_item_assets/steam/apps/2947440/0059b56f4400fe95555b8145d5f8f05b160a54e5/capsule_231x87.jpg?t=1770169624,2026-06-03T02:03:42.936Z,309.0,,,[],[],,,,,,36,89,40,45,52,Loved niche title,Underserved audience clue,High-ticket,General Steam audience,Paid upfront,Niche love - small but passionate audience,['loved-by-players'],[],"SILENT HILL f is a loved niche title, opportunity score 52/100, 81% positive from 8,609 reviews, 309 current players.",Mine reviews for the exact language players use; niche love often exposes a product angle.
835,235460,METAL GEAR RISING: REVENGEANCE,https://store.steampowered.com/app/235460/METAL_GEAR_RISING_REVENGEANCE/,"Jan 9, 2014",$29.99,2999,0.0,Overwhelmingly Positive,95.0,38739.0,"['windows', 'mac']",https://shared.fastly.steamstatic.com/store_item_assets/steam/apps/235460/capsule_231x87.jpg?t=1740076034,2026-06-03T02:03:42.936Z,241.0,,,[],[],,,,,,39,100,60,45,60,Loved niche title,Underserved audience clue,Mid-market,General Steam audience,Paid upfront,Niche love - small but passionate audience,['loved-by-players'],[],"METAL GEAR RISING: REVENGEANCE is a loved niche title, opportunity score 60/100, 95% positive from 38,739 reviews, 241 current players.",Mine reviews for the exact language players use; niche love often exposes a product angle.
836,4100940,Poppy Playtime - Chapter 5,https://store.steampowered.com/app/4100940/Poppy_Playtime__Chapter_5/,"Feb 18, 2026",$19.99,1999,0.0,Very Positive,81.0,3527.0,['windows'],https://shared.fastly.steamstatic.com/store_item_assets/steam/apps/4100940/5d01fc22ced59ed26c893a08559753d1b1598bdb/capsule_231x87.jpg?t=1771434005,2026-06-03T02:03:42.936Z,0.0,,,[],[],,,,,,26,88,60,45,52,Loved niche title,Underserved audience clue,Mid-market,General Steam audience,Paid upfront,Niche love - small but passionate audience,['loved-by-players'],[],"Poppy Playtime - Chapter 5 is a loved niche title, opportunity score 52/100, 81% positive from 3,527 reviews.",Mine reviews for the exact language players use; niche love often exposes a product angle.
837,4466620,SiNiSistar 2,https://store.steampowered.com/app/4466620/SiNiSistar_2/,"May 15, 2026",$14.99,1499,0.0,Very Positive,91.0,2047.0,"['windows', 'mac']",https://shared.fastly.steamstatic.com/store_item_assets/steam/apps/4466620/eba9adccccb566c72b998cfe15ae3008eaa00ff7/capsule_231x87.jpg?t=1779777015,2026-06-03T02:03:42.936Z,186.0,,,[],[],,,,,,31,98,60,55,58,Loved niche title,Underserved audience clue,Mid-market,General Steam audience,Paid upfront,Niche love - small but passionate audience,"['loved-by-players', 'fresh-release']",[],"SiNiSistar 2 is a loved niche title, opportunity score 58/100, 91% positive from 2,047 reviews, 186 current players.",Mine reviews for the exact language players use; niche love often exposes a product angle.
838,214950,Total War: ROME II - Emperor Edition,https://store.steampowered.com/app/214950/Total_War_ROME_II__Emperor_Edition/,"Sep 2, 2013",$59.99,5999,0.0,Very Positive,85.0,31767.0,"['windows', 'mac']",https://shared.fastly.steamstatic.com/store_item_assets/steam/apps/214950/capsule_231x87.jpg?t=1768912466,2026-06-03T02:03:42.936Z,3208.0,,,[],[],,,,,,42,94,50,45,57,Loved niche title,Underserved audience clue,Premium,General Steam audience,Paid upfront,Niche love - small but passionate audience,['loved-by-players'],[],"Total War: ROME II - Emperor Edition is a loved niche title, opportunity score 57/100, 85% positive from 31,767 reviews, 3,208 current players.",Mine reviews for the exact language players use; niche love often exposes a product angle.
839,568220,Lobotomy Corporation | Monster Management Simulation,https://store.steampowered.com/app/568220/Lobotomy_Corporation__Monster_Management_Simulation/,"Apr 9, 2018",$24.99,2499,0.0,Very Positive,93.0,13510.0,['windows'],https://shared.fastly.steamstatic.com/store_item_assets/steam/apps/568220/capsule_231x87.jpg?t=1636694188,2026-06-03T02:03:42.936Z,1132.0,,,[],[],,,,,,38,100,60,45,59,Loved niche title,Underserved audience clue,Mid-market,General Steam audience,Paid upfront,Niche love - small but passionate audience,['loved-by-players'],[],"Lobotomy Corporation | Monster Management Simulation is a loved niche title, opportunity score 59/100, 93% positive from 13,510 reviews, 1,132 current players.",Mine reviews for the exact language players use; niche love often exposes a product angle.
840,1866130,Morbid Metal,https://store.steampowered.com/app/1866130/Morbid_Metal/,"Apr 8, 2026",$17.99,1799,0.0,Very Positive,82.0,1212.0,['windows'],https://shared.fastly.steamstatic.com/store_item_assets/steam/apps/1866130/fd771db749b0c86b70b19e8fb55fbb0b0eb03874/capsule_231x87.jpg?t=1779376961,2026-06-03T02:03:42.936Z,46.0,,,[],[],,,,,,29,88,60,55,55,Loved niche title,Underserved audience clue,Mid-market,General Steam audience,Paid upfront,Niche love - small but passionate audience,"['loved-by-players', 'fresh-release']",[],"Morbid Metal is a loved niche title, opportunity score 55/100, 82% positive from 1,212 reviews, 46 current players.",Mine reviews for the exact language players use; niche love often exposes a product angle.
841,2142790,Fields of Mistria,https://store.steampowered.com/app/2142790/Fields_of_Mistria/,"Aug 5, 2024",$13.99,1399,0.0,Overwhelmingly Positive,97.0,20450.0,['windows'],https://shared.fastly.steamstatic.com/store_item_assets/steam/apps/2142790/c653e0ddd72698a03b70cd6c87221fc95ddec873/capsule_231x87.jpg?t=1771865130,2026-06-03T02:03:42.936Z,1576.0,,,[],[],,,,,,40,100,60,45,60,Loved niche title,Underserved audience clue,Mid-market,General Steam audience,Paid upfront,Niche love - small but passionate audience,['loved-by-players'],[],"Fields of Mistria is a loved niche title, opportunity score 60/100, 97% positive from 20,450 reviews, 1,576 current players.",Mine reviews for the exact language players use; niche love often exposes a product angle.
842,1258080,Shop Titans,https://store.steampowered.com/app/1258080/Shop_Titans/,"May 5, 2020",Free,0,,Mostly Positive,76.0,6251.0,['windows'],https://shared.fastly.steamstatic.com/store_item_assets/steam/apps/1258080/7d069b1e681bc6cf2c88e6b93b87fc519c6b394d/capsule_231x87.jpg?t=1754432193,2026-06-03T02:03:42.936Z,2647.0,,,[],[],,,,,,38,84,62,45,56,Standard competitor,Baseline market data,Free-to-play,General Steam audience,Free acquisition funnel,Comparable baseline,['free-to-play'],[],"Shop Titans is a standard competitor, opportunity score 56/100, 76% positive from 6,251 reviews, 2,647 current players.",Use as baseline competitor data; enrich with reviews for deeper sentiment intelligence.
843,2780980,LOCKDOWN Protocol,https://store.steampowered.com/app/2780980/LOCKDOWN_Protocol/,"Nov 18, 2025",$9.99,999,0.0,Very Positive,83.0,9122.0,['windows'],https://shared.fastly.steamstatic.com/store_item_assets/steam/apps/2780980/capsule_231x87.jpg?t=1780159963,2026-06-03T02:03:42.936Z,393.0,,,[],[],,,,,,36,91,65,45,57,Loved niche title,Underserved audience clue,Budget,General Steam audience,Paid upfront,Niche love - small but passionate audience,['loved-by-players'],[],"LOCKDOWN Protocol is a loved niche title, opportunity score 57/100, 83% positive from 9,122 reviews, 393 current players.",Mine reviews for the exact language players use; niche love often exposes a product angle.
844,1408610,Call of the Wild: The Angler™,https://store.steampowered.com/app/1408610/Call_of_the_Wild_The_Angler/,"Aug 31, 2022",$8.99,899,70.0,Mostly Positive,70.0,3078.0,['windows'],https://shared.fastly.steamstatic.com/store_item_assets/steam/apps/1408610/capsule_231x87.jpg?t=1737626002,2026-06-03T02:03:42.937Z,132.0,,,[],[],,,,,,32,77,90,45,57,Commercially aggressive,Pricing/monetization benchmark,Deep discount,General Steam audience,Discount-driven sales,Price pressure - competitor likely using discounts to drive rank,['aggressive-discounting'],[],"Call of the Wild: The Angler™ is a commercially aggressive, opportunity score 57/100, 70% positive from 3,078 reviews, 132 current players, 70% discount.","Compare discount depth, price tier, and monetization model against similar titles."
845,1790600,DRAGON BALL: Sparking! ZERO,https://store.steampowered.com/app/1790600/DRAGON_BALL_Sparking_ZERO/,"Oct 10, 2024",$69.99,6999,0.0,Very Positive,87.0,28573.0,['windows'],https://shared.fastly.steamstatic.com/store_item_assets/steam/apps/1790600/capsule_231x87.jpg?t=1758754863,2026-06-03T02:03:42.937Z,878.0,,,[],[],,,,,,40,96,40,45,55,Loved niche title,Underserved audience clue,High-ticket,General Steam audience,Paid upfront,Niche love - small but passionate audience,['loved-by-players'],[],"DRAGON BALL: Sparking! ZERO is a loved niche title, opportunity score 55/100, 87% positive from 28,573 reviews, 878 current players.",Mine reviews for the exact language players use; niche love often exposes a product angle.
846,1602000,Hotel Architect,https://store.steampowered.com/app/1602000/Hotel_Architect/,"May 14, 2026",$27.98,2999,0.0,Very Positive,94.0,1450.0,['windows'],https://shared.fastly.steamstatic.com/store_item_assets/steam/apps/1602000/7acf5a9dada71efb99f7d735d54664b0773b4d38/capsule_231x87.jpg?t=1779962363,2026-06-03T02:03:42.937Z,649.0,,,[],[],,,,,,32,100,60,55,59,Loved niche title,Underserved audience clue,Mid-market,General Steam audience,Paid upfront,Niche love - small but passionate audience,"['loved-by-players', 'fresh-release']",[],"Hotel Architect is a loved niche title, opportunity score 59/100, 94% positive from 1,450 reviews, 649 current players.",Mine reviews for the exact language players use; niche love often exposes a product angle.
847,2162800,shapez 2 - Factory,https://store.steampowered.com/app/2162800/shapez_2__Factory/,"Apr 23, 2026",$29.99,2999,0.0,Overwhelmingly Positive,97.0,8399.0,"['windows', 'mac', 'linux']",https://shared.fastly.steamstatic.com/store_item_assets/steam/apps/2162800/382b67a9096e2f30d6538f3514f97689ad8b49b4/capsule_231x87_alt_assets_7.jpg?t=1779290290,2026-06-03T02:03:42.937Z,905.0,,,[],[],,,,,,37,100,60,55,61,Loved niche title,Underserved audience clue,Mid-market,General Steam audience,Paid upfront,Niche love - small but passionate audience,"['loved-by-players', 'fresh-release']",[],"shapez 2 - Factory is a loved niche title, opportunity score 61/100, 97% positive from 8,399 reviews, 905 current players.",Mine reviews for the exact language players use; niche love often exposes a product angle.
848,2124490,SILENT HILL 2,https://store.steampowered.com/app/2124490/SILENT_HILL_2/,"Oct 7, 2024",$69.99,6999,0.0,Very Positive,94.0,22600.0,['windows'],https://shared.fastly.steamstatic.com/store_item_assets/steam/apps/2124490/capsule_231x87.jpg?t=1744248682,2026-06-03T02:03:42.937Z,476.0,,,[],[],,,,,,38,100,40,45,55,Loved niche title,Underserved audience clue,High-ticket,General Steam audience,Paid upfront,Niche love - small but passionate audience,['loved-by-players'],[],"SILENT HILL 2 is a loved niche title, opportunity score 55/100, 94% positive from 22,600 reviews, 476 current players.",Mine reviews for the exact language players use; niche love often exposes a product angle.
849,2778610,Over The Top: WWI,https://store.steampowered.com/app/2778610/Over_The_Top_WWI/,"Mar 6, 2026",$19.14,1914,0.0,Very Positive,85.0,4866.0,['windows'],https://shared.fastly.steamstatic.com/store_item_assets/steam/apps/2778610/42fe41b257573e2aaf3d2fdfacc188879115c905/capsule_231x87.jpg?t=1777028981,2026-06-03T02:03:42.937Z,299.0,,,[],[],,,,,,34,92,60,55,58,Loved niche title,Underserved audience clue,Mid-market,General Steam audience,Paid upfront,Niche love - small but passionate audience,"['loved-by-players', 'fresh-release']",[],"Over The Top: WWI is a loved niche title, opportunity score 58/100, 85% positive from 4,866 reviews, 299 current players.",Mine reviews for the exact language players use; niche love often exposes a product angle.
850,1366540,Dyson Sphere Program,https://store.steampowered.com/app/1366540/Dyson_Sphere_Program/,"Jan 20, 2021",$19.99,1999,0.0,Overwhelmingly Positive,96.0,24380.0,['windows'],https://shared.fastly.steamstatic.com/store_item_assets/steam/apps/1366540/b43e122cefea2a22b69903ad87d42e98d4ac44ef/capsule_231x87.jpg?t=1776523171,2026-06-03T02:03:42.937Z,2093.0,,,[],[],,,,,,40,100,60,45,60,Loved niche title,Underserved audience clue,Mid-market,General Steam audience,Paid upfront,Niche love - small but passionate audience,['loved-by-players'],[],"Dyson Sphere Program is a loved niche title, opportunity score 60/100, 96% positive from 24,380 reviews, 2,093 current players.",Mine reviews for the exact language players use; niche love often exposes a product angle.
851,3370870,Berry Bury Berry,https://store.steampowered.com/app/3370870/Berry_Bury_Berry/,"Jan 29, 2026",$7.99,799,0.0,Overwhelmingly Positive,98.0,4967.0,['windows'],https://shared.fastly.steamstatic.com/store_item_assets/steam/apps/3370870/14e893d4a56d439164f6ffd7c43960464d4dfa71/capsule_231x87.jpg?t=1780069804,2026-06-03T02:03:42.937Z,224.0,,,[],[],,,,,,34,100,65,45,59,Loved niche title,Underserved audience clue,Budget,General Steam audience,Paid upfront,Niche love - small but passionate audience,['loved-by-players'],[],"Berry Bury Berry is a loved niche title, opportunity score 59/100, 98% positive from 4,967 reviews, 224 current players.",Mine reviews for the exact language players use; niche love often exposes a product angle.
852,4007140,Ragnarok X: Next Generation,https://store.steampowered.com/app/4007140/Ragnarok_X_Next_Generation/,"Feb 25, 2026",Free,0,,Mixed,41.0,60.0,['windows'],https://shared.fastly.steamstatic.com/store_item_assets/steam/apps/4007140/afd8812e7ff962b141818a8f7532afcfc4a200c2/capsule_231x87.jpg?t=1776324682,2026-06-03T02:03:42.937Z,320.0,,,[],[],,,,,,24,45,62,45,41,Standard competitor,Baseline market data,Free-to-play,General Steam audience,Free acquisition funnel,Comparable baseline,['free-to-play'],"['weak-player-sentiment', 'low-review-confidence']","Ragnarok X: Next Generation is a standard competitor, opportunity score 41/100, 41% positive from 60 reviews, 320 current players.",Use as baseline competitor data; enrich with reviews for deeper sentiment intelligence.
853,3819640,Megastore Simulator,https://store.steampowered.com/app/3819640/Megastore_Simulator/,"Feb 2, 2026",$11.05,1105,21.0,Very Positive,92.0,1204.0,['windows'],https://shared.fastly.steamstatic.com/store_item_assets/steam/apps/3819640/001aec6a465887673695893b141403ab00e99bb2/capsule_231x87.jpg?t=1778635657,2026-06-03T02:03:42.937Z,766.0,,,[],[],,,,,,32,98,60,45,57,Loved niche title,Underserved audience clue,Mid-market,General Steam audience,Paid upfront,Niche love - small but passionate audience,['loved-by-players'],[],"Megastore Simulator is a loved niche title, opportunity score 57/100, 92% positive from 1,204 reviews, 766 current players, 21% discount.",Mine reviews for the exact language players use; niche love often exposes a product angle.
854,1663850,REPLACED,https://store.steampowered.com/app/1663850/REPLACED/,"Apr 14, 2026",$19.99,1999,0.0,Very Positive,84.0,2392.0,['windows'],https://shared.fastly.steamstatic.com/store_item_assets/steam/apps/1663850/dc8b06f173ef6404a646accdb0f5efe3824668ff/capsule_231x87.jpg?t=1778689671,2026-06-03T02:03:42.937Z,225.0,,,[],[],,,,,,32,91,60,55,57,Loved niche title,Underserved audience clue,Mid-market,General Steam audience,Paid upfront,Niche love - small but passionate audience,"['loved-by-players', 'fresh-release']",[],"REPLACED is a loved niche title, opportunity score 57/100, 84% positive from 2,392 reviews, 225 current players.",Mine reviews for the exact language players use; niche love often exposes a product angle.
855,206480,Dungeons & Dragons Online®,https://store.steampowered.com/app/206480/Dungeons__Dragons_Online/,"Jun 25, 2012",Free,0,,Mostly Positive,71.0,6070.0,['windows'],https://shared.fastly.steamstatic.com/store_item_assets/steam/apps/206480/612dd8c23955d19dfd46ed6254753af8a54d8958/capsule_231x87_alt_assets_6.jpg?t=1772057218,2026-06-03T02:03:42.938Z,330.0,,,[],[],,,,,,35,79,62,45,53,Standard competitor,Baseline market data,Free-to-play,General Steam audience,Free acquisition funnel,Comparable baseline,['free-to-play'],[],"Dungeons & Dragons Online® is a standard competitor, opportunity score 53/100, 71% positive from 6,070 reviews, 330 current players.",Use as baseline competitor data; enrich with reviews for deeper sentiment intelligence.
856,285160,LEGO® The Hobbit™,https://store.steampowered.com/app/285160/LEGO_The_Hobbit/,"Apr 8, 2014",$3.99,399,80.0,Mostly Positive,72.0,2231.0,['windows'],https://shared.fastly.steamstatic.com/store_item_assets/steam/apps/285160/capsule_231x87.jpg?t=1763062093,2026-06-03T02:03:42.938Z,140.0,,,[],[],,,,,,31,79,90,45,58,Commercially aggressive,Pricing/monetization benchmark,Deep discount,General Steam audience,Discount-driven sales,Price pressure - competitor likely using discounts to drive rank,['aggressive-discounting'],[],"LEGO® The Hobbit™ is a commercially aggressive, opportunity score 58/100, 72% positive from 2,231 reviews, 140 current players, 80% discount.","Compare discount depth, price tier, and monetization model against similar titles."
857,1196590,Resident Evil Village,https://store.steampowered.com/app/1196590/Resident_Evil_Village/,"May 7, 2021",$39.99,3999,0.0,Overwhelmingly Positive,95.0,45331.0,['windows'],https://shared.fastly.steamstatic.com/store_item_assets/steam/apps/1196590/capsule_231x87.jpg?t=1776927117,2026-06-03T02:03:42.938Z,1237.0,,,[],[],,,,,,40,100,50,45,58,Loved niche title,Underserved audience clue,Premium,General Steam audience,Paid upfront,Niche love - small but passionate audience,['loved-by-players'],[],"Resident Evil Village is a loved niche title, opportunity score 58/100, 95% positive from 45,331 reviews, 1,237 current players.",Mine reviews for the exact language players use; niche love often exposes a product angle.
858,2668510,Red Dead Redemption,https://store.steampowered.com/app/2668510/Red_Dead_Redemption/,"Oct 29, 2024",$49.99,4999,0.0,Very Positive,92.0,10719.0,['windows'],https://shared.fastly.steamstatic.com/store_item_assets/steam/apps/2668510/c9c0dd50da5b3543c74beb11b6c806fb9fd88a8c/capsule_231x87.jpg?t=1741118459,2026-06-03T02:03:42.938Z,570.0,,,[],[],,,,,,36,100,50,45,57,Loved niche title,Underserved audience clue,Premium,General Steam audience,Paid upfront,Niche love - small but passionate audience,['loved-by-players'],[],"Red Dead Redemption is a loved niche title, opportunity score 57/100, 92% positive from 10,719 reviews, 570 current players.",Mine reviews for the exact language players use; niche love often exposes a product angle.
859,239140,Dying Light,https://store.steampowered.com/app/239140/Dying_Light/,"Mar 12, 2025",$24.99,2499,0.0,Very Positive,94.0,97221.0,"['windows', 'mac', 'linux']",https://shared.fastly.steamstatic.com/store_item_assets/steam/apps/239140/2f76ff4a0212ecf8d7a2096f91cd2a0e9235e3ee/capsule_231x87.jpg?t=1779191279,2026-06-03T02:03:42.938Z,2676.0,,,[],[],,,,,,42,100,60,45,61,Loved niche title,Underserved audience clue,Mid-market,General Steam audience,Paid upfront,Niche love - small but passionate audience,['loved-by-players'],[],"Dying Light is a loved niche title, opportunity score 61/100, 94% positive from 97,221 reviews, 2,676 current players.",Mine reviews for the exact language players use; niche love often exposes a product angle.
860,1253220,The Gold River Project,https://store.steampowered.com/app/1253220/The_Gold_River_Project/,"Jan 23, 2026",$18.74,1874,25.0,Mixed,65.0,534.0,['windows'],https://shared.fastly.steamstatic.com/store_item_assets/steam/apps/1253220/432139e2bf3d7e64b11f08a1a47b848fea0ecd44/capsule_231x87_alt_assets_0.jpg?t=1780338289,2026-06-03T02:03:42.938Z,47.0,,,[],[],,,,,,26,70,60,45,48,Standard competitor,Baseline market data,Mid-market,General Steam audience,Paid upfront,Comparable baseline,[],['weak-player-sentiment'],"The Gold River Project is a standard competitor, opportunity score 48/100, 65% positive from 534 reviews, 47 current players, 25% discount.",Use as baseline competitor data; enrich with reviews for deeper sentiment intelligence.
861,4135750,FEED THE QUEEN,https://store.steampowered.com/app/4135750/FEED_THE_QUEEN/,"May 25, 2026",$7.19,719,10.0,Mostly Positive,74.0,345.0,"['windows', 'linux']",https://shared.fastly.steamstatic.com/store_item_assets/steam/apps/4135750/1c6c3c2385f4fdd28ed5ab7ab6f8e529dd1770d6/capsule_231x87.jpg?t=1780161222,2026-06-03T02:03:42.938Z,454.0,,,[],[],,,,,,28,79,65,55,54,Standard competitor,Baseline market data,Budget,General Steam audience,Paid upfront,Comparable baseline,['fresh-release'],[],"FEED THE QUEEN is a standard competitor, opportunity score 54/100, 74% positive from 345 reviews, 454 current players, 10% discount.",Use as baseline competitor data; enrich with reviews for deeper sentiment intelligence.
862,1149640,RimWorld - Royalty,https://store.steampowered.com/app/1149640/RimWorld__Royalty/,"Feb 24, 2020",$19.99,1999,0.0,Very Positive,85.0,1561.0,"['windows', 'mac', 'linux']",https://shared.fastly.steamstatic.com/store_item_assets/steam/apps/1149640/2d203f2e5320df50901f843a4908e3f8dd2f7e45/capsule_231x87.jpg?t=1779288400,2026-06-03T02:03:42.938Z,0.0,,,[],[],,,,,,23,91,60,45,52,Loved niche title,Underserved audience clue,Mid-market,General Steam audience,Paid upfront,Niche love - small but passionate audience,['loved-by-players'],[],"RimWorld - Royalty is a loved niche title, opportunity score 52/100, 85% positive from 1,561 reviews.",Mine reviews for the exact language players use; niche love often exposes a product angle.
863,1721110,Abyssus,https://store.steampowered.com/app/1721110/Abyssus/,"Aug 12, 2025",$24.73,2499,21.0,Very Positive,87.0,2957.0,['windows'],https://shared.fastly.steamstatic.com/store_item_assets/steam/apps/1721110/c25302d2909dbd87e35679b487f075335236cc85/capsule_231x87.jpg?t=1779786895,2026-06-03T02:03:42.938Z,186.0,,,[],[],,,,,,32,94,60,45,56,Loved niche title,Underserved audience clue,Mid-market,General Steam audience,Paid upfront,Niche love - small but passionate audience,['loved-by-players'],[],"Abyssus is a loved niche title, opportunity score 56/100, 87% positive from 2,957 reviews, 186 current players, 21% discount.",Mine reviews for the exact language players use; niche love often exposes a product angle.
864,3274580,Anno 117: Pax Romana,https://store.steampowered.com/app/3274580/Anno_117_Pax_Romana/,"Nov 12, 2025",$59.99,5999,0.0,Mixed,65.0,5070.0,['windows'],https://shared.fastly.steamstatic.com/store_item_assets/steam/apps/3274580/2a50b884fd1739a68165fc41af8130197f6c57a4/capsule_231x87.jpg?t=1780353529,2026-06-03T02:03:42.938Z,685.0,,,[],[],,,,,,35,72,50,45,49,Standard competitor,Baseline market data,Premium,General Steam audience,Paid upfront,Comparable baseline,[],['weak-player-sentiment'],"Anno 117: Pax Romana is a standard competitor, opportunity score 49/100, 65% positive from 5,070 reviews, 685 current players.",Use as baseline competitor data; enrich with reviews for deeper sentiment intelligence.
865,1645820,SurrounDead,https://store.steampowered.com/app/1645820/SurrounDead/,"Jun 24, 2022",$11.99,1199,0.0,Very Positive,91.0,15132.0,['windows'],https://shared.fastly.steamstatic.com/store_item_assets/steam/apps/1645820/capsule_231x87.jpg?t=1758056393,2026-06-03T02:03:42.938Z,868.0,,,[],[],,,,,,37,99,60,45,59,Loved niche title,Underserved audience clue,Mid-market,General Steam audience,Paid upfront,Niche love - small but passionate audience,['loved-by-players'],[],"SurrounDead is a loved niche title, opportunity score 59/100, 91% positive from 15,132 reviews, 868 current players.",Mine reviews for the exact language players use; niche love often exposes a product angle.
866,1836730,Echo Point Nova,https://store.steampowered.com/app/1836730/Echo_Point_Nova/,"Sep 24, 2024",$14.99,1499,40.0,Overwhelmingly Positive,96.0,5931.0,['windows'],https://shared.fastly.steamstatic.com/store_item_assets/steam/apps/1836730/8c5f8b1e2b0ec313f069f2c5db9a28af7e758fd5/capsule_231x87.jpg?t=1775572906,2026-06-03T02:03:42.938Z,77.0,,,[],[],,,,,,32,100,75,45,60,Commercially aggressive,Pricing/monetization benchmark,Promotional discount,General Steam audience,Paid upfront,Niche love - small but passionate audience,['loved-by-players'],[],"Echo Point Nova is a commercially aggressive, opportunity score 60/100, 96% positive from 5,931 reviews, 77 current players, 40% discount.","Compare discount depth, price tier, and monetization model against similar titles."
867,1255560,Myst,https://store.steampowered.com/app/1255560/Myst/,"Aug 26, 2021",$20.99,2099,40.0,Very Positive,88.0,1945.0,"['windows', 'mac', 'vr']",https://shared.fastly.steamstatic.com/store_item_assets/steam/apps/1255560/capsule_231x87.jpg?t=1777585651,2026-06-03T02:03:42.938Z,29.0,,,[],[],,,,,,28,95,75,45,58,Commercially aggressive,Pricing/monetization benchmark,Promotional discount,General Steam audience,Paid upfront,Niche love - small but passionate audience,['loved-by-players'],[],"Myst is a commercially aggressive, opportunity score 58/100, 88% positive from 1,945 reviews, 29 current players, 40% discount.","Compare discount depth, price tier, and monetization model against similar titles."
868,3410470,Street Fighter™ 6 - Year 3 Ultimate Pass,https://store.steampowered.com/app/3410470/Street_Fighter_6__Year_3_Ultimate_Pass/,"Jul 15, 2025",$47.99,4799,0.0,Mixed,60.0,53.0,['windows'],https://shared.fastly.steamstatic.com/store_item_assets/steam/apps/3410470/10f9275afdec37285fcf49be04c62678b982f0eb/capsule_231x87.jpg?t=1780281979,2026-06-03T02:03:42.938Z,0.0,,,[],[],,,,,,15,63,50,45,40,Standard competitor,Baseline market data,Premium,General Steam audience,Paid upfront,Comparable baseline,[],"['weak-player-sentiment', 'low-review-confidence']","Street Fighter™ 6 - Year 3 Ultimate Pass is a standard competitor, opportunity score 40/100, 60% positive from 53 reviews.",Use as baseline competitor data; enrich with reviews for deeper sentiment intelligence.
869,434170,The Jackbox Party Pack 3,https://store.steampowered.com/app/434170/The_Jackbox_Party_Pack_3/,"Oct 17, 2016",$24.99,2499,0.0,Overwhelmingly Positive,97.0,4226.0,"['windows', 'mac', 'linux']",https://shared.fastly.steamstatic.com/store_item_assets/steam/apps/434170/capsule_231x87.jpg?t=1728584278,2026-06-03T02:03:42.938Z,185.0,,,[],[],,,,,,32,100,60,45,57,Loved niche title,Underserved audience clue,Mid-market,General Steam audience,Paid upfront,Niche love - small but passionate audience,['loved-by-players'],[],"The Jackbox Party Pack 3 is a loved niche title, opportunity score 57/100, 97% positive from 4,226 reviews, 185 current players.",Mine reviews for the exact language players use; niche love often exposes a product angle.
870,2401970,Ace Attorney Investigations Collection,https://store.steampowered.com/app/2401970/Ace_Attorney_Investigations_Collection/,"Sep 5, 2024",$23.99,2399,40.0,Overwhelmingly Positive,98.0,899.0,['windows'],https://shared.fastly.steamstatic.com/store_item_assets/steam/apps/2401970/capsule_231x87.jpg?t=1768864791,2026-06-03T02:03:42.938Z,200.0,,,[],[],,,,,,29,100,75,45,59,Commercially aggressive,Pricing/monetization benchmark,Promotional discount,General Steam audience,Paid upfront,Niche love - small but passionate audience,['loved-by-players'],[],"Ace Attorney Investigations Collection is a commercially aggressive, opportunity score 59/100, 98% positive from 899 reviews, 200 current players, 40% discount.","Compare discount depth, price tier, and monetization model against similar titles."
871,4716860,Stoneshard - Supporter Pack - Nomad Caravan Appearance,https://store.steampowered.com/app/4716860/Stoneshard__Supporter_Pack__Nomad_Caravan_Appearance/,"Jun 1, 2026",$9.99,999,0.0,Positive,97.0,45.0,"['windows', 'linux']",https://shared.fastly.steamstatic.com/store_item_assets/steam/apps/4716860/def8b5c8aecebcd6d9b3b7de6eee1249a0438e77/capsule_231x87.jpg?t=1780415136,2026-06-03T02:03:42.938Z,0.0,,,[],[],,,,,,15,100,65,55,54,Loved niche title,Underserved audience clue,Budget,General Steam audience,Paid upfront,Niche love - small but passionate audience,"['loved-by-players', 'fresh-release']",['low-review-confidence'],"Stoneshard - Supporter Pack - Nomad Caravan Appearance is a loved niche title, opportunity score 54/100, 97% positive from 45 reviews.",Mine reviews for the exact language players use; niche love often exposes a product angle.
872,2069310,RealFlight Evolution,https://store.steampowered.com/app/2069310/RealFlight_Evolution/,"Oct 27, 2022",$99.99,6999,0.0,Very Positive,85.0,879.0,"['windows', 'vr']",https://shared.fastly.steamstatic.com/store_item_assets/steam/apps/2069310/eb75da4f9dbfcced953d6b631a21cb7c4522fe0c/capsule_231x87.jpg?t=1774052555,2026-06-03T02:03:42.938Z,507.0,,,[],[],,,,,,30,91,40,45,50,Loved niche title,Underserved audience clue,High-ticket,General Steam audience,Paid upfront,Niche love - small but passionate audience,['loved-by-players'],[],"RealFlight Evolution is a loved niche title, opportunity score 50/100, 85% positive from 879 reviews, 507 current players.",Mine reviews for the exact language players use; niche love often exposes a product angle.
873,3582250,Farm to Table,https://store.steampowered.com/app/3582250/Farm_to_Table/,"May 9, 2026",$14.99,1499,0.0,Very Positive,93.0,365.0,['windows'],https://shared.fastly.steamstatic.com/store_item_assets/steam/apps/3582250/5e0a629b1a39736020710c0bfb3b425d463b2f49/capsule_231x87.jpg?t=1779452575,2026-06-03T02:03:42.938Z,292.0,,,[],[],,,,,,27,98,60,55,57,Loved niche title,Underserved audience clue,Mid-market,General Steam audience,Paid upfront,Niche love - small but passionate audience,"['loved-by-players', 'fresh-release']",[],"Farm to Table is a loved niche title, opportunity score 57/100, 93% positive from 365 reviews, 292 current players.",Mine reviews for the exact language players use; niche love often exposes a product angle.
874,1290760,Gecko Gods,https://store.steampowered.com/app/1290760/Gecko_Gods/,"Apr 16, 2026",$15.99,1599,20.0,Very Positive,95.0,413.0,['windows'],https://shared.fastly.steamstatic.com/store_item_assets/steam/apps/1290760/8eed5e2465f94e4cf7337690410da342aa81ded4/capsule_231x87.jpg?t=1779876082,2026-06-03T02:03:42.938Z,36.0,,,[],[],,,,,,25,100,60,55,57,Loved niche title,Underserved audience clue,Mid-market,General Steam audience,Paid upfront,Niche love - small but passionate audience,"['loved-by-players', 'fresh-release']",[],"Gecko Gods is a loved niche title, opportunity score 57/100, 95% positive from 413 reviews, 36 current players, 20% discount.",Mine reviews for the exact language players use; niche love often exposes a product angle.
875,3341000,Thick As Thieves,https://store.steampowered.com/app/3341000/Thick_As_Thieves/,"May 20, 2026",$4.99,499,0.0,Mostly Positive,71.0,753.0,['windows'],https://shared.fastly.steamstatic.com/store_item_assets/steam/apps/3341000/fed8120265704e447ecb189c2ffda12f7ea03655/capsule_231x87.jpg?t=1779786775,2026-06-03T02:03:42.938Z,103.0,,,[],[],,,,,,27,77,65,55,53,Standard competitor,Baseline market data,Budget,General Steam audience,Paid upfront,Comparable baseline,['fresh-release'],[],"Thick As Thieves is a standard competitor, opportunity score 53/100, 71% positive from 753 reviews, 103 current players.",Use as baseline competitor data; enrich with reviews for deeper sentiment intelligence.
876,3495730,Lucid Blocks,https://store.steampowered.com/app/3495730/Lucid_Blocks/,"Mar 12, 2026",$9.99,999,0.0,Very Positive,93.0,2576.0,['windows'],https://shared.fastly.steamstatic.com/store_item_assets/steam/apps/3495730/4b3e0476f243be234b580b83c4c1bc71bce12807/capsule_231x87.jpg?t=1774997690,2026-06-03T02:03:42.938Z,113.0,,,[],[],,,,,,30,100,65,55,60,Loved niche title,Underserved audience clue,Budget,General Steam audience,Paid upfront,Niche love - small but passionate audience,"['loved-by-players', 'fresh-release']",[],"Lucid Blocks is a loved niche title, opportunity score 60/100, 93% positive from 2,576 reviews, 113 current players.",Mine reviews for the exact language players use; niche love often exposes a product angle.
877,1451190,Undisputed,https://store.steampowered.com/app/1451190/Undisputed/,"Oct 8, 2024",$22.49,2249,55.0,Mixed,59.0,13648.0,['windows'],https://shared.fastly.steamstatic.com/store_item_assets/steam/apps/1451190/capsule_231x87.jpg?t=1766067946,2026-06-03T02:03:42.938Z,557.0,,,[],[],,,,,,36,67,75,45,53,Commercially aggressive,Pricing/monetization benchmark,Promotional discount,General Steam audience,Discount-driven sales,Comparable baseline,['aggressive-discounting'],['weak-player-sentiment'],"Undisputed is a commercially aggressive, opportunity score 53/100, 59% positive from 13,648 reviews, 557 current players, 55% discount.","Compare discount depth, price tier, and monetization model against similar titles."
878,2956680,LORT,https://store.steampowered.com/app/2956680/LORT/,"Jan 21, 2026",$14.99,1499,0.0,Mostly Positive,78.0,2534.0,['windows'],https://shared.fastly.steamstatic.com/store_item_assets/steam/apps/2956680/4eb575ba37a3f0920a55909beab2d76d824cf9b0/capsule_231x87.jpg?t=1775660327,2026-06-03T02:03:42.939Z,226.0,,,[],[],,,,,,30,85,60,45,53,Loved niche title,Underserved audience clue,Mid-market,General Steam audience,Paid upfront,Niche love - small but passionate audience,['loved-by-players'],[],"LORT is a loved niche title, opportunity score 53/100, 78% positive from 2,534 reviews, 226 current players.",Mine reviews for the exact language players use; niche love often exposes a product angle.
879,3100370,Black Jacket,https://store.steampowered.com/app/3100370/Black_Jacket/,"May 12, 2026",$14.99,1499,0.0,Very Positive,89.0,939.0,['windows'],https://shared.fastly.steamstatic.com/store_item_assets/steam/apps/3100370/6ce95561ed1ebc54346a4ece3aed39957c3b8425/capsule_231x87.jpg?t=1779391023,2026-06-03T02:03:42.939Z,183.0,,,[],[],,,,,,28,95,60,55,57,Loved niche title,Underserved audience clue,Mid-market,General Steam audience,Paid upfront,Niche love - small but passionate audience,"['loved-by-players', 'fresh-release']",[],"Black Jacket is a loved niche title, opportunity score 57/100, 89% positive from 939 reviews, 183 current players.",Mine reviews for the exact language players use; niche love often exposes a product angle.
880,2161700,Persona 3 Reload,https://store.steampowered.com/app/2161700/Persona_3_Reload/,"Feb 1, 2024",$59.99,5999,0.0,Overwhelmingly Positive,96.0,21199.0,['windows'],https://shared.fastly.steamstatic.com/store_item_assets/steam/apps/2161700/capsule_231x87.jpg?t=1764776430,2026-06-03T02:03:42.939Z,2223.0,,,[],[],,,,,,38,100,50,45,57,Loved niche title,Underserved audience clue,Premium,General Steam audience,Paid upfront,Niche love - small but passionate audience,['loved-by-players'],[],"Persona 3 Reload is a loved niche title, opportunity score 57/100, 96% positive from 21,199 reviews, 2,223 current players.",Mine reviews for the exact language players use; niche love often exposes a product angle.
881,307780,Mortal Kombat X,https://store.steampowered.com/app/307780/Mortal_Kombat_X/,"Apr 13, 2015",$19.99,1999,0.0,Very Positive,81.0,11574.0,['windows'],https://shared.fastly.steamstatic.com/store_item_assets/steam/apps/307780/capsule_231x87.jpg?t=1761846088,2026-06-03T02:03:42.939Z,743.0,,,[],[],,,,,,35,89,60,45,56,Loved niche title,Underserved audience clue,Mid-market,General Steam audience,Paid upfront,Niche love - small but passionate audience,['loved-by-players'],[],"Mortal Kombat X is a loved niche title, opportunity score 56/100, 81% positive from 11,574 reviews, 743 current players.",Mine reviews for the exact language players use; niche love often exposes a product angle.
882,250760,Shovel Knight: Treasure Trove,https://store.steampowered.com/app/250760/Shovel_Knight_Treasure_Trove/,"Jun 26, 2014",$39.99,3999,0.0,Overwhelmingly Positive,95.0,10022.0,"['windows', 'mac', 'linux']",https://shared.fastly.steamstatic.com/store_item_assets/steam/apps/250760/capsule_231x87.jpg?t=1780266579,2026-06-03T02:03:42.939Z,183.0,,,[],[],,,,,,33,100,50,45,56,Loved niche title,Underserved audience clue,Premium,General Steam audience,Paid upfront,Niche love - small but passionate audience,['loved-by-players'],[],"Shovel Knight: Treasure Trove is a loved niche title, opportunity score 56/100, 95% positive from 10,022 reviews, 183 current players.",Mine reviews for the exact language players use; niche love often exposes a product angle.
883,1942280,Brotato,https://store.steampowered.com/app/1942280/Brotato/,"Jun 23, 2023",$4.99,499,0.0,Overwhelmingly Positive,96.0,30838.0,"['windows', 'mac', 'linux']",https://shared.fastly.steamstatic.com/store_item_assets/steam/apps/1942280/6165a15f07dda4b755fd1b29aefd411710318119/capsule_231x87.jpg?t=1779200971,2026-06-03T02:03:42.939Z,4936.0,,,[],[],,,,,,41,100,65,45,61,Loved niche title,Underserved audience clue,Budget,General Steam audience,Paid upfront,Niche love - small but passionate audience,['loved-by-players'],[],"Brotato is a loved niche title, opportunity score 61/100, 96% positive from 30,838 reviews, 4,936 current players.",Mine reviews for the exact language players use; niche love often exposes a product angle.
884,1809540,Nine Sols,https://store.steampowered.com/app/1809540/Nine_Sols/,"May 28, 2024",$29.99,2999,0.0,Overwhelmingly Positive,95.0,18538.0,"['windows', 'mac']",https://shared.fastly.steamstatic.com/store_item_assets/steam/apps/1809540/capsule_231x87.jpg?t=1762838904,2026-06-03T02:03:42.939Z,969.0,,,[],[],,,,,,37,100,60,45,59,Loved niche title,Underserved audience clue,Mid-market,General Steam audience,Paid upfront,Niche love - small but passionate audience,['loved-by-players'],[],"Nine Sols is a loved niche title, opportunity score 59/100, 95% positive from 18,538 reviews, 969 current players.",Mine reviews for the exact language players use; niche love often exposes a product angle.
885,509980,BIGFOOT,https://store.steampowered.com/app/509980/BIGFOOT/,"Jan 31, 2017",$19.99,1999,0.0,Very Positive,84.0,12371.0,['windows'],https://shared.fastly.steamstatic.com/store_item_assets/steam/apps/509980/capsule_231x87.jpg?t=1766936179,2026-06-03T02:03:42.939Z,57.0,,,[],[],,,,,,32,92,60,45,55,Loved niche title,Underserved audience clue,Mid-market,General Steam audience,Paid upfront,Niche love - small but passionate audience,['loved-by-players'],[],"BIGFOOT is a loved niche title, opportunity score 55/100, 84% positive from 12,371 reviews, 57 current players.",Mine reviews for the exact language players use; niche love often exposes a product angle.
886,2589500,Whisper of the House,https://store.steampowered.com/app/2589500/Whisper_of_the_House/,"Aug 27, 2025",$11.99,1199,20.0,Overwhelmingly Positive,96.0,2088.0,"['windows', 'mac']",https://shared.fastly.steamstatic.com/store_item_assets/steam/apps/2589500/10260ef0b8ca0cf1493117a141f7e31cf5e1499a/capsule_231x87.jpg?t=1779444511,2026-06-03T02:03:42.939Z,213.0,,,[],[],,,,,,30,100,60,45,57,Loved niche title,Underserved audience clue,Mid-market,General Steam audience,Paid upfront,Niche love - small but passionate audience,['loved-by-players'],[],"Whisper of the House is a loved niche title, opportunity score 57/100, 96% positive from 2,088 reviews, 213 current players, 20% discount.",Mine reviews for the exact language players use; niche love often exposes a product angle.
887,605740,"Flashing Lights - Police, Firefighting, Emergency Services (EMS) Simulator",https://store.steampowered.com/app/605740/Flashing_Lights__Police_Firefighting_Emergency_Services_EMS_Simulator/,"May 15, 2023",$3.74,374,85.0,Very Positive,83.0,9813.0,"['windows', 'mac']",https://shared.fastly.steamstatic.com/store_item_assets/steam/apps/605740/626b162fa1968cb71dca819fbfa6921b402ec701/capsule_231x87.jpg?t=1773766828,2026-06-03T02:03:42.939Z,213.0,,,[],[],,,,,,33,91,90,45,61,Commercially aggressive,Pricing/monetization benchmark,Deep discount,General Steam audience,Discount-driven sales,Niche love - small but passionate audience,"['loved-by-players', 'aggressive-discounting']",[],"Flashing Lights - Police, Firefighting, Emergency Services (EMS) Simulator is a commercially aggressive, opportunity score 61/100, 83% positive from 9,813 reviews, 213 current players, 85% discount.","Compare discount depth, price tier, and monetization model against similar titles."
888,3368620,Kingdom Come: Deliverance II Mysteria Ecclesiae,https://store.steampowered.com/app/3368620/Kingdom_Come_Deliverance_II_Mysteria_Ecclesiae/,"Nov 11, 2025",$11.19,1119,20.0,Mixed,57.0,1484.0,['windows'],https://shared.fastly.steamstatic.com/store_item_assets/steam/apps/3368620/796b39a3cc8af5ef738f602c24bf5e01af3a47ac/capsule_231x87.jpg?t=1768314246,2026-06-03T02:03:42.939Z,0.0,,,[],[],,,,,,22,63,60,45,44,Standard competitor,Baseline market data,Mid-market,General Steam audience,Paid upfront,Comparable baseline,[],['weak-player-sentiment'],"Kingdom Come: Deliverance II Mysteria Ecclesiae is a standard competitor, opportunity score 44/100, 57% positive from 1,484 reviews, 20% discount.",Use as baseline competitor data; enrich with reviews for deeper sentiment intelligence.
889,1235721,The Sims™ 4 Cats & Dogs,https://store.steampowered.com/app/1235721/The_Sims_4_Cats__Dogs/,"Jun 18, 2020",$39.99,3999,0.0,Mixed,65.0,621.0,['windows'],https://shared.fastly.steamstatic.com/store_item_assets/steam/apps/1235721/capsule_231x87.jpg?t=1757964370,2026-06-03T02:03:42.939Z,0.0,,,[],[],,,,,,20,71,50,45,44,Standard competitor,Baseline market data,Premium,General Steam audience,Paid upfront,Comparable baseline,[],['weak-player-sentiment'],"The Sims™ 4 Cats & Dogs is a standard competitor, opportunity score 44/100, 65% positive from 621 reviews.",Use as baseline competitor data; enrich with reviews for deeper sentiment intelligence.
890,2508780,STORY OF SEASONS: Grand Bazaar,https://store.steampowered.com/app/2508780/STORY_OF_SEASONS_Grand_Bazaar/,"Aug 27, 2025",$49.99,4999,0.0,Overwhelmingly Positive,95.0,1248.0,['windows'],https://shared.fastly.steamstatic.com/store_item_assets/steam/apps/2508780/ded21dd6f7015bb5916acc4d53d6718cd602d9ec/capsule_231x87.jpg?t=1779988272,2026-06-03T02:03:42.939Z,391.0,,,[],[],,,,,,29,100,50,45,54,Loved niche title,Underserved audience clue,Premium,General Steam audience,Paid upfront,Niche love - small but passionate audience,['loved-by-players'],[],"STORY OF SEASONS: Grand Bazaar is a loved niche title, opportunity score 54/100, 95% positive from 1,248 reviews, 391 current players.",Mine reviews for the exact language players use; niche love often exposes a product angle.
891,212160,Vindictus,https://store.steampowered.com/app/212160/Vindictus/,"Jun 22, 2012",Free,0,,Mixed,66.0,6860.0,['windows'],https://shared.fastly.steamstatic.com/store_item_assets/steam/apps/212160/980fe3133122945135aecd9584dedda0dd690a7b/capsule_231x87.jpg?t=1777356896,2026-06-03T02:03:42.939Z,153.0,,,[],[],,,,,,32,74,62,45,51,Standard competitor,Baseline market data,Free-to-play,General Steam audience,Free acquisition funnel,Comparable baseline,['free-to-play'],['weak-player-sentiment'],"Vindictus is a standard competitor, opportunity score 51/100, 66% positive from 6,860 reviews, 153 current players.",Use as baseline competitor data; enrich with reviews for deeper sentiment intelligence.
892,2305640,Bladesong,https://store.steampowered.com/app/2305640/Bladesong/,"Jan 22, 2026",$15.99,1599,20.0,Overwhelmingly Positive,95.0,1212.0,['windows'],https://shared.fastly.steamstatic.com/store_item_assets/steam/apps/2305640/f36b586a4f411df7cf87383f326378c8f6a4da46/capsule_231x87.jpg?t=1778246278,2026-06-03T02:03:42.939Z,95.0,,,[],[],,,,,,27,100,60,45,55,Loved niche title,Underserved audience clue,Mid-market,General Steam audience,Paid upfront,Niche love - small but passionate audience,['loved-by-players'],[],"Bladesong is a loved niche title, opportunity score 55/100, 95% positive from 1,212 reviews, 95 current players, 20% discount.",Mine reviews for the exact language players use; niche love often exposes a product angle.
893,1149620,Gas Station Simulator,https://store.steampowered.com/app/1149620/Gas_Station_Simulator/,"Sep 15, 2021",$19.43,1999,4.0,Very Positive,87.0,10467.0,"['windows', 'mac']",https://shared.fastly.steamstatic.com/store_item_assets/steam/apps/1149620/bfb3a18c743afda684929759fd8d5ff713c866c6/capsule_231x87.jpg?t=1779977239,2026-06-03T02:03:42.939Z,250.0,,,[],[],,,,,,34,95,60,45,57,Loved niche title,Underserved audience clue,Mid-market,General Steam audience,Paid upfront,Niche love - small but passionate audience,['loved-by-players'],[],"Gas Station Simulator is a loved niche title, opportunity score 57/100, 87% positive from 10,467 reviews, 250 current players, 4% discount.",Mine reviews for the exact language players use; niche love often exposes a product angle.
894,3104970,Backyard Baseball '01,https://store.steampowered.com/app/3104970/Backyard_Baseball_01/,"Jul 8, 2025",$9.99,999,0.0,Very Positive,91.0,507.0,['windows'],https://shared.fastly.steamstatic.com/store_item_assets/steam/apps/3104970/97c2fd6466030acaf475609549f1f3ed85bda327/capsule_231x87.jpg?t=1751999808,2026-06-03T02:03:42.939Z,130.0,,,[],[],,,,,,26,96,65,45,55,Loved niche title,Underserved audience clue,Budget,General Steam audience,Paid upfront,Niche love - small but passionate audience,['loved-by-players'],[],"Backyard Baseball '01 is a loved niche title, opportunity score 55/100, 91% positive from 507 reviews, 130 current players.",Mine reviews for the exact language players use; niche love often exposes a product angle.
895,1366800,Crosshair X,https://store.steampowered.com/app/1366800/Crosshair_X/,"Aug 17, 2020",$9.99,999,0.0,Very Positive,94.0,21503.0,['windows'],https://shared.fastly.steamstatic.com/store_item_assets/steam/apps/1366800/a316b8a709e0ca866266b6152d016146ae3fdc47/capsule_231x87.jpg?t=1779302642,2026-06-03T02:03:42.939Z,32460.0,,,[],[],,,,,,41,100,65,57,64,Loved niche title,Underserved audience clue,Budget,General Steam audience,Paid upfront,Niche love - small but passionate audience,"['loved-by-players', 'healthy-community']",[],"Crosshair X is a loved niche title, opportunity score 64/100, 94% positive from 21,503 reviews, 32,460 current players.",Mine reviews for the exact language players use; niche love often exposes a product angle.
896,2212330,Your Only Move Is HUSTLE,https://store.steampowered.com/app/2212330/Your_Only_Move_Is_HUSTLE/,"Feb 2, 2023",$4.99,499,0.0,Overwhelmingly Positive,96.0,29067.0,"['windows', 'linux']",https://shared.fastly.steamstatic.com/store_item_assets/steam/apps/2212330/capsule_231x87.jpg?t=1702425086,2026-06-03T02:03:42.939Z,988.0,,,[],[],,,,,,38,100,65,45,60,Loved niche title,Underserved audience clue,Budget,General Steam audience,Paid upfront,Niche love - small but passionate audience,['loved-by-players'],[],"Your Only Move Is HUSTLE is a loved niche title, opportunity score 60/100, 96% positive from 29,067 reviews, 988 current players.",Mine reviews for the exact language players use; niche love often exposes a product angle.
897,4378150,Rise Up Supply Drop - Tom Clancy’s The Division 2,https://store.steampowered.com/app/4378150/Rise_Up_Supply_Drop__Tom_Clancys_The_Division_2/,"Apr 2, 2026",$49.99,4999,0.0,Mixed,54.0,22.0,['windows'],https://shared.fastly.steamstatic.com/store_item_assets/steam/apps/4378150/8e1213141b67984ce4609d4466565bd78b1c2b42/capsule_231x87.jpg?t=1775120414,2026-06-03T02:03:42.939Z,0.0,,,[],[],,,,,,12,57,50,55,39,Standard competitor,Baseline market data,Premium,General Steam audience,Paid upfront,Comparable baseline,['fresh-release'],"['weak-player-sentiment', 'low-review-confidence']","Rise Up Supply Drop - Tom Clancy’s The Division 2 is a standard competitor, opportunity score 39/100, 54% positive from 22 reviews.",Use as baseline competitor data; enrich with reviews for deeper sentiment intelligence.
898,3417840,Stellaris: BioGenesis,https://store.steampowered.com/app/3417840/Stellaris_BioGenesis/,"May 5, 2025",$24.99,2499,0.0,Mixed,41.0,946.0,"['windows', 'mac', 'linux']",https://shared.fastly.steamstatic.com/store_item_assets/steam/apps/3417840/7d563926937a3509603e67e39f39f4d940484894/capsule_231x87.jpg?t=1768991147,2026-06-03T02:03:42.939Z,0.0,,,[],[],,,,,,20,47,60,45,40,Standard competitor,Baseline market data,Mid-market,General Steam audience,Paid upfront,Comparable baseline,[],['weak-player-sentiment'],"Stellaris: BioGenesis is a standard competitor, opportunity score 40/100, 41% positive from 946 reviews.",Use as baseline competitor data; enrich with reviews for deeper sentiment intelligence.
899,321360,Primal Carnage: Extinction,https://store.steampowered.com/app/321360/Primal_Carnage_Extinction/,"Apr 3, 2015",$12.99,1299,0.0,Very Positive,84.0,5064.0,['windows'],https://shared.fastly.steamstatic.com/store_item_assets/steam/apps/321360/capsule_231x87.jpg?t=1776871364,2026-06-03T02:04:29.678Z,203.0,,,[],[],,,,,,31,91,60,45,55,Loved niche title,Underserved audience clue,Mid-market,General Steam audience,Paid upfront,Niche love - small but passionate audience,['loved-by-players'],[],"Primal Carnage: Extinction is a loved niche title, opportunity score 55/100, 84% positive from 5,064 reviews, 203 current players.",Mine reviews for the exact language players use; niche love often exposes a product angle.
900,2677660,Indiana Jones and the Great Circle,https://store.steampowered.com/app/2677660/Indiana_Jones_and_the_Great_Circle/,"Dec 8, 2024",$69.99,6999,0.0,Very Positive,90.0,7393.0,['windows'],https://shared.fastly.steamstatic.com/store_item_assets/steam/apps/2677660/13f13e9124e41f9b931d2f286f4012cb9444c853/capsule_231x87.jpg?t=1778168392,2026-06-03T02:04:29.678Z,195.0,,,[],[],,,,,,32,98,40,45,53,Loved niche title,Underserved audience clue,High-ticket,General Steam audience,Paid upfront,Niche love - small but passionate audience,['loved-by-players'],[],"Indiana Jones and the Great Circle is a loved niche title, opportunity score 53/100, 90% positive from 7,393 reviews, 195 current players.",Mine reviews for the exact language players use; niche love often exposes a product angle.
901,3501070,Car Service Together,https://store.steampowered.com/app/3501070/Car_Service_Together/,"Feb 4, 2026",$19.99,1999,0.0,Mostly Positive,77.0,1307.0,['windows'],https://shared.fastly.steamstatic.com/store_item_assets/steam/apps/3501070/5ba4a9dcc8ef5a3429df85b90f1756ac3d59b4b7/capsule_231x87.jpg?t=1779963538,2026-06-03T02:04:29.678Z,125.0,,,[],[],,,,,,27,83,60,45,51,Standard competitor,Baseline market data,Mid-market,General Steam audience,Paid upfront,Comparable baseline,[],[],"Car Service Together is a standard competitor, opportunity score 51/100, 77% positive from 1,307 reviews, 125 current players.",Use as baseline competitor data; enrich with reviews for deeper sentiment intelligence.
902,4523380,Company of Heroes 3: Dare & Destroy,https://store.steampowered.com/app/4523380/Company_of_Heroes_3_Dare__Destroy/,"May 14, 2026",$24.99,2499,0.0,Mixed,52.0,227.0,['windows'],https://shared.fastly.steamstatic.com/store_item_assets/steam/apps/4523380/e078adcf32a54a94aa1c84d75d66fa944cb914c1/capsule_231x87.jpg?t=1778877031,2026-06-03T02:04:29.678Z,0.0,,,[],[],,,,,,17,57,60,55,43,Standard competitor,Baseline market data,Mid-market,General Steam audience,Paid upfront,Comparable baseline,['fresh-release'],['weak-player-sentiment'],"Company of Heroes 3: Dare & Destroy is a standard competitor, opportunity score 43/100, 52% positive from 227 reviews.",Use as baseline competitor data; enrich with reviews for deeper sentiment intelligence.
903,524220,NieR:Automata™,https://store.steampowered.com/app/524220/NieRAutomata/,"Mar 17, 2017",$39.99,3999,0.0,Very Positive,90.0,49442.0,['windows'],https://shared.fastly.steamstatic.com/store_item_assets/steam/apps/524220/capsule_231x87.jpg?t=1773364834,2026-06-03T02:04:29.678Z,601.0,,,[],[],,,,,,38,99,50,45,57,Loved niche title,Underserved audience clue,Premium,General Steam audience,Paid upfront,Niche love - small but passionate audience,['loved-by-players'],[],"NieR:Automata™ is a loved niche title, opportunity score 57/100, 90% positive from 49,442 reviews, 601 current players.",Mine reviews for the exact language players use; niche love often exposes a product angle.
904,2215390,Five Nights at Freddy's: Secret of the Mimic,https://store.steampowered.com/app/2215390/Five_Nights_at_Freddys_Secret_of_the_Mimic/,"Jun 13, 2025",$39.99,3999,0.0,Very Positive,86.0,6663.0,"['windows', 'vr']",https://shared.fastly.steamstatic.com/store_item_assets/steam/apps/2215390/dbbe351a804f86ba8ec8bb4e9f83961f3fe06ead/capsule_231x87.jpg?t=1779297670,2026-06-03T02:04:29.678Z,102.0,,,[],[],,,,,,31,94,50,45,53,Loved niche title,Underserved audience clue,Premium,General Steam audience,Paid upfront,Niche love - small but passionate audience,['loved-by-players'],[],"Five Nights at Freddy's: Secret of the Mimic is a loved niche title, opportunity score 53/100, 86% positive from 6,663 reviews, 102 current players.",Mine reviews for the exact language players use; niche love often exposes a product angle.
905,386940,Ultimate Chicken Horse,https://store.steampowered.com/app/386940/Ultimate_Chicken_Horse/,"Mar 4, 2016",$14.99,1499,0.0,Overwhelmingly Positive,96.0,14341.0,"['windows', 'mac', 'linux']",https://shared.fastly.steamstatic.com/store_item_assets/steam/apps/386940/capsule_231x87.jpg?t=1765298731,2026-06-03T02:04:29.678Z,379.0,,,[],[],,,,,,34,100,60,45,58,Loved niche title,Underserved audience clue,Mid-market,General Steam audience,Paid upfront,Niche love - small but passionate audience,['loved-by-players'],[],"Ultimate Chicken Horse is a loved niche title, opportunity score 58/100, 96% positive from 14,341 reviews, 379 current players.",Mine reviews for the exact language players use; niche love often exposes a product angle.
906,392160,X4: Foundations,https://store.steampowered.com/app/392160/X4_Foundations/,"Nov 30, 2018",$49.99,4999,0.0,Mostly Positive,78.0,13168.0,"['windows', 'linux']",https://shared.fastly.steamstatic.com/store_item_assets/steam/apps/392160/capsule_231x87.jpg?t=1777389882,2026-06-03T02:04:29.678Z,1817.0,,,[],[],,,,,,36,86,50,45,53,Loved niche title,Underserved audience clue,Premium,General Steam audience,Paid upfront,Niche love - small but passionate audience,['loved-by-players'],[],"X4: Foundations is a loved niche title, opportunity score 53/100, 78% positive from 13,168 reviews, 1,817 current players.",Mine reviews for the exact language players use; niche love often exposes a product angle.
907,1089090,ONE PIECE: PIRATE WARRIORS 4,https://store.steampowered.com/app/1089090/ONE_PIECE_PIRATE_WARRIORS_4/,"Sep 14, 2023",$18.89,1889,79.0,Very Positive,93.0,4863.0,['windows'],https://shared.fastly.steamstatic.com/store_item_assets/steam/apps/1089090/capsule_231x87.jpg?t=1763698599,2026-06-03T02:04:29.679Z,243.0,,,[],[],,,,,,31,100,85,45,62,Commercially aggressive,Pricing/monetization benchmark,Deep discount,General Steam audience,Discount-driven sales,Niche love - small but passionate audience,"['loved-by-players', 'aggressive-discounting']",[],"ONE PIECE: PIRATE WARRIORS 4 is a commercially aggressive, opportunity score 62/100, 93% positive from 4,863 reviews, 243 current players, 79% discount.","Compare discount depth, price tier, and monetization model against similar titles."
908,2014780,X-Plane 12,https://store.steampowered.com/app/2014780/XPlane_12/,"Dec 17, 2022",$59.99,5999,0.0,Very Positive,86.0,2894.0,"['windows', 'mac', 'linux', 'vr']",https://shared.fastly.steamstatic.com/store_item_assets/steam/apps/2014780/capsule_231x87.jpg?t=1756364603,2026-06-03T02:04:29.679Z,598.0,,,[],[],,,,,,31,93,50,45,53,Loved niche title,Underserved audience clue,Premium,General Steam audience,Paid upfront,Niche love - small but passionate audience,['loved-by-players'],[],"X-Plane 12 is a loved niche title, opportunity score 53/100, 86% positive from 2,894 reviews, 598 current players.",Mine reviews for the exact language players use; niche love often exposes a product angle.
909,4694040,Serpent's Gaze - Supporter Pack,https://store.steampowered.com/app/4694040/Serpents_Gaze__Supporter_Pack/,"May 28, 2026",$4.49,449,10.0,,,,['windows'],https://shared.fastly.steamstatic.com/store_item_assets/steam/apps/4694040/f7cfff831824c1f4cb9a43a22698e27945781029/capsule_231x87.jpg?t=1779985494,2026-06-03T02:04:29.680Z,0.0,,,[],[],,,,,,4,35,65,55,34,Standard competitor,Baseline market data,Budget,General Steam audience,Paid upfront,Comparable baseline,['fresh-release'],['review-data-missing-or-not-yet-established'],"Serpent's Gaze - Supporter Pack is a standard competitor, opportunity score 34/100, 10% discount.",Use as baseline competitor data; enrich with reviews for deeper sentiment intelligence.
910,3368610,Kingdom Come: Deliverance II Legacy of the Forge,https://store.steampowered.com/app/3368610/Kingdom_Come_Deliverance_II_Legacy_of_the_Forge/,"Sep 9, 2025",$9.79,979,30.0,Mixed,69.0,1686.0,['windows'],https://shared.fastly.steamstatic.com/store_item_assets/steam/apps/3368610/ac9ee37ddff853c834939f3f1517da5e9b4a68a4/capsule_231x87.jpg?t=1768313326,2026-06-03T02:04:29.680Z,0.0,,,[],[],,,,,,21,75,65,45,48,Standard competitor,Baseline market data,Promotional discount,General Steam audience,Paid upfront,Comparable baseline,[],['weak-player-sentiment'],"Kingdom Come: Deliverance II Legacy of the Forge is a standard competitor, opportunity score 48/100, 69% positive from 1,686 reviews, 30% discount.",Use as baseline competitor data; enrich with reviews for deeper sentiment intelligence.
911,3656800,Train Sim World® 6,https://store.steampowered.com/app/3656800/Train_Sim_World_6/,"Sep 30, 2025",$39.99,3999,0.0,Very Positive,80.0,1606.0,['windows'],https://shared.fastly.steamstatic.com/store_item_assets/steam/apps/3656800/794d6718d0ceb29fdd3bcafad34a52a902b9b139/capsule_231x87.jpg?t=1778519031,2026-06-03T02:04:29.680Z,270.0,,,[],[],,,,,,28,86,50,45,50,Loved niche title,Underserved audience clue,Premium,General Steam audience,Paid upfront,Niche love - small but passionate audience,['loved-by-players'],[],"Train Sim World® 6 is a loved niche title, opportunity score 50/100, 80% positive from 1,606 reviews, 270 current players.",Mine reviews for the exact language players use; niche love often exposes a product angle.
912,780290,Gloomhaven,https://store.steampowered.com/app/780290/Gloomhaven/,"Oct 20, 2021",$9.79,979,72.0,Very Positive,82.0,10126.0,"['windows', 'mac']",https://shared.fastly.steamstatic.com/store_item_assets/steam/apps/780290/9ee373827c5426b8b765de12c656a3a2369bbfcc/capsule_231x87.jpg?t=1780409484,2026-06-03T02:04:29.680Z,539.0,,,[],[],,,,,,34,90,90,45,61,Commercially aggressive,Pricing/monetization benchmark,Deep discount,General Steam audience,Discount-driven sales,Niche love - small but passionate audience,"['loved-by-players', 'aggressive-discounting']",[],"Gloomhaven is a commercially aggressive, opportunity score 61/100, 82% positive from 10,126 reviews, 539 current players, 72% discount.","Compare discount depth, price tier, and monetization model against similar titles."
913,1604270,Broken Arrow,https://store.steampowered.com/app/1604270/Broken_Arrow/,"Jun 19, 2025",$49.99,4999,0.0,Mixed,61.0,9357.0,['windows'],https://shared.fastly.steamstatic.com/store_item_assets/steam/apps/1604270/c9d8751ebc1eaa0da074105d2f41039e6dff0758/capsule_231x87.jpg?t=1776680871,2026-06-03T02:04:29.680Z,1684.0,,,[],[],,,,,,35,69,50,45,49,Standard competitor,Baseline market data,Premium,General Steam audience,Paid upfront,Comparable baseline,[],['weak-player-sentiment'],"Broken Arrow is a standard competitor, opportunity score 49/100, 61% positive from 9,357 reviews, 1,684 current players.",Use as baseline competitor data; enrich with reviews for deeper sentiment intelligence.
914,1605220,Dune: Spice Wars,https://store.steampowered.com/app/1605220/Dune_Spice_Wars/,"Sep 14, 2023",$13.99,1399,60.0,Mostly Positive,79.0,7227.0,['windows'],https://shared.fastly.steamstatic.com/store_item_assets/steam/apps/1605220/capsule_231x87.jpg?t=1733479296,2026-06-03T02:04:29.680Z,185.0,,,[],[],,,,,,31,87,75,45,57,Commercially aggressive,Pricing/monetization benchmark,Promotional discount,General Steam audience,Discount-driven sales,Niche love - small but passionate audience,"['loved-by-players', 'aggressive-discounting']",[],"Dune: Spice Wars is a commercially aggressive, opportunity score 57/100, 79% positive from 7,227 reviews, 185 current players, 60% discount.","Compare discount depth, price tier, and monetization model against similar titles."
915,1282270,Strinova,https://store.steampowered.com/app/1282270/Strinova/,"Nov 21, 2024",Free,0,,Mostly Positive,77.0,10888.0,['windows'],https://shared.fastly.steamstatic.com/store_item_assets/steam/apps/1282270/fa2347b8b73ed77b5ba98b2016a5a19440217b32/capsule_231x87.jpg?t=1779331382,2026-06-03T02:04:29.680Z,941.0,,,[],[],,,,,,34,85,62,45,55,Loved niche title,Underserved audience clue,Free-to-play,General Steam audience,Free acquisition funnel,Niche love - small but passionate audience,"['loved-by-players', 'free-to-play']",[],"Strinova is a loved niche title, opportunity score 55/100, 77% positive from 10,888 reviews, 941 current players.",Mine reviews for the exact language players use; niche love often exposes a product angle.
916,675260,Batman: The Enemy Within - The Telltale Series,https://store.steampowered.com/app/675260/Batman_The_Enemy_Within__The_Telltale_Series/,"Aug 8, 2017",$7.49,749,50.0,Very Positive,94.0,4211.0,['windows'],https://shared.fastly.steamstatic.com/store_item_assets/steam/apps/675260/capsule_231x87.jpg?t=1734105400,2026-06-03T02:04:29.680Z,47.0,,,[],[],,,,,,28,100,80,45,60,Commercially aggressive,Pricing/monetization benchmark,Promotional discount,General Steam audience,Discount-driven sales,Niche love - small but passionate audience,"['loved-by-players', 'aggressive-discounting']",[],"Batman: The Enemy Within - The Telltale Series is a commercially aggressive, opportunity score 60/100, 94% positive from 4,211 reviews, 47 current players, 50% discount.","Compare discount depth, price tier, and monetization model against similar titles."
917,2739990,Mahjong Soul,https://store.steampowered.com/app/2739990/Mahjong_Soul/,"Jul 23, 2024",Free,0,,Very Positive,87.0,2127.0,['windows'],https://shared.fastly.steamstatic.com/store_item_assets/steam/apps/2739990/544cd12e91ab470ba6ecae4858b0bb48d81695bd/capsule_231x87.jpg?t=1778663504,2026-06-03T02:04:29.680Z,623.0,,,[],[],,,,,,30,94,62,45,55,Loved niche title,Underserved audience clue,Free-to-play,General Steam audience,Free acquisition funnel,Niche love - small but passionate audience,"['loved-by-players', 'free-to-play']",[],"Mahjong Soul is a loved niche title, opportunity score 55/100, 87% positive from 2,127 reviews, 623 current players.",Mine reviews for the exact language players use; niche love often exposes a product angle.
918,1857090,Norland,https://store.steampowered.com/app/1857090/Norland/,"Jul 18, 2024",$14.99,1499,50.0,Very Positive,82.0,2729.0,['windows'],https://shared.fastly.steamstatic.com/store_item_assets/steam/apps/1857090/capsule_231x87.jpg?t=1779785653,2026-06-03T02:04:29.680Z,325.0,,,[],[],,,,,,29,89,75,45,56,Commercially aggressive,Pricing/monetization benchmark,Promotional discount,General Steam audience,Discount-driven sales,Niche love - small but passionate audience,"['loved-by-players', 'aggressive-discounting']",[],"Norland is a commercially aggressive, opportunity score 56/100, 82% positive from 2,729 reviews, 325 current players, 50% discount.","Compare discount depth, price tier, and monetization model against similar titles."
919,3400930,Guilty as Sock!,https://store.steampowered.com/app/3400930/Guilty_as_Sock/,"May 29, 2025",$4.40,440,20.0,Very Positive,88.0,2532.0,"['windows', 'mac']",https://shared.fastly.steamstatic.com/store_item_assets/steam/apps/3400930/aff7f016e97fa09a11e2f09f854ef197dfcec897/capsule_231x87.jpg?t=1775754249,2026-06-03T02:04:29.680Z,149.0,,,[],[],,,,,,28,95,65,45,56,Loved niche title,Underserved audience clue,Budget,General Steam audience,Paid upfront,Niche love - small but passionate audience,['loved-by-players'],[],"Guilty as Sock! is a loved niche title, opportunity score 56/100, 88% positive from 2,532 reviews, 149 current players, 20% discount.",Mine reviews for the exact language players use; niche love often exposes a product angle.
920,2169200,Sniper Elite: Resistance,https://store.steampowered.com/app/2169200/Sniper_Elite_Resistance/,"Jan 30, 2025",$49.99,4999,0.0,Mostly Positive,75.0,2256.0,['windows'],https://shared.fastly.steamstatic.com/store_item_assets/steam/apps/2169200/7fa2c363905869ad0d53fbdab682cfc04b4e36fc/capsule_231x87.jpg?t=1765448187,2026-06-03T02:04:29.680Z,312.0,,,[],[],,,,,,29,82,50,45,50,Standard competitor,Baseline market data,Premium,General Steam audience,Paid upfront,Comparable baseline,[],[],"Sniper Elite: Resistance is a standard competitor, opportunity score 50/100, 75% positive from 2,256 reviews, 312 current players.",Use as baseline competitor data; enrich with reviews for deeper sentiment intelligence.
921,2663530,POOLS,https://store.steampowered.com/app/2663530/POOLS/,"Apr 26, 2024",$7.34,734,25.0,Overwhelmingly Positive,95.0,3220.0,"['windows', 'mac', 'linux', 'vr']",https://shared.fastly.steamstatic.com/store_item_assets/steam/apps/2663530/capsule_231x87.jpg?t=1768842904,2026-06-03T02:04:29.680Z,48.0,,,[],[],,,,,,27,100,65,45,56,Loved niche title,Underserved audience clue,Budget,General Steam audience,Paid upfront,Niche love - small but passionate audience,['loved-by-players'],[],"POOLS is a loved niche title, opportunity score 56/100, 95% positive from 3,220 reviews, 48 current players, 25% discount.",Mine reviews for the exact language players use; niche love often exposes a product angle.
922,3654560,Plants vs. Zombies™: Replanted,https://store.steampowered.com/app/3654560/Plants_vs_Zombies_Replanted/,"Oct 23, 2025",$19.99,1999,0.0,Mixed,63.0,2924.0,['windows'],https://shared.fastly.steamstatic.com/store_item_assets/steam/apps/3654560/e0c2fb45f1a787153aafed3b948a57395d94fe09/capsule_231x87.jpg?t=1763401327,2026-06-03T02:04:29.680Z,316.0,,,[],[],,,,,,30,70,60,45,49,Standard competitor,Baseline market data,Mid-market,General Steam audience,Paid upfront,Comparable baseline,[],['weak-player-sentiment'],"Plants vs. Zombies™: Replanted is a standard competitor, opportunity score 49/100, 63% positive from 2,924 reviews, 316 current players.",Use as baseline competitor data; enrich with reviews for deeper sentiment intelligence.
923,3751260,The Blood of Dawnwalker,https://store.steampowered.com/app/3751260/The_Blood_of_Dawnwalker/,"Sep 2, 2026",$69.99,6999,0.0,,,,['windows'],https://shared.fastly.steamstatic.com/store_item_assets/steam/apps/3751260/512cea7b8d6470681fc081ab933290bf14a8f956/capsule_231x87.jpg?t=1780048741,2026-06-03T02:04:29.681Z,,,,[],[],,,,,,4,35,40,45,27,Standard competitor,Baseline market data,High-ticket,General Steam audience,Paid upfront,Comparable baseline,[],['review-data-missing-or-not-yet-established'],"The Blood of Dawnwalker is a standard competitor, opportunity score 27/100.",Use as baseline competitor data; enrich with reviews for deeper sentiment intelligence.
924,3012580,American Truck Simulator - Louisiana,https://store.steampowered.com/app/3012580/American_Truck_Simulator__Louisiana/,"Dec 4, 2025",$11.99,1199,0.0,Mostly Positive,76.0,272.0,"['windows', 'mac', 'linux']",https://shared.fastly.steamstatic.com/store_item_assets/steam/apps/3012580/ed111b13a790c5e70a84d33adeb9e139afff8553/capsule_231x87.jpg?t=1776083189,2026-06-03T02:04:29.681Z,0.0,,,[],[],,,,,,17,81,60,45,47,Standard competitor,Baseline market data,Mid-market,General Steam audience,Paid upfront,Comparable baseline,[],[],"American Truck Simulator - Louisiana is a standard competitor, opportunity score 47/100, 76% positive from 272 reviews.",Use as baseline competitor data; enrich with reviews for deeper sentiment intelligence.
925,4559600,ZEPHON - The Syncretic & The Imperious,https://store.steampowered.com/app/4559600/ZEPHON__The_Syncretic__The_Imperious/,"May 29, 2026",$12.99,1299,0.0,Positive,96.0,26.0,"['windows', 'linux']",https://shared.fastly.steamstatic.com/store_item_assets/steam/apps/4559600/8883b1e424f72532f543a89ddf856f74cb7df9d5/capsule_231x87.jpg?t=1780217144,2026-06-03T02:04:29.681Z,0.0,,,[],[],,,,,,11,99,60,55,52,Loved niche title,Underserved audience clue,Mid-market,General Steam audience,Paid upfront,Niche love - small but passionate audience,"['loved-by-players', 'fresh-release']",['low-review-confidence'],"ZEPHON - The Syncretic & The Imperious is a loved niche title, opportunity score 52/100, 96% positive from 26 reviews.",Mine reviews for the exact language players use; niche love often exposes a product angle.
926,666150,Prehistoric Kingdom,https://store.steampowered.com/app/666150/Prehistoric_Kingdom/,"Apr 27, 2022",$22.49,2249,25.0,Very Positive,90.0,3311.0,['windows'],https://shared.fastly.steamstatic.com/store_item_assets/steam/apps/666150/b17cfb62a3d58807fb340edf305e8e48c91e8f70/capsule_231x87.jpg?t=1770909825,2026-06-03T02:04:29.681Z,196.0,,,[],[],,,,,,29,97,60,45,55,Loved niche title,Underserved audience clue,Mid-market,General Steam audience,Paid upfront,Niche love - small but passionate audience,['loved-by-players'],[],"Prehistoric Kingdom is a loved niche title, opportunity score 55/100, 90% positive from 3,311 reviews, 196 current players, 25% discount.",Mine reviews for the exact language players use; niche love often exposes a product angle.
927,2513280,SONIC X SHADOW GENERATIONS,https://store.steampowered.com/app/2513280/SONIC_X_SHADOW_GENERATIONS/,"Oct 24, 2024",$31.50,4999,0.0,Overwhelmingly Positive,97.0,8657.0,['windows'],https://shared.fastly.steamstatic.com/store_item_assets/steam/apps/2513280/capsule_231x87.jpg?t=1762761352,2026-06-03T02:04:29.681Z,135.0,,,[],[],,,,,,31,100,50,45,55,Loved niche title,Underserved audience clue,Premium,General Steam audience,Paid upfront,Niche love - small but passionate audience,['loved-by-players'],[],"SONIC X SHADOW GENERATIONS is a loved niche title, opportunity score 55/100, 97% positive from 8,657 reviews, 135 current players.",Mine reviews for the exact language players use; niche love often exposes a product angle.
928,1874000,Life is Strange: Double Exposure,https://store.steampowered.com/app/1874000/Life_is_Strange_Double_Exposure/,"Oct 29, 2024",$19.99,1999,60.0,Mixed,67.0,4345.0,['windows'],https://shared.fastly.steamstatic.com/store_item_assets/steam/apps/1874000/b225a16e4e2c4a9069fc87609fc34df9f65c7943/capsule_231x87.jpg?t=1773408764,2026-06-03T02:04:29.681Z,110.0,,,[],[],,,,,,29,74,75,45,53,Commercially aggressive,Pricing/monetization benchmark,Promotional discount,General Steam audience,Discount-driven sales,Comparable baseline,['aggressive-discounting'],['weak-player-sentiment'],"Life is Strange: Double Exposure is a commercially aggressive, opportunity score 53/100, 67% positive from 4,345 reviews, 110 current players, 60% discount.","Compare discount depth, price tier, and monetization model against similar titles."
929,3017860,DOOM: The Dark Ages,https://store.steampowered.com/app/3017860/DOOM_The_Dark_Ages/,"May 14, 2025",$69.99,6999,0.0,Very Positive,85.0,17374.0,['windows'],https://shared.fastly.steamstatic.com/store_item_assets/steam/apps/3017860/4b39d554fb3b3a48ff02e2f05bba7186a58052ce/capsule_231x87.jpg?t=1778168185,2026-06-03T02:04:29.681Z,496.0,,,[],[],,,,,,34,93,40,45,52,Loved niche title,Underserved audience clue,High-ticket,General Steam audience,Paid upfront,Niche love - small but passionate audience,['loved-by-players'],[],"DOOM: The Dark Ages is a loved niche title, opportunity score 52/100, 85% positive from 17,374 reviews, 496 current players.",Mine reviews for the exact language players use; niche love often exposes a product angle.
930,747660,Five Nights at Freddy's: Security Breach,https://store.steampowered.com/app/747660/Five_Nights_at_Freddys_Security_Breach/,"Dec 16, 2021",$39.99,3999,0.0,Very Positive,85.0,36917.0,['windows'],https://shared.fastly.steamstatic.com/store_item_assets/steam/apps/747660/capsule_231x87.jpg?t=1686587905,2026-06-03T02:04:29.681Z,168.0,,,[],[],,,,,,34,94,50,45,54,Loved niche title,Underserved audience clue,Premium,General Steam audience,Paid upfront,Niche love - small but passionate audience,['loved-by-players'],[],"Five Nights at Freddy's: Security Breach is a loved niche title, opportunity score 54/100, 85% positive from 36,917 reviews, 168 current players.",Mine reviews for the exact language players use; niche love often exposes a product angle.
931,2716400,The Rise of the Golden Idol,https://store.steampowered.com/app/2716400/The_Rise_of_the_Golden_Idol/,"Nov 12, 2024",$15.99,1599,20.0,Overwhelmingly Positive,95.0,2432.0,"['windows', 'mac']",https://shared.fastly.steamstatic.com/store_item_assets/steam/apps/2716400/6e347e6dc24a715af7e06265d3ee2664e8067aab/capsule_231x87.jpg?t=1770659282,2026-06-03T02:04:29.681Z,95.0,,,[],[],,,,,,27,100,60,45,55,Loved niche title,Underserved audience clue,Mid-market,General Steam audience,Paid upfront,Niche love - small but passionate audience,['loved-by-players'],[],"The Rise of the Golden Idol is a loved niche title, opportunity score 55/100, 95% positive from 2,432 reviews, 95 current players, 20% discount.",Mine reviews for the exact language players use; niche love often exposes a product angle.
932,3981100,Leaf it Alone,https://store.steampowered.com/app/3981100/Leaf_it_Alone/,"Oct 30, 2025",$5.99,599,0.0,Overwhelmingly Positive,96.0,2187.0,['windows'],https://shared.fastly.steamstatic.com/store_item_assets/steam/apps/3981100/f55517e6359d5efee5a73b02248ed87fc6264ee5/capsule_231x87.jpg?t=1768491802,2026-06-03T02:04:29.681Z,301.0,,,[],[],,,,,,28,100,65,45,57,Loved niche title,Underserved audience clue,Budget,General Steam audience,Paid upfront,Niche love - small but passionate audience,['loved-by-players'],[],"Leaf it Alone is a loved niche title, opportunity score 57/100, 96% positive from 2,187 reviews, 301 current players.",Mine reviews for the exact language players use; niche love often exposes a product angle.
933,2706020,ALL WILL FALL,https://store.steampowered.com/app/2706020/ALL_WILL_FALL/,"Apr 3, 2026",$28.58,2999,41.0,Mostly Positive,75.0,1022.0,['windows'],https://shared.fastly.steamstatic.com/store_item_assets/steam/apps/2706020/e92418f9e13e0def8c74e386f07f1fef6d08972a/capsule_231x87.jpg?t=1779218388,2026-06-03T02:04:29.681Z,298.0,,,[],[],,,,,,27,81,75,55,56,Commercially aggressive,Pricing/monetization benchmark,Promotional discount,General Steam audience,Paid upfront,Comparable baseline,['fresh-release'],[],"ALL WILL FALL is a commercially aggressive, opportunity score 56/100, 75% positive from 1,022 reviews, 298 current players, 41% discount.","Compare discount depth, price tier, and monetization model against similar titles."
934,400,Portal,https://store.steampowered.com/app/400/Portal/,"Oct 10, 2007",$9.99,999,0.0,Overwhelmingly Positive,98.0,82009.0,"['windows', 'linux']",https://shared.fastly.steamstatic.com/store_item_assets/steam/apps/400/capsule_231x87.jpg?t=1745368554,2026-06-03T02:04:29.681Z,374.0,,,[],[],,,,,,36,100,65,45,60,Loved niche title,Underserved audience clue,Budget,General Steam audience,Paid upfront,Niche love - small but passionate audience,['loved-by-players'],[],"Portal is a loved niche title, opportunity score 60/100, 98% positive from 82,009 reviews, 374 current players.",Mine reviews for the exact language players use; niche love often exposes a product angle.
935,975370,Dwarf Fortress,https://store.steampowered.com/app/975370/Dwarf_Fortress/,"Dec 6, 2022",$29.99,2999,0.0,Very Positive,94.0,23825.0,"['windows', 'linux']",https://shared.fastly.steamstatic.com/store_item_assets/steam/apps/975370/850c2065e11af335a579e58febcda189ea13b489/capsule_231x87.jpg?t=1779740424,2026-06-03T02:04:29.681Z,746.0,,,[],[],,,,,,35,100,60,45,58,Loved niche title,Underserved audience clue,Mid-market,General Steam audience,Paid upfront,Niche love - small but passionate audience,['loved-by-players'],[],"Dwarf Fortress is a loved niche title, opportunity score 58/100, 94% positive from 23,825 reviews, 746 current players.",Mine reviews for the exact language players use; niche love often exposes a product angle.
936,500,Left 4 Dead,https://store.steampowered.com/app/500/Left_4_Dead/,"Nov 17, 2008",$9.99,999,0.0,Overwhelmingly Positive,95.0,19741.0,['windows'],https://shared.fastly.steamstatic.com/store_item_assets/steam/apps/500/capsule_231x87.jpg?t=1745368560,2026-06-03T02:04:29.681Z,551.0,,,[],[],,,,,,34,100,65,45,59,Loved niche title,Underserved audience clue,Budget,General Steam audience,Paid upfront,Niche love - small but passionate audience,['loved-by-players'],[],"Left 4 Dead is a loved niche title, opportunity score 59/100, 95% positive from 19,741 reviews, 551 current players.",Mine reviews for the exact language players use; niche love often exposes a product angle.
937,1184370,Pathfinder: Wrath of the Righteous - Enhanced Edition,https://store.steampowered.com/app/1184370/Pathfinder_Wrath_of_the_Righteous__Enhanced_Edition/,"Sep 2, 2021",$19.56,1999,52.0,Very Positive,81.0,18088.0,"['windows', 'mac']",https://shared.fastly.steamstatic.com/store_item_assets/steam/apps/1184370/capsule_231x87.jpg?t=1779177424,2026-06-03T02:04:29.681Z,2046.0,,,[],[],,,,,,35,90,75,45,59,Commercially aggressive,Pricing/monetization benchmark,Promotional discount,General Steam audience,Discount-driven sales,Niche love - small but passionate audience,"['loved-by-players', 'aggressive-discounting']",[],"Pathfinder: Wrath of the Righteous - Enhanced Edition is a commercially aggressive, opportunity score 59/100, 81% positive from 18,088 reviews, 2,046 current players, 52% discount.","Compare discount depth, price tier, and monetization model against similar titles."
938,2054970,Dragon's Dogma 2,https://store.steampowered.com/app/2054970/Dragons_Dogma_2/,"Mar 21, 2024",$69.99,6999,0.0,Mixed,67.0,43428.0,['windows'],https://shared.fastly.steamstatic.com/store_item_assets/steam/apps/2054970/capsule_231x87.jpg?t=1768870094,2026-06-03T02:04:29.682Z,639.0,,,[],[],,,,,,36,76,40,45,49,Standard competitor,Baseline market data,High-ticket,General Steam audience,Paid upfront,Comparable baseline,[],['weak-player-sentiment'],"Dragon's Dogma 2 is a standard competitor, opportunity score 49/100, 67% positive from 43,428 reviews, 639 current players.",Use as baseline competitor data; enrich with reviews for deeper sentiment intelligence.
939,4269090,Predecessor: Heroes Unlimited,https://store.steampowered.com/app/4269090/Predecessor_Heroes_Unlimited/,"Jan 21, 2026",$29.99,2999,0.0,Positive,100.0,14.0,['windows'],https://shared.fastly.steamstatic.com/store_item_assets/steam/apps/4269090/58e881b01baec7c1cdb44e80cd6ec00432951f73/capsule_231x87.jpg?t=1776869459,2026-06-03T02:04:29.682Z,0.0,,,[],[],,,,,,9,100,60,45,49,Loved niche title,Underserved audience clue,Mid-market,General Steam audience,Paid upfront,Niche love - small but passionate audience,['loved-by-players'],['low-review-confidence'],"Predecessor: Heroes Unlimited is a loved niche title, opportunity score 49/100, 100% positive from 14 reviews.",Mine reviews for the exact language players use; niche love often exposes a product angle.
940,985830,SUCCUBUS,https://store.steampowered.com/app/985830/SUCCUBUS/,"Oct 5, 2021",$3.49,349,86.0,Mostly Positive,78.0,1783.0,['windows'],https://shared.fastly.steamstatic.com/store_item_assets/steam/apps/985830/capsule_231x87.jpg?t=1779977313,2026-06-03T02:04:29.682Z,19.0,,,[],[],,,,,,24,85,90,45,57,Commercially aggressive,Pricing/monetization benchmark,Deep discount,General Steam audience,Discount-driven sales,Niche love - small but passionate audience,"['loved-by-players', 'aggressive-discounting']",[],"SUCCUBUS is a commercially aggressive, opportunity score 57/100, 78% positive from 1,783 reviews, 19 current players, 86% discount.","Compare discount depth, price tier, and monetization model against similar titles."
941,1996770,Turok 3: Shadow of Oblivion Remastered,https://store.steampowered.com/app/1996770/Turok_3_Shadow_of_Oblivion_Remastered/,"Nov 30, 2023",$11.99,1199,60.0,Very Positive,86.0,531.0,['windows'],https://shared.fastly.steamstatic.com/store_item_assets/steam/apps/1996770/capsule_231x87.jpg?t=1774276514,2026-06-03T02:04:29.682Z,15.0,,,[],[],,,,,,21,91,75,45,54,Commercially aggressive,Pricing/monetization benchmark,Promotional discount,General Steam audience,Discount-driven sales,Niche love - small but passionate audience,"['loved-by-players', 'aggressive-discounting']",[],"Turok 3: Shadow of Oblivion Remastered is a commercially aggressive, opportunity score 54/100, 86% positive from 531 reviews, 15 current players, 60% discount.","Compare discount depth, price tier, and monetization model against similar titles."
942,1686940,Bopl Battle,https://store.steampowered.com/app/1686940/Bopl_Battle/,"Nov 16, 2023",$9.99,999,0.0,Overwhelmingly Positive,97.0,16278.0,['windows'],https://shared.fastly.steamstatic.com/store_item_assets/steam/apps/1686940/capsule_231x87.jpg?t=1746784732,2026-06-03T02:04:29.682Z,423.0,,,[],[],,,,,,33,100,65,45,59,Loved niche title,Underserved audience clue,Budget,General Steam audience,Paid upfront,Niche love - small but passionate audience,['loved-by-players'],[],"Bopl Battle is a loved niche title, opportunity score 59/100, 97% positive from 16,278 reviews, 423 current players.",Mine reviews for the exact language players use; niche love often exposes a product angle.
943,1933390,Rain World: Downpour,https://store.steampowered.com/app/1933390/Rain_World_Downpour/,"Jan 19, 2023",$9.74,974,35.0,Very Positive,94.0,1675.0,['windows'],https://shared.fastly.steamstatic.com/store_item_assets/steam/apps/1933390/df2a932d323d0a8ba29badcb665d8c5ce1ad354b/capsule_231x87.jpg?t=1779908036,2026-06-03T02:04:29.682Z,0.0,,,[],[],,,,,,20,100,65,45,54,Loved niche title,Underserved audience clue,Promotional discount,General Steam audience,Paid upfront,Niche love - small but passionate audience,['loved-by-players'],[],"Rain World: Downpour is a loved niche title, opportunity score 54/100, 94% positive from 1,675 reviews, 35% discount.",Mine reviews for the exact language players use; niche love often exposes a product angle.
944,10090,Call of Duty: World at War,https://store.steampowered.com/app/10090/Call_of_Duty_World_at_War/,"Nov 18, 2008",$19.99,1999,0.0,Very Positive,92.0,33270.0,['windows'],https://shared.fastly.steamstatic.com/store_item_assets/steam/apps/10090/capsule_231x87.jpg?t=1654830025,2026-06-03T02:04:29.682Z,351.0,,,[],[],,,,,,34,100,60,45,58,Loved niche title,Underserved audience clue,Mid-market,General Steam audience,Paid upfront,Niche love - small but passionate audience,['loved-by-players'],[],"Call of Duty: World at War is a loved niche title, opportunity score 58/100, 92% positive from 33,270 reviews, 351 current players.",Mine reviews for the exact language players use; niche love often exposes a product angle.
945,3799610,MechWarrior 5: Mercenaries - Shadow of Kerensky,https://store.steampowered.com/app/3799610/MechWarrior_5_Mercenaries__Shadow_of_Kerensky/,"Sep 3, 2025",$19.99,1999,0.0,Very Positive,82.0,390.0,['windows'],https://shared.fastly.steamstatic.com/store_item_assets/steam/apps/3799610/c79170293315e81a746105a1ee386b9cece5f7e4/capsule_231x87.jpg?t=1756922407,2026-06-03T02:04:29.682Z,0.0,,,[],[],,,,,,16,87,60,45,48,Loved niche title,Underserved audience clue,Mid-market,General Steam audience,Paid upfront,Niche love - small but passionate audience,['loved-by-players'],[],"MechWarrior 5: Mercenaries - Shadow of Kerensky is a loved niche title, opportunity score 48/100, 82% positive from 390 reviews.",Mine reviews for the exact language players use; niche love often exposes a product angle.
946,397540,Borderlands 3,https://store.steampowered.com/app/397540/Borderlands_3/,"Mar 13, 2020",$59.99,5999,0.0,Very Positive,81.0,59793.0,['windows'],https://shared.fastly.steamstatic.com/store_item_assets/steam/apps/397540/capsule_231x87.jpg?t=1750802377,2026-06-03T02:04:29.682Z,1250.0,,,[],[],,,,,,37,91,50,45,55,Loved niche title,Underserved audience clue,Premium,General Steam audience,Paid upfront,Niche love - small but passionate audience,['loved-by-players'],[],"Borderlands 3 is a loved niche title, opportunity score 55/100, 81% positive from 59,793 reviews, 1,250 current players.",Mine reviews for the exact language players use; niche love often exposes a product angle.
947,1989270,Slay the Princess — The Pristine Cut,https://store.steampowered.com/app/1989270/Slay_the_Princess__The_Pristine_Cut/,"Oct 23, 2023",$17.99,1799,0.0,Overwhelmingly Positive,97.0,22408.0,"['windows', 'mac', 'linux']",https://shared.fastly.steamstatic.com/store_item_assets/steam/apps/1989270/90faf29da4637bbf2e935d6b587b34fd01e16799/capsule_231x87.jpg?t=1775751748,2026-06-03T02:04:29.682Z,190.0,,,[],[],,,,,,32,100,60,45,57,Loved niche title,Underserved audience clue,Mid-market,General Steam audience,Paid upfront,Niche love - small but passionate audience,['loved-by-players'],[],"Slay the Princess — The Pristine Cut is a loved niche title, opportunity score 57/100, 97% positive from 22,408 reviews, 190 current players.",Mine reviews for the exact language players use; niche love often exposes a product angle.
948,3151380,Small Spaces,https://store.steampowered.com/app/3151380/Small_Spaces/,"May 27, 2025",$12.99,1299,0.0,Very Positive,88.0,1227.0,['windows'],https://shared.fastly.steamstatic.com/store_item_assets/steam/apps/3151380/4619f6172f6bdb3f6933fb02571a9497f4268c80/capsule_231x87.jpg?t=1776162828,2026-06-03T02:04:29.682Z,116.0,,,[],[],,,,,,25,94,60,45,53,Loved niche title,Underserved audience clue,Mid-market,General Steam audience,Paid upfront,Niche love - small but passionate audience,['loved-by-players'],[],"Small Spaces is a loved niche title, opportunity score 53/100, 88% positive from 1,227 reviews, 116 current players.",Mine reviews for the exact language players use; niche love often exposes a product angle.
949,4264260,Utawarerumono: Past and Present Rediscovered,https://store.steampowered.com/app/4264260/Utawarerumono_Past_and_Present_Rediscovered/,"May 27, 2026",$53.99,5399,10.0,Very Positive,84.0,110.0,['windows'],https://shared.fastly.steamstatic.com/store_item_assets/steam/apps/4264260/3bcc9e6ae77290663413f7fd922119a60b7e87ea/capsule_231x87.jpg?t=1779968151,2026-06-03T02:04:29.682Z,183.0,,,[],[],,,,,,20,88,50,55,50,Loved niche title,Underserved audience clue,Premium,General Steam audience,Paid upfront,Niche love - small but passionate audience,"['loved-by-players', 'fresh-release']",[],"Utawarerumono: Past and Present Rediscovered is a loved niche title, opportunity score 50/100, 84% positive from 110 reviews, 183 current players, 10% discount.",Mine reviews for the exact language players use; niche love often exposes a product angle.
950,1259420,Days Gone,https://store.steampowered.com/app/1259420/Days_Gone/,"May 17, 2021",$39.99,3999,0.0,Very Positive,92.0,36191.0,['windows'],https://shared.fastly.steamstatic.com/store_item_assets/steam/apps/1259420/capsule_231x87.jpg?t=1750947718,2026-06-03T02:04:29.682Z,1165.0,,,[],[],,,,,,36,100,50,45,57,Loved niche title,Underserved audience clue,Premium,General Steam audience,Paid upfront,Niche love - small but passionate audience,['loved-by-players'],[],"Days Gone is a loved niche title, opportunity score 57/100, 92% positive from 36,191 reviews, 1,165 current players.",Mine reviews for the exact language players use; niche love often exposes a product angle.
951,982970,Kerbal Space Program: Breaking Ground Expansion,https://store.steampowered.com/app/982970/Kerbal_Space_Program_Breaking_Ground_Expansion/,"May 30, 2019",$14.99,1499,0.0,Mostly Positive,77.0,458.0,"['windows', 'mac', 'linux']",https://shared.fastly.steamstatic.com/store_item_assets/steam/apps/982970/capsule_231x87.jpg?t=1738037588,2026-06-03T02:04:29.682Z,0.0,,,[],[],,,,,,17,82,60,45,47,Standard competitor,Baseline market data,Mid-market,General Steam audience,Paid upfront,Comparable baseline,[],[],"Kerbal Space Program: Breaking Ground Expansion is a standard competitor, opportunity score 47/100, 77% positive from 458 reviews.",Use as baseline competitor data; enrich with reviews for deeper sentiment intelligence.
952,2062430,BALL x PIT,https://store.steampowered.com/app/2062430/BALL_x_PIT/,"Oct 15, 2025",$14.99,1499,0.0,Overwhelmingly Positive,95.0,14388.0,"['windows', 'mac']",https://shared.fastly.steamstatic.com/store_item_assets/steam/apps/2062430/ba031d263b314f05da9029be895ccb4f8dfe56dd/capsule_231x87_alt_assets_1.jpg?t=1777370284,2026-06-03T02:04:29.682Z,927.0,,,[],[],,,,,,33,100,60,45,58,Loved niche title,Underserved audience clue,Mid-market,General Steam audience,Paid upfront,Niche love - small but passionate audience,['loved-by-players'],[],"BALL x PIT is a loved niche title, opportunity score 58/100, 95% positive from 14,388 reviews, 927 current players.",Mine reviews for the exact language players use; niche love often exposes a product angle.
953,2413950,Final Sentence,https://store.steampowered.com/app/2413950/Final_Sentence/,"Apr 9, 2026",$6.99,699,30.0,Very Positive,84.0,832.0,['windows'],https://shared.fastly.steamstatic.com/store_item_assets/steam/apps/2413950/2e9b2db7d1e543232b3b19d2aee2deeb4eae1a9f/capsule_231x87.jpg?t=1777020610,2026-06-03T02:04:29.682Z,34.0,,,[],[],,,,,,22,90,65,55,54,Loved niche title,Underserved audience clue,Promotional discount,General Steam audience,Paid upfront,Niche love - small but passionate audience,"['loved-by-players', 'fresh-release']",[],"Final Sentence is a loved niche title, opportunity score 54/100, 84% positive from 832 reviews, 34 current players, 30% discount.",Mine reviews for the exact language players use; niche love often exposes a product angle.
954,1150690,OMORI,https://store.steampowered.com/app/1150690/OMORI/,"Dec 25, 2020",$19.99,1999,0.0,Overwhelmingly Positive,97.0,53469.0,"['windows', 'mac']",https://shared.fastly.steamstatic.com/store_item_assets/steam/apps/1150690/capsule_231x87.jpg?t=1671584768,2026-06-03T02:04:29.682Z,388.0,,,[],[],,,,,,35,100,60,45,58,Loved niche title,Underserved audience clue,Mid-market,General Steam audience,Paid upfront,Niche love - small but passionate audience,['loved-by-players'],[],"OMORI is a loved niche title, opportunity score 58/100, 97% positive from 53,469 reviews, 388 current players.",Mine reviews for the exact language players use; niche love often exposes a product angle.
955,588650,Dead Cells,https://store.steampowered.com/app/588650/Dead_Cells/,"Aug 6, 2018",$24.99,2499,0.0,Overwhelmingly Positive,96.0,43746.0,"['windows', 'mac', 'linux']",https://shared.fastly.steamstatic.com/store_item_assets/steam/apps/588650/capsule_231x87.jpg?t=1779086887,2026-06-03T02:04:29.683Z,1078.0,,,[],[],,,,,,36,100,60,45,59,Loved niche title,Underserved audience clue,Mid-market,General Steam audience,Paid upfront,Niche love - small but passionate audience,['loved-by-players'],[],"Dead Cells is a loved niche title, opportunity score 59/100, 96% positive from 43,746 reviews, 1,078 current players.",Mine reviews for the exact language players use; niche love often exposes a product angle.
956,3969080,MapleStory M,https://store.steampowered.com/app/3969080/MapleStory_M/,"Mar 18, 2026",Free,0,,Mostly Negative,37.0,125.0,['windows'],https://shared.fastly.steamstatic.com/store_item_assets/steam/apps/3969080/cde6105665dc5caab236f0c144dbe229fa7887bd/capsule_231x87.jpg?t=1773889026,2026-06-03T02:04:29.683Z,207.0,,,[],[],,,,,,20,41,62,55,41,Standard competitor,Baseline market data,Free-to-play,General Steam audience,Free acquisition funnel,Comparable baseline,"['free-to-play', 'fresh-release']",['weak-player-sentiment'],"MapleStory M is a standard competitor, opportunity score 41/100, 37% positive from 125 reviews, 207 current players.",Use as baseline competitor data; enrich with reviews for deeper sentiment intelligence.
957,3952700,Destiny 2: Lawless Silver Bundle,https://store.steampowered.com/app/3952700/Destiny_2_Lawless_Silver_Bundle/,"Dec 2, 2025",$9.99,999,0.0,Positive,81.0,32.0,['windows'],https://shared.fastly.steamstatic.com/store_item_assets/steam/apps/3952700/a95ec892037532da70ea7619291fe59794461758/capsule_231x87.jpg?t=1764698644,2026-06-03T02:04:29.683Z,0.0,,,[],[],,,,,,10,84,65,45,47,Standard competitor,Baseline market data,Budget,General Steam audience,Paid upfront,Comparable baseline,[],['low-review-confidence'],"Destiny 2: Lawless Silver Bundle is a standard competitor, opportunity score 47/100, 81% positive from 32 reviews.",Use as baseline competitor data; enrich with reviews for deeper sentiment intelligence.
958,4544860,Warframe: Voruna Prime Access - Weapons Pack,https://store.steampowered.com/app/4544860/Warframe_Voruna_Prime_Access__Weapons_Pack/,"Apr 8, 2026",$49.99,4999,0.0,,,,['windows'],https://shared.fastly.steamstatic.com/store_item_assets/steam/apps/4544860/757230962701e232d0d38ef6ae6043aa0d4057e9/capsule_231x87.jpg?t=1775660623,2026-06-03T02:04:29.683Z,0.0,,,[],[],,,,,,2,35,50,55,30,Standard competitor,Baseline market data,Premium,General Steam audience,Paid upfront,Comparable baseline,['fresh-release'],['review-data-missing-or-not-yet-established'],"Warframe: Voruna Prime Access - Weapons Pack is a standard competitor, opportunity score 30/100.",Use as baseline competitor data; enrich with reviews for deeper sentiment intelligence.
959,799600,Cosmoteer: Starship Architect & Commander,https://store.steampowered.com/app/799600/Cosmoteer_Starship_Architect__Commander/,"Oct 24, 2022",$13.99,1399,30.0,Very Positive,94.0,7458.0,['windows'],https://shared.fastly.steamstatic.com/store_item_assets/steam/apps/799600/4693f4d550ca32bd4c96478dcb5f29603ade08ac/capsule_231x87.jpg?t=1779993235,2026-06-03T02:04:29.683Z,410.0,,,[],[],,,,,,30,100,60,45,57,Loved niche title,Underserved audience clue,Promotional discount,General Steam audience,Paid upfront,Niche love - small but passionate audience,['loved-by-players'],[],"Cosmoteer: Starship Architect & Commander is a loved niche title, opportunity score 57/100, 94% positive from 7,458 reviews, 410 current players, 30% discount.",Mine reviews for the exact language players use; niche love often exposes a product angle.
960,835570,Conqueror's Blade,https://store.steampowered.com/app/835570/Conquerors_Blade/,"Apr 5, 2020",Free,0,,Mostly Positive,73.0,6704.0,['windows'],https://shared.fastly.steamstatic.com/store_item_assets/steam/apps/835570/ac2c2fe9a23f8abd005321ea617eb1d67385e874/capsule_231x87.jpg?t=1779764579,2026-06-03T02:04:29.683Z,1391.0,,,[],[],,,,,,32,81,62,45,53,Standard competitor,Baseline market data,Free-to-play,General Steam audience,Free acquisition funnel,Comparable baseline,['free-to-play'],[],"Conqueror's Blade is a standard competitor, opportunity score 53/100, 73% positive from 6,704 reviews, 1,391 current players.",Use as baseline competitor data; enrich with reviews for deeper sentiment intelligence.
961,1929610,Demonologist,https://store.steampowered.com/app/1929610/Demonologist/,"Sep 25, 2023",$19.99,1999,0.0,Very Positive,84.0,10176.0,['windows'],https://shared.fastly.steamstatic.com/store_item_assets/steam/apps/1929610/capsule_231x87.jpg?t=1761136310,2026-06-03T02:04:29.683Z,153.0,,,[],[],,,,,,30,92,60,45,55,Loved niche title,Underserved audience clue,Mid-market,General Steam audience,Paid upfront,Niche love - small but passionate audience,['loved-by-players'],[],"Demonologist is a loved niche title, opportunity score 55/100, 84% positive from 10,176 reviews, 153 current players.",Mine reviews for the exact language players use; niche love often exposes a product angle.
962,483840,Grim Dawn - Crucible Mode DLC,https://store.steampowered.com/app/483840/Grim_Dawn__Crucible_Mode_DLC/,"Aug 3, 2016",$5.59,559,30.0,Very Positive,82.0,565.0,['windows'],https://shared.fastly.steamstatic.com/store_item_assets/steam/apps/483840/capsule_231x87.jpg?t=1700170586,2026-06-03T02:04:29.683Z,0.0,,,[],[],,,,,,17,88,65,45,50,Loved niche title,Underserved audience clue,Promotional discount,General Steam audience,Paid upfront,Niche love - small but passionate audience,['loved-by-players'],[],"Grim Dawn - Crucible Mode DLC is a loved niche title, opportunity score 50/100, 82% positive from 565 reviews, 30% discount.",Mine reviews for the exact language players use; niche love often exposes a product angle.
963,1237320,Sonic Frontiers,https://store.steampowered.com/app/1237320/Sonic_Frontiers/,"Nov 7, 2022",$24.00,3999,0.0,Very Positive,90.0,15612.0,['windows'],https://shared.fastly.steamstatic.com/store_item_assets/steam/apps/1237320/capsule_231x87.jpg?t=1778176871,2026-06-03T02:04:29.683Z,191.0,,,[],[],,,,,,31,98,50,45,54,Loved niche title,Underserved audience clue,Premium,General Steam audience,Paid upfront,Niche love - small but passionate audience,['loved-by-players'],[],"Sonic Frontiers is a loved niche title, opportunity score 54/100, 90% positive from 15,612 reviews, 191 current players.",Mine reviews for the exact language players use; niche love often exposes a product angle.
964,9880,Champions Online,https://store.steampowered.com/app/9880/Champions_Online/,"Jun 14, 2011",Free,0,,Mixed,68.0,3127.0,['windows'],https://shared.fastly.steamstatic.com/store_item_assets/steam/apps/9880/capsule_231x87.jpg?t=1776802338,2026-06-03T02:04:29.683Z,155.0,,,[],[],,,,,,27,75,62,45,50,Standard competitor,Baseline market data,Free-to-play,General Steam audience,Free acquisition funnel,Comparable baseline,['free-to-play'],['weak-player-sentiment'],"Champions Online is a standard competitor, opportunity score 50/100, 68% positive from 3,127 reviews, 155 current players.",Use as baseline competitor data; enrich with reviews for deeper sentiment intelligence.
965,1235734,The Sims™ 4 Get To Work,https://store.steampowered.com/app/1235734/The_Sims_4_Get_To_Work/,"Jun 18, 2020",$39.99,3999,0.0,Mixed,45.0,284.0,['windows'],https://shared.fastly.steamstatic.com/store_item_assets/steam/apps/1235734/capsule_231x87.jpg?t=1757964370,2026-06-03T02:04:29.683Z,0.0,,,[],[],,,,,,15,50,50,45,37,Standard competitor,Baseline market data,Premium,General Steam audience,Paid upfront,Comparable baseline,[],['weak-player-sentiment'],"The Sims™ 4 Get To Work is a standard competitor, opportunity score 37/100, 45% positive from 284 reviews.",Use as baseline competitor data; enrich with reviews for deeper sentiment intelligence.
966,701160,Kingdom Two Crowns,https://store.steampowered.com/app/701160/Kingdom_Two_Crowns/,"Dec 11, 2018",$4.99,499,75.0,Very Positive,90.0,9845.0,"['windows', 'mac', 'linux']",https://shared.fastly.steamstatic.com/store_item_assets/steam/apps/701160/a6b90c7c7f4c869587a8fa91234ae0367526567d/capsule_231x87.jpg?t=1779781351,2026-06-03T02:04:29.684Z,915.0,,,[],[],,,,,,32,98,90,45,63,Commercially aggressive,Pricing/monetization benchmark,Deep discount,General Steam audience,Discount-driven sales,Niche love - small but passionate audience,"['loved-by-players', 'aggressive-discounting']",[],"Kingdom Two Crowns is a commercially aggressive, opportunity score 63/100, 90% positive from 9,845 reviews, 915 current players, 75% discount.","Compare discount depth, price tier, and monetization model against similar titles."
967,4195600,AFK Journey,https://store.steampowered.com/app/4195600/AFK_Journey/,"Apr 27, 2026",Free,0,,Mostly Positive,78.0,563.0,['windows'],https://shared.fastly.steamstatic.com/store_item_assets/steam/apps/4195600/0d19f0a9aa61d6c3fd3ac23ac3e60c577f326df8/capsule_231x87.jpg?t=1779964884,2026-06-03T02:04:29.684Z,992.0,,,[],[],,,,,,25,84,62,55,53,Standard competitor,Baseline market data,Free-to-play,General Steam audience,Free acquisition funnel,Comparable baseline,"['free-to-play', 'fresh-release']",[],"AFK Journey is a standard competitor, opportunity score 53/100, 78% positive from 563 reviews, 992 current players.",Use as baseline competitor data; enrich with reviews for deeper sentiment intelligence.
968,3199360,Skull Horde,https://store.steampowered.com/app/3199360/Skull_Horde/,"Apr 10, 2026",$9.74,974,25.0,Very Positive,82.0,888.0,"['windows', 'mac', 'linux']",https://shared.fastly.steamstatic.com/store_item_assets/steam/apps/3199360/4a0601fc72c5406d28999e223d2ca4cd6b17662e/capsule_231x87_alt_assets_0.jpg?t=1779607540,2026-06-03T02:04:29.684Z,196.0,,,[],[],,,,,,24,88,65,55,54,Loved niche title,Underserved audience clue,Budget,General Steam audience,Paid upfront,Niche love - small but passionate audience,"['loved-by-players', 'fresh-release']",[],"Skull Horde is a loved niche title, opportunity score 54/100, 82% positive from 888 reviews, 196 current players, 25% discount.",Mine reviews for the exact language players use; niche love often exposes a product angle.
969,4160210,The Artisan of Glimmith,https://store.steampowered.com/app/4160210/The_Artisan_of_Glimmith/,"Mar 17, 2026",$12.99,1299,0.0,Overwhelmingly Positive,98.0,1473.0,['windows'],https://shared.fastly.steamstatic.com/store_item_assets/steam/apps/4160210/579400dbfa41cf11aa1870c08f3885ab8d76d292/capsule_231x87.jpg?t=1779336209,2026-06-03T02:04:29.684Z,394.0,,,[],[],,,,,,26,100,60,55,57,Loved niche title,Underserved audience clue,Mid-market,General Steam audience,Paid upfront,Niche love - small but passionate audience,"['loved-by-players', 'fresh-release']",[],"The Artisan of Glimmith is a loved niche title, opportunity score 57/100, 98% positive from 1,473 reviews, 394 current players.",Mine reviews for the exact language players use; niche love often exposes a product angle.
970,1876590,I Am Your Beast,https://store.steampowered.com/app/1876590/I_Am_Your_Beast/,"Sep 10, 2024",$12.99,1299,35.0,Overwhelmingly Positive,98.0,4281.0,['windows'],https://shared.fastly.steamstatic.com/store_item_assets/steam/apps/1876590/9baf542a9b11a6be6b621de35b41ab4ed744725c/capsule_231x87.jpg?t=1776695015,2026-06-03T02:04:29.684Z,29.0,,,[],[],,,,,,25,100,60,45,55,Loved niche title,Underserved audience clue,Promotional discount,General Steam audience,Paid upfront,Niche love - small but passionate audience,['loved-by-players'],[],"I Am Your Beast is a loved niche title, opportunity score 55/100, 98% positive from 4,281 reviews, 29 current players, 35% discount.",Mine reviews for the exact language players use; niche love often exposes a product angle.
971,292730,Call of Duty®: Infinite Warfare,https://store.steampowered.com/app/292730/Call_of_Duty_Infinite_Warfare/,"Nov 3, 2016",$59.99,5999,0.0,Mixed,62.0,9431.0,['windows'],https://shared.fastly.steamstatic.com/store_item_assets/steam/apps/292730/capsule_231x87.jpg?t=1755558170,2026-06-03T02:04:29.684Z,262.0,,,[],[],,,,,,30,70,50,45,47,Standard competitor,Baseline market data,Premium,General Steam audience,Paid upfront,Comparable baseline,[],['weak-player-sentiment'],"Call of Duty®: Infinite Warfare is a standard competitor, opportunity score 47/100, 62% positive from 9,431 reviews, 262 current players.",Use as baseline competitor data; enrich with reviews for deeper sentiment intelligence.
972,2420110,Horizon Forbidden West™ Complete Edition,https://store.steampowered.com/app/2420110/Horizon_Forbidden_West_Complete_Edition/,"Mar 21, 2024",$59.99,5999,0.0,Very Positive,88.0,10628.0,['windows'],https://shared.fastly.steamstatic.com/store_item_assets/steam/apps/2420110/capsule_231x87.jpg?t=1776465869,2026-06-03T02:04:29.684Z,936.0,,,[],[],,,,,,32,96,50,45,54,Loved niche title,Underserved audience clue,Premium,General Steam audience,Paid upfront,Niche love - small but passionate audience,['loved-by-players'],[],"Horizon Forbidden West™ Complete Edition is a loved niche title, opportunity score 54/100, 88% positive from 10,628 reviews, 936 current players.",Mine reviews for the exact language players use; niche love often exposes a product angle.
973,2848330,Lies of P: Overture,https://store.steampowered.com/app/2848330/Lies_of_P_Overture/,"Jun 6, 2025",$29.99,2999,0.0,Very Positive,88.0,2611.0,"['windows', 'mac']",https://shared.fastly.steamstatic.com/store_item_assets/steam/apps/2848330/739caba35242391f0405e9dd1edfb5159ee0f9e7/capsule_231x87.jpg?t=1764564898,2026-06-03T02:04:29.684Z,0.0,,,[],[],,,,,,20,95,60,45,52,Loved niche title,Underserved audience clue,Mid-market,General Steam audience,Paid upfront,Niche love - small but passionate audience,['loved-by-players'],[],"Lies of P: Overture is a loved niche title, opportunity score 52/100, 88% positive from 2,611 reviews.",Mine reviews for the exact language players use; niche love often exposes a product angle.
974,8870,BioShock Infinite,https://store.steampowered.com/app/8870/BioShock_Infinite/,"Mar 25, 2013",$29.99,2999,0.0,Very Positive,91.0,47114.0,"['windows', 'mac', 'linux']",https://shared.fastly.steamstatic.com/store_item_assets/steam/apps/8870/capsule_231x87.jpg?t=1728673518,2026-06-03T02:04:29.685Z,386.0,,,[],[],,,,,,34,100,60,45,58,Loved niche title,Underserved audience clue,Mid-market,General Steam audience,Paid upfront,Niche love - small but passionate audience,['loved-by-players'],[],"BioShock Infinite is a loved niche title, opportunity score 58/100, 91% positive from 47,114 reviews, 386 current players.",Mine reviews for the exact language players use; niche love often exposes a product angle.
975,2404880,Car Dealer Simulator,https://store.steampowered.com/app/2404880/Car_Dealer_Simulator/,"May 29, 2025",$19.99,1999,0.0,Very Positive,88.0,3949.0,['windows'],https://shared.fastly.steamstatic.com/store_item_assets/steam/apps/2404880/a31999a65a6a5ce0c22ff537d0e03c4760879fd6/capsule_231x87.jpg?t=1780388472,2026-06-03T02:04:29.685Z,646.0,,,[],[],,,,,,29,95,60,45,55,Loved niche title,Underserved audience clue,Mid-market,General Steam audience,Paid upfront,Niche love - small but passionate audience,['loved-by-players'],[],"Car Dealer Simulator is a loved niche title, opportunity score 55/100, 88% positive from 3,949 reviews, 646 current players.",Mine reviews for the exact language players use; niche love often exposes a product angle.
976,233860,Kenshi,https://store.steampowered.com/app/233860/Kenshi/,"Dec 6, 2018",$29.99,2999,0.0,Overwhelmingly Positive,95.0,47312.0,['windows'],https://shared.fastly.steamstatic.com/store_item_assets/steam/apps/233860/050649252f4e28567deeeb17cf4834e52665db05/capsule_231x87.jpg?t=1779293333,2026-06-03T02:04:29.685Z,6169.0,,,[],[],,,,,,38,100,60,45,59,Loved niche title,Underserved audience clue,Mid-market,General Steam audience,Paid upfront,Niche love - small but passionate audience,['loved-by-players'],[],"Kenshi is a loved niche title, opportunity score 59/100, 95% positive from 47,312 reviews, 6,169 current players.",Mine reviews for the exact language players use; niche love often exposes a product angle.
977,341800,Keep Talking and Nobody Explodes,https://store.steampowered.com/app/341800/Keep_Talking_and_Nobody_Explodes/,"Oct 8, 2015",$14.99,1499,0.0,Overwhelmingly Positive,98.0,8009.0,"['windows', 'mac', 'linux', 'vr']",https://shared.fastly.steamstatic.com/store_item_assets/steam/apps/341800/capsule_231x87.jpg?t=1699020889,2026-06-03T02:04:29.685Z,133.0,,,[],[],,,,,,28,100,60,45,56,Loved niche title,Underserved audience clue,Mid-market,General Steam audience,Paid upfront,Niche love - small but passionate audience,['loved-by-players'],[],"Keep Talking and Nobody Explodes is a loved niche title, opportunity score 56/100, 98% positive from 8,009 reviews, 133 current players.",Mine reviews for the exact language players use; niche love often exposes a product angle.
978,1501750,Lords of the Fallen,https://store.steampowered.com/app/1501750/Lords_of_the_Fallen/,"Oct 13, 2023",$29.99,2999,0.0,Mostly Positive,73.0,20017.0,['windows'],https://shared.fastly.steamstatic.com/store_item_assets/steam/apps/1501750/3d1695ae21ea5ca00e1e4015dda768b9b6ce1e8b/capsule_231x87.jpg?t=1773254369,2026-06-03T02:04:29.685Z,756.0,,,[],[],,,,,,33,82,60,45,53,Standard competitor,Baseline market data,Mid-market,General Steam audience,Paid upfront,Comparable baseline,[],[],"Lords of the Fallen is a standard competitor, opportunity score 53/100, 73% positive from 20,017 reviews, 756 current players.",Use as baseline competitor data; enrich with reviews for deeper sentiment intelligence.
979,427290,Vampyr,https://store.steampowered.com/app/427290/Vampyr/,"Jun 4, 2018",$3.99,399,90.0,Mostly Positive,76.0,8884.0,['windows'],https://shared.fastly.steamstatic.com/store_item_assets/steam/apps/427290/capsule_231x87.jpg?t=1773669973,2026-06-03T02:04:29.685Z,219.0,,,[],[],,,,,,29,84,90,45,58,Commercially aggressive,Pricing/monetization benchmark,Deep discount,General Steam audience,Discount-driven sales,Price pressure - competitor likely using discounts to drive rank,['aggressive-discounting'],[],"Vampyr is a commercially aggressive, opportunity score 58/100, 76% positive from 8,884 reviews, 219 current players, 90% discount.","Compare discount depth, price tier, and monetization model against similar titles."
980,2369900,Castlevania Dominus Collection,https://store.steampowered.com/app/2369900/Castlevania_Dominus_Collection/,"Aug 27, 2024",$17.49,1749,30.0,Overwhelmingly Positive,95.0,1376.0,['windows'],https://shared.fastly.steamstatic.com/store_item_assets/steam/apps/2369900/capsule_231x87.jpg?t=1745815495,2026-06-03T02:04:29.685Z,120.0,,,[],[],,,,,,24,100,60,45,54,Loved niche title,Underserved audience clue,Promotional discount,General Steam audience,Paid upfront,Niche love - small but passionate audience,['loved-by-players'],[],"Castlevania Dominus Collection is a loved niche title, opportunity score 54/100, 95% positive from 1,376 reviews, 120 current players, 30% discount.",Mine reviews for the exact language players use; niche love often exposes a product angle.
981,1996840,Guild Wars 2® Heart of Thorns® and Path of Fire™ Expansions,https://store.steampowered.com/app/1996840/Guild_Wars_2_Heart_of_Thorns_and_Path_of_Fire_Expansions/,"Aug 23, 2022",$29.99,2999,0.0,Mostly Positive,79.0,309.0,['windows'],https://shared.fastly.steamstatic.com/store_item_assets/steam/apps/1996840/77c3350a7874ab4a23f94bae00b72cb4b01c429b/capsule_231x87.jpg?t=1778527104,2026-06-03T02:04:29.685Z,0.0,,,[],[],,,,,,14,84,60,45,47,Standard competitor,Baseline market data,Mid-market,General Steam audience,Paid upfront,Comparable baseline,[],[],"Guild Wars 2® Heart of Thorns® and Path of Fire™ Expansions is a standard competitor, opportunity score 47/100, 79% positive from 309 reviews.",Use as baseline competitor data; enrich with reviews for deeper sentiment intelligence.
982,2671070,Crusader Kings III: Roads to Power,https://store.steampowered.com/app/2671070/Crusader_Kings_III_Roads_to_Power/,"Sep 24, 2024",$29.99,2999,0.0,Very Positive,85.0,1213.0,"['windows', 'mac', 'linux']",https://shared.fastly.steamstatic.com/store_item_assets/steam/apps/2671070/215da45280389b0a994dde23b457598676654f78/capsule_231x87.jpg?t=1776775698,2026-06-03T02:04:29.685Z,0.0,,,[],[],,,,,,17,91,60,45,50,Loved niche title,Underserved audience clue,Mid-market,General Steam audience,Paid upfront,Niche love - small but passionate audience,['loved-by-players'],[],"Crusader Kings III: Roads to Power is a loved niche title, opportunity score 50/100, 85% positive from 1,213 reviews.",Mine reviews for the exact language players use; niche love often exposes a product angle.
983,2434600,ShantyTown,https://store.steampowered.com/app/2434600/ShantyTown/,"Apr 16, 2026",$11.99,1199,20.0,Very Positive,98.0,295.0,"['windows', 'mac']",https://shared.fastly.steamstatic.com/store_item_assets/steam/apps/2434600/45bfd7162447bc82e4b6fea14fcb8105dbdd3ee9/capsule_231x87.jpg?t=1779279240,2026-06-03T02:04:29.685Z,38.0,,,[],[],,,,,,19,100,60,55,55,Loved niche title,Underserved audience clue,Mid-market,General Steam audience,Paid upfront,Niche love - small but passionate audience,"['loved-by-players', 'fresh-release']",[],"ShantyTown is a loved niche title, opportunity score 55/100, 98% positive from 295 reviews, 38 current players, 20% discount.",Mine reviews for the exact language players use; niche love often exposes a product angle.
984,213670,South Park™: The Stick of Truth™,https://store.steampowered.com/app/213670/South_Park_The_Stick_of_Truth/,"Mar 3, 2014",$7.49,749,75.0,Overwhelmingly Positive,97.0,30417.0,['windows'],https://shared.fastly.steamstatic.com/store_item_assets/steam/apps/213670/capsule_231x87.jpg?t=1777994062,2026-06-03T02:04:29.685Z,455.0,,,[],[],,,,,,33,100,90,45,64,Commercially aggressive,Pricing/monetization benchmark,Deep discount,General Steam audience,Discount-driven sales,Niche love - small but passionate audience,"['loved-by-players', 'aggressive-discounting']",[],"South Park™: The Stick of Truth™ is a commercially aggressive, opportunity score 64/100, 97% positive from 30,417 reviews, 455 current players, 75% discount.","Compare discount depth, price tier, and monetization model against similar titles."
985,1088850,Marvel's Guardians of the Galaxy,https://store.steampowered.com/app/1088850/Marvels_Guardians_of_the_Galaxy/,"Oct 26, 2021",$8.99,899,85.0,Very Positive,93.0,18554.0,['windows'],https://shared.fastly.steamstatic.com/store_item_assets/steam/apps/1088850/53f3b01bda1af49ddb58543bfd8a2f46c99b92fe/capsule_231x87.jpg?t=1774552265,2026-06-03T02:04:29.685Z,196.0,,,[],[],,,,,,31,100,90,45,63,Commercially aggressive,Pricing/monetization benchmark,Deep discount,General Steam audience,Discount-driven sales,Niche love - small but passionate audience,"['loved-by-players', 'aggressive-discounting']",[],"Marvel's Guardians of the Galaxy is a commercially aggressive, opportunity score 63/100, 93% positive from 18,554 reviews, 196 current players, 85% discount.","Compare discount depth, price tier, and monetization model against similar titles."
986,1432860,Sun Haven,https://store.steampowered.com/app/1432860/Sun_Haven/,"Mar 10, 2023",$24.99,2499,0.0,Very Positive,83.0,13026.0,"['windows', 'mac']",https://shared.fastly.steamstatic.com/store_item_assets/steam/apps/1432860/capsule_231x87.jpg?t=1741982676,2026-06-03T02:04:29.685Z,691.0,,,[],[],,,,,,31,91,60,45,55,Loved niche title,Underserved audience clue,Mid-market,General Steam audience,Paid upfront,Niche love - small but passionate audience,['loved-by-players'],[],"Sun Haven is a loved niche title, opportunity score 55/100, 83% positive from 13,026 reviews, 691 current players.",Mine reviews for the exact language players use; niche love often exposes a product angle.
987,1010822,Barony: Deserters & Disciples,https://store.steampowered.com/app/1010822/Barony_Deserters__Disciples/,"Jan 29, 2026",$7.99,799,0.0,Very Positive,89.0,174.0,"['windows', 'mac', 'linux']",https://shared.fastly.steamstatic.com/store_item_assets/steam/apps/1010822/04d773efdcda54a75180125105b617215e988f4a/capsule_231x87.jpg?t=1769703332,2026-06-03T02:04:29.685Z,0.0,,,[],[],,,,,,12,93,65,45,49,Loved niche title,Underserved audience clue,Budget,General Steam audience,Paid upfront,Niche love - small but passionate audience,['loved-by-players'],[],"Barony: Deserters & Disciples is a loved niche title, opportunity score 49/100, 89% positive from 174 reviews.",Mine reviews for the exact language players use; niche love often exposes a product angle.
988,3467040,Bookshop Simulator,https://store.steampowered.com/app/3467040/Bookshop_Simulator/,"Sep 16, 2025",$15.99,1599,0.0,Overwhelmingly Positive,95.0,1109.0,['windows'],https://shared.fastly.steamstatic.com/store_item_assets/steam/apps/3467040/2692f94640b7e14d4d23470fd93d7b5cd060eaf6/capsule_231x87.jpg?t=1775126002,2026-06-03T02:04:29.685Z,218.0,,,[],[],,,,,,24,100,60,45,54,Loved niche title,Underserved audience clue,Mid-market,General Steam audience,Paid upfront,Niche love - small but passionate audience,['loved-by-players'],[],"Bookshop Simulator is a loved niche title, opportunity score 54/100, 95% positive from 1,109 reviews, 218 current players.",Mine reviews for the exact language players use; niche love often exposes a product angle.
989,2133760,Tiny Bookshop,https://store.steampowered.com/app/2133760/Tiny_Bookshop/,"Aug 7, 2025",$19.99,1999,0.0,Overwhelmingly Positive,96.0,4543.0,"['windows', 'mac', 'linux']",https://shared.fastly.steamstatic.com/store_item_assets/steam/apps/2133760/c4b48e332931007d7e6d295062cac226c40ab7a6/capsule_231x87.jpg?t=1779373435,2026-06-03T02:04:29.686Z,293.0,,,[],[],,,,,,27,100,60,45,55,Loved niche title,Underserved audience clue,Mid-market,General Steam audience,Paid upfront,Niche love - small but passionate audience,['loved-by-players'],[],"Tiny Bookshop is a loved niche title, opportunity score 55/100, 96% positive from 4,543 reviews, 293 current players.",Mine reviews for the exact language players use; niche love often exposes a product angle.
990,55150,"Warhammer 40,000: Space Marine - Anniversary Edition",https://store.steampowered.com/app/55150/Warhammer_40000_Space_Marine__Anniversary_Edition/,"Sep 5, 2011",$9.99,999,75.0,Very Positive,92.0,11804.0,['windows'],https://shared.fastly.steamstatic.com/store_item_assets/steam/apps/55150/capsule_231x87.jpg?t=1773791506,2026-06-03T02:04:29.686Z,141.0,,,[],[],,,,,,29,100,90,45,62,Commercially aggressive,Pricing/monetization benchmark,Deep discount,General Steam audience,Discount-driven sales,Niche love - small but passionate audience,"['loved-by-players', 'aggressive-discounting']",[],"Warhammer 40,000: Space Marine - Anniversary Edition is a commercially aggressive, opportunity score 62/100, 92% positive from 11,804 reviews, 141 current players, 75% discount.","Compare discount depth, price tier, and monetization model against similar titles."
991,1648532,Icarus: New Frontiers Expansion,https://store.steampowered.com/app/1648532/Icarus_New_Frontiers_Expansion/,"Aug 24, 2023",$29.99,2999,0.0,Very Positive,84.0,513.0,['windows'],https://shared.fastly.steamstatic.com/store_item_assets/steam/apps/1648532/c510a0948c84f6e93b584d589e8f36dcd7818faa/capsule_231x87.jpg?t=1770264150,2026-06-03T02:04:29.686Z,0.0,,,[],[],,,,,,15,89,60,45,49,Loved niche title,Underserved audience clue,Mid-market,General Steam audience,Paid upfront,Niche love - small but passionate audience,['loved-by-players'],[],"Icarus: New Frontiers Expansion is a loved niche title, opportunity score 49/100, 84% positive from 513 reviews.",Mine reviews for the exact language players use; niche love often exposes a product angle.
992,1021210,Cyber Knights: Flashpoint,https://store.steampowered.com/app/1021210/Cyber_Knights_Flashpoint/,"Jun 2, 2025",$19.79,1979,34.0,Very Positive,93.0,2353.0,"['windows', 'mac', 'linux']",https://shared.fastly.steamstatic.com/store_item_assets/steam/apps/1021210/f9b900b316064e0f373f17af094d9fbaae5b6946/capsule_231x87.jpg?t=1779892566,2026-06-03T02:04:29.686Z,122.0,,,[],[],,,,,,25,100,60,45,55,Loved niche title,Underserved audience clue,Promotional discount,General Steam audience,Paid upfront,Niche love - small but passionate audience,['loved-by-players'],[],"Cyber Knights: Flashpoint is a loved niche title, opportunity score 55/100, 93% positive from 2,353 reviews, 122 current players, 34% discount.",Mine reviews for the exact language players use; niche love often exposes a product angle.
993,286690,Metro 2033 Redux,https://store.steampowered.com/app/286690/Metro_2033_Redux/,"Aug 25, 2014",$1.99,199,90.0,Very Positive,88.0,27550.0,"['windows', 'mac', 'linux']",https://shared.fastly.steamstatic.com/store_item_assets/steam/apps/286690/capsule_231x87.jpg?t=1741110084,2026-06-03T02:04:29.686Z,802.0,,,[],[],,,,,,33,97,90,45,63,Commercially aggressive,Pricing/monetization benchmark,Deep discount,General Steam audience,Discount-driven sales,Niche love - small but passionate audience,"['loved-by-players', 'aggressive-discounting']",[],"Metro 2033 Redux is a commercially aggressive, opportunity score 63/100, 88% positive from 27,550 reviews, 802 current players, 90% discount.","Compare discount depth, price tier, and monetization model against similar titles."
994,1656330,Destiny 2: The Witch Queen,https://store.steampowered.com/app/1656330/Destiny_2_The_Witch_Queen/,"Feb 22, 2022",$29.99,2999,0.0,Mostly Positive,75.0,1811.0,['windows'],https://shared.fastly.steamstatic.com/store_item_assets/steam/apps/1656330/capsule_231x87.jpg?t=1765904449,2026-06-03T02:04:29.686Z,0.0,,,[],[],,,,,,18,82,60,45,48,Standard competitor,Baseline market data,Mid-market,General Steam audience,Paid upfront,Comparable baseline,[],[],"Destiny 2: The Witch Queen is a standard competitor, opportunity score 48/100, 75% positive from 1,811 reviews.",Use as baseline competitor data; enrich with reviews for deeper sentiment intelligence.
995,1369670,Motor Town: Behind The Wheel,https://store.steampowered.com/app/1369670/Motor_Town_Behind_The_Wheel/,"Dec 17, 2021",$19.99,1999,0.0,Very Positive,93.0,5225.0,['windows'],https://shared.fastly.steamstatic.com/store_item_assets/steam/apps/1369670/capsule_231x87.jpg?t=1743269133,2026-06-03T02:04:29.686Z,721.0,,,[],[],,,,,,29,100,60,45,56,Loved niche title,Underserved audience clue,Mid-market,General Steam audience,Paid upfront,Niche love - small but passionate audience,['loved-by-players'],[],"Motor Town: Behind The Wheel is a loved niche title, opportunity score 56/100, 93% positive from 5,225 reviews, 721 current players.",Mine reviews for the exact language players use; niche love often exposes a product angle.
996,3596700,TerraTech Legion,https://store.steampowered.com/app/3596700/TerraTech_Legion/,"Apr 30, 2026",$9.99,999,0.0,Very Positive,81.0,1346.0,['windows'],https://shared.fastly.steamstatic.com/store_item_assets/steam/apps/3596700/b3fcdb6a829b43beaf4cb2eca0c961e4391152f8/capsule_231x87.jpg?t=1780301635,2026-06-03T02:04:29.686Z,571.0,,,[],[],,,,,,25,87,65,55,55,Loved niche title,Underserved audience clue,Budget,General Steam audience,Paid upfront,Niche love - small but passionate audience,"['loved-by-players', 'fresh-release']",[],"TerraTech Legion is a loved niche title, opportunity score 55/100, 81% positive from 1,346 reviews, 571 current players.",Mine reviews for the exact language players use; niche love often exposes a product angle.
997,4129920,Planet Coaster 2: Toybox Pack,https://store.steampowered.com/app/4129920/Planet_Coaster_2_Toybox_Pack/,"Dec 4, 2025",$8.44,844,35.0,Positive,87.0,39.0,['windows'],https://shared.fastly.steamstatic.com/store_item_assets/steam/apps/4129920/4522e56b3f192d54111aa25df318d6b942bc6540/capsule_231x87.jpg?t=1764846064,2026-06-03T02:04:29.686Z,0.0,,,[],[],,,,,,9,90,65,45,48,Loved niche title,Underserved audience clue,Promotional discount,General Steam audience,Paid upfront,Niche love - small but passionate audience,['loved-by-players'],['low-review-confidence'],"Planet Coaster 2: Toybox Pack is a loved niche title, opportunity score 48/100, 87% positive from 39 reviews, 35% discount.",Mine reviews for the exact language players use; niche love often exposes a product angle.
998,3417850,Stellaris: Shadows of the Shroud,https://store.steampowered.com/app/3417850/Stellaris_Shadows_of_the_Shroud/,"Sep 22, 2025",$19.99,1999,0.0,Mixed,41.0,325.0,"['windows', 'mac', 'linux']",https://shared.fastly.steamstatic.com/store_item_assets/steam/apps/3417850/894ae0c7f83466e10a68e8f4102703d61bcdf2bd/capsule_231x87.jpg?t=1768991185,2026-06-03T02:04:29.686Z,0.0,,,[],[],,,,,,13,46,60,45,37,Standard competitor,Baseline market data,Mid-market,General Steam audience,Paid upfront,Comparable baseline,[],['weak-player-sentiment'],"Stellaris: Shadows of the Shroud is a standard competitor, opportunity score 37/100, 41% positive from 325 reviews.",Use as baseline competitor data; enrich with reviews for deeper sentiment intelligence.
999,2415010,A Date with Death,https://store.steampowered.com/app/2415010/A_Date_with_Death/,"Dec 7, 2023",Free,0,,Overwhelmingly Positive,97.0,10339.0,"['windows', 'mac', 'linux']",https://shared.fastly.steamstatic.com/store_item_assets/steam/apps/2415010/capsule_231x87.jpg?t=1771278803,2026-06-03T02:05:15.296Z,287.0,,,[],[],,,,,,29,100,62,45,57,Loved niche title,Underserved audience clue,Free-to-play,General Steam audience,Free acquisition funnel,Niche love - small but passionate audience,"['loved-by-players', 'free-to-play']",[],"A Date with Death is a loved niche title, opportunity score 57/100, 97% positive from 10,339 reviews, 287 current players.",Mine reviews for the exact language players use; niche love often exposes a product angle.
1000,1147010,Frostpunk: On The Edge,https://store.steampowered.com/app/1147010/Frostpunk_On_The_Edge/,"Aug 20, 2020",$1.29,129,90.0,Mixed,47.0,1318.0,"['windows', 'mac']",https://shared.fastly.steamstatic.com/store_item_assets/steam/apps/1147010/capsule_231x87.jpg?t=1727863340,2026-06-03T02:05:15.296Z,0.0,,,[],[],,,,,,17,53,90,45,46,Commercially aggressive,Pricing/monetization benchmark,Deep discount,General Steam audience,Discount-driven sales,Price pressure - competitor likely using discounts to drive rank,['aggressive-discounting'],['weak-player-sentiment'],"Frostpunk: On The Edge is a commercially aggressive, opportunity score 46/100, 47% positive from 1,318 reviews, 90% discount.","Compare discount depth, price tier, and monetization model against similar titles."
